2026-05-07 00:30:32,054 | INFO | Exporting PyTorch model to ONNX: tmp_export_test\tiny.pt -> tmp_export_test\tiny.onnx
2026-05-07 00:30:32,109 | INFO | Using dummy input shape (1, 3, 16, 16), opset 17, dynamic batch axes: True
2026-05-07 00:30:39,121 | ERROR | PyTorch to ONNX export failed: 'charmap' codec can't encode character '\u2705' in position 91: character maps to <undefined>
Traceback (most recent call last):
  File "D:\ml-deploy-pipeline-production_gpt-main\ml-deploy-pipeline-production_gpt-main\convert\pytorch_to_onnx.py", line 60, in export
    torch.onnx.export(
  File "C:\Users\visha\AppData\Local\Programs\Python\Python311\Lib\site-packages\torch\onnx\__init__.py", line 291, in export
    return _compat.export_compat(
           ^^^^^^^^^^^^^^^^^^^^^^
  File "C:\Users\visha\AppData\Local\Programs\Python\Python311\Lib\site-packages\torch\onnx\_internal\exporter\_compat.py", line 161, in export_compat
    onnx_program = _core.export(
                   ^^^^^^^^^^^^^
  File "C:\Users\visha\AppData\Local\Programs\Python\Python311\Lib\site-packages\torch\onnx\_internal\exporter\_flags.py", line 27, in wrapper
    return func(*args, **kwargs)
           ^^^^^^^^^^^^^^^^^^^^^
  File "C:\Users\visha\AppData\Local\Programs\Python\Python311\Lib\site-packages\torch\onnx\_internal\exporter\_core.py", line 1376, in export
    result = strategy(model, args, kwargs, dynamic_shapes=dynamic_shapes)
             ^^^^^^^^^^^^^^^^^^^^^^^^^^^^^^^^^^^^^^^^^^^^^^^^^^^^^^^^^^^^
  File "C:\Users\visha\AppData\Local\Programs\Python\Python311\Lib\site-packages\torch\onnx\_internal\exporter\_capture_strategies.py", line 129, in __call__
    self._success(model)
  File "C:\Users\visha\AppData\Local\Programs\Python\Python311\Lib\site-packages\torch\onnx\_internal\exporter\_capture_strategies.py", line 253, in _success
    self._verbose_print(
  File "C:\Users\visha\AppData\Local\Programs\Python\Python311\Lib\site-packages\torch\onnx\_internal\exporter\_capture_strategies.py", line 31, in <lambda>
    return lambda *args, **kwargs: print("[torch.onnx]", *args, **kwargs)
                                   ^^^^^^^^^^^^^^^^^^^^^^^^^^^^^^^^^^^^^^
  File "C:\Users\visha\AppData\Local\Programs\Python\Python311\Lib\encodings\cp1252.py", line 19, in encode
    return codecs.charmap_encode(input,self.errors,encoding_table)[0]
           ^^^^^^^^^^^^^^^^^^^^^^^^^^^^^^^^^^^^^^^^^^^^^^^^^^^^^^^
UnicodeEncodeError: 'charmap' codec can't encode character '\u2705' in position 91: character maps to <undefined>
2026-05-07 00:30:51,550 | INFO | Exporting PyTorch model to ONNX: tmp_export_test\tiny.pt -> tmp_export_test\tiny.onnx
2026-05-07 00:30:51,566 | INFO | Using dummy input shape (1, 3, 16, 16), opset 17, dynamic batch axes: True
2026-05-07 00:30:51,829 | INFO | PyTorch ONNX export completed: tmp_export_test\tiny.onnx
2026-05-07 00:30:58,555 | INFO | Detected framework: pytorch
2026-05-07 00:30:58,555 | INFO | Exporting PyTorch model to ONNX: tmp_converter_test\tiny.pt -> converted\model.onnx
2026-05-07 00:30:58,578 | ERROR | PyTorch to ONNX export failed: mat1 and mat2 shapes cannot be multiplied (1x150528 and 12x3)
Traceback (most recent call last):
  File "D:\ml-deploy-pipeline-production_gpt-main\ml-deploy-pipeline-production_gpt-main\convert\pytorch_to_onnx.py", line 49, in export
    output_names = self._infer_output_names(torch, model, dummy_input)
                   ^^^^^^^^^^^^^^^^^^^^^^^^^^^^^^^^^^^^^^^^^^^^^^^^^^^
  File "D:\ml-deploy-pipeline-production_gpt-main\ml-deploy-pipeline-production_gpt-main\convert\pytorch_to_onnx.py", line 137, in _infer_output_names
    outputs = model(dummy_input)
              ^^^^^^^^^^^^^^^^^^
  File "C:\Users\visha\AppData\Local\Programs\Python\Python311\Lib\site-packages\torch\nn\modules\module.py", line 1779, in _wrapped_call_impl
    return self._call_impl(*args, **kwargs)
           ^^^^^^^^^^^^^^^^^^^^^^^^^^^^^^^^
  File "C:\Users\visha\AppData\Local\Programs\Python\Python311\Lib\site-packages\torch\nn\modules\module.py", line 1790, in _call_impl
    return forward_call(*args, **kwargs)
           ^^^^^^^^^^^^^^^^^^^^^^^^^^^^^
  File "C:\Users\visha\AppData\Local\Programs\Python\Python311\Lib\site-packages\torch\nn\modules\container.py", line 253, in forward
    input = module(input)
            ^^^^^^^^^^^^^
  File "C:\Users\visha\AppData\Local\Programs\Python\Python311\Lib\site-packages\torch\nn\modules\module.py", line 1779, in _wrapped_call_impl
    return self._call_impl(*args, **kwargs)
           ^^^^^^^^^^^^^^^^^^^^^^^^^^^^^^^^
  File "C:\Users\visha\AppData\Local\Programs\Python\Python311\Lib\site-packages\torch\nn\modules\module.py", line 1790, in _call_impl
    return forward_call(*args, **kwargs)
           ^^^^^^^^^^^^^^^^^^^^^^^^^^^^^
  File "C:\Users\visha\AppData\Local\Programs\Python\Python311\Lib\site-packages\torch\nn\modules\linear.py", line 134, in forward
    return F.linear(input, self.weight, self.bias)
           ^^^^^^^^^^^^^^^^^^^^^^^^^^^^^^^^^^^^^^^
RuntimeError: mat1 and mat2 shapes cannot be multiplied (1x150528 and 12x3)
2026-05-07 00:31:08,014 | INFO | Detected framework: pytorch
2026-05-07 00:31:08,014 | INFO | Exporting PyTorch model to ONNX: tmp_converter_test\tiny.pt -> converted\model.onnx
2026-05-07 00:31:08,043 | INFO | Using dummy input shape (1, 3, 224, 224), opset 17, dynamic batch axes: True
2026-05-07 00:31:08,235 | INFO | PyTorch ONNX export completed: converted\model.onnx
2026-05-07 00:31:28,193 | INFO | Detected framework: pytorch
2026-05-07 00:31:28,193 | INFO | Exporting PyTorch model to ONNX: tmp_converter_test\tiny.pt -> converted\model.onnx
2026-05-07 00:31:28,213 | INFO | Using dummy input shape (1, 3, 224, 224), opset 17, dynamic batch axes: True
2026-05-07 00:31:28,444 | INFO | PyTorch ONNX export completed: converted\model.onnx
2026-05-07 00:33:53,354 | INFO | Exporting PyTorch model to ONNX: tmp_quant_test\linear.pt -> tmp_quant_test\linear.onnx
2026-05-07 00:33:53,375 | INFO | Using dummy input shape (1, 3, 16, 16), opset 17, dynamic batch axes: True
2026-05-07 00:33:53,533 | INFO | PyTorch ONNX export completed: tmp_quant_test\linear.onnx
2026-05-07 00:33:53,533 | INFO | Optimizing model for target: Test Edge
2026-05-07 00:33:53,533 | INFO | Quantization strategy: int8
2026-05-07 00:33:54,377 | INFO | Running ONNX Runtime dynamic INT8 quantization: tmp_quant_test\linear.onnx -> output\linear_int8.onnx
2026-05-07 00:33:54,412 | WARNING | Please consider to run pre-processing before quantization. Refer to example: https://github.com/microsoft/onnxruntime-inference-examples/blob/main/quantization/image_classification/cpu/ReadMe.md 
2026-05-07 00:33:54,517 | INFO | Quantization parameters for tensor:"/0/Flatten_output_0" not specified
2026-05-07 00:33:54,523 | INFO | Quantization parameters for tensor:"/2/Relu_output_0" not specified
2026-05-07 00:33:54,526 | INFO | INT8 quantization completed: 0.19 MB -> 0.05 MB (73.79% compression)
2026-05-07 00:33:54,526 | INFO | Optimization pipeline completed
2026-05-07 00:34:20,078 | INFO | Exporting PyTorch model to ONNX: tmp_quant_test\linear.pt -> tmp_quant_test\linear.onnx
2026-05-07 00:34:20,096 | INFO | Using dummy input shape (1, 3, 16, 16), opset 17, dynamic batch axes: True
2026-05-07 00:34:20,242 | INFO | PyTorch ONNX export completed: tmp_quant_test\linear.onnx
2026-05-07 00:34:20,242 | INFO | Optimizing model for target: Test Edge
2026-05-07 00:34:20,242 | INFO | Quantization strategy: int8
2026-05-07 00:34:20,989 | INFO | Running ONNX Runtime dynamic INT8 quantization: tmp_quant_test\linear.onnx -> output\linear_int8.onnx
2026-05-07 00:34:21,005 | WARNING | Please consider to run pre-processing before quantization. Refer to example: https://github.com/microsoft/onnxruntime-inference-examples/blob/main/quantization/image_classification/cpu/ReadMe.md 
2026-05-07 00:34:21,063 | INFO | Quantization parameters for tensor:"/0/Flatten_output_0" not specified
2026-05-07 00:34:21,065 | INFO | Quantization parameters for tensor:"/2/Relu_output_0" not specified
2026-05-07 00:34:21,088 | INFO | INT8 quantization completed: 0.19 MB -> 0.05 MB (73.79% compression)
2026-05-07 00:34:21,088 | INFO | Optimization pipeline completed
2026-05-07 00:38:33,820 | INFO | Exporting PyTorch model to ONNX: tmp_fp16_test\linear.pt -> tmp_fp16_test\linear.onnx
2026-05-07 00:38:33,839 | INFO | Using dummy input shape (1, 3, 16, 16), opset 17, dynamic batch axes: True
2026-05-07 00:38:33,997 | INFO | PyTorch ONNX export completed: tmp_fp16_test\linear.onnx
2026-05-07 00:38:33,998 | INFO | Optimizing model for target: NVIDIA Jetson
2026-05-07 00:38:33,998 | INFO | Quantization strategy: fp16
2026-05-07 00:38:33,999 | INFO | Running ONNX FP16 conversion: tmp_fp16_test\linear.onnx -> output\linear_fp16.onnx
2026-05-07 00:38:34,124 | INFO | FP16 ONNX conversion completed: output\linear_fp16.onnx
2026-05-07 00:38:34,126 | INFO | FP16 optimization completed: 0.19 MB -> 0.10 MB (49.66% compression)
2026-05-07 00:38:34,126 | INFO | Optimization pipeline completed
2026-05-07 00:38:42,696 | INFO | Exporting PyTorch model to ONNX: tmp_int8_regression_test\linear.pt -> tmp_int8_regression_test\linear.onnx
2026-05-07 00:38:42,712 | INFO | Using dummy input shape (1, 3, 16, 16), opset 17, dynamic batch axes: True
2026-05-07 00:38:42,869 | INFO | PyTorch ONNX export completed: tmp_int8_regression_test\linear.onnx
2026-05-07 00:38:42,870 | INFO | Optimizing model for target: Raspberry Pi
2026-05-07 00:38:42,870 | INFO | Quantization strategy: int8
2026-05-07 00:38:43,612 | INFO | Running ONNX Runtime dynamic INT8 quantization: tmp_int8_regression_test\linear.onnx -> output\linear_int8.onnx
2026-05-07 00:38:43,616 | WARNING | Please consider to run pre-processing before quantization. Refer to example: https://github.com/microsoft/onnxruntime-inference-examples/blob/main/quantization/image_classification/cpu/ReadMe.md 
2026-05-07 00:38:43,687 | INFO | Quantization parameters for tensor:"/0/Flatten_output_0" not specified
2026-05-07 00:38:43,688 | INFO | Quantization parameters for tensor:"/2/Relu_output_0" not specified
2026-05-07 00:38:43,710 | INFO | INT8 optimization completed: 0.19 MB -> 0.05 MB (73.79% compression)
2026-05-07 00:38:43,710 | INFO | Optimization pipeline completed
2026-05-07 00:41:03,078 | INFO | Exporting PyTorch model to ONNX: tmp_bench_int8_test\linear.pt -> tmp_bench_int8_test\linear.onnx
2026-05-07 00:41:03,228 | INFO | Using dummy input shape (1, 3, 16, 16), opset 17, dynamic batch axes: True
2026-05-07 00:41:03,481 | INFO | PyTorch ONNX export completed: tmp_bench_int8_test\linear.onnx
2026-05-07 00:41:03,481 | INFO | Optimizing model for target: Raspberry Pi
2026-05-07 00:41:03,481 | INFO | Quantization strategy: int8
2026-05-07 00:41:04,565 | INFO | Running ONNX Runtime dynamic INT8 quantization: tmp_bench_int8_test\linear.onnx -> output\linear_int8.onnx
2026-05-07 00:41:04,587 | WARNING | Please consider to run pre-processing before quantization. Refer to example: https://github.com/microsoft/onnxruntime-inference-examples/blob/main/quantization/image_classification/cpu/ReadMe.md 
2026-05-07 00:41:04,663 | INFO | Quantization parameters for tensor:"/0/Flatten_output_0" not specified
2026-05-07 00:41:04,669 | INFO | Quantization parameters for tensor:"/2/Relu_output_0" not specified
2026-05-07 00:41:04,695 | INFO | Benchmarking ONNX model latency: tmp_bench_int8_test\linear.onnx
2026-05-07 00:41:04,784 | INFO | Benchmark completed for tmp_bench_int8_test\linear.onnx: avg 0.0190 ms, throughput 52748.18 infer/sec
2026-05-07 00:41:04,785 | INFO | Benchmarking ONNX model latency: output\linear_int8.onnx
2026-05-07 00:41:04,790 | INFO | Benchmark completed for output\linear_int8.onnx: avg 0.0225 ms, throughput 44373.45 infer/sec
2026-05-07 00:41:04,795 | INFO | Benchmark statistics report written: reports\benchmark_statistics.json
2026-05-07 00:41:04,798 | INFO | INT8 optimization completed: 0.19 MB -> 0.05 MB (73.79% compression)
2026-05-07 00:41:04,798 | INFO | Optimization pipeline completed
2026-05-07 00:41:12,370 | INFO | Exporting PyTorch model to ONNX: tmp_bench_fp16_test\linear.pt -> tmp_bench_fp16_test\linear.onnx
2026-05-07 00:41:12,455 | INFO | Using dummy input shape (1, 3, 16, 16), opset 17, dynamic batch axes: True
2026-05-07 00:41:12,603 | INFO | PyTorch ONNX export completed: tmp_bench_fp16_test\linear.onnx
2026-05-07 00:41:12,603 | INFO | Optimizing model for target: NVIDIA Jetson
2026-05-07 00:41:12,603 | INFO | Quantization strategy: fp16
2026-05-07 00:41:12,604 | INFO | Running ONNX FP16 conversion: tmp_bench_fp16_test\linear.onnx -> output\linear_fp16.onnx
2026-05-07 00:41:12,700 | INFO | FP16 ONNX conversion completed: output\linear_fp16.onnx
2026-05-07 00:41:12,700 | INFO | Benchmarking ONNX model latency: tmp_bench_fp16_test\linear.onnx
2026-05-07 00:41:12,818 | INFO | Benchmark completed for tmp_bench_fp16_test\linear.onnx: avg 0.0252 ms, throughput 39748.79 infer/sec
2026-05-07 00:41:12,819 | INFO | Benchmarking ONNX model latency: output\linear_fp16.onnx
2026-05-07 00:41:12,825 | INFO | Benchmark completed for output\linear_fp16.onnx: avg 0.0217 ms, throughput 46095.69 infer/sec
2026-05-07 00:41:12,828 | INFO | Benchmark statistics report written: reports\benchmark_statistics.json
2026-05-07 00:41:12,833 | INFO | FP16 optimization completed: 0.19 MB -> 0.10 MB (49.66% compression)
2026-05-07 00:41:12,833 | INFO | Optimization pipeline completed
2026-05-07 00:47:11,310 | INFO | Exporting PyTorch model to ONNX: tmp_accuracy_int8_test\linear.pt -> tmp_accuracy_int8_test\linear.onnx
2026-05-07 00:47:11,452 | INFO | Using dummy input shape (1, 3, 16, 16), opset 17, dynamic batch axes: True
2026-05-07 00:47:11,679 | INFO | PyTorch ONNX export completed: tmp_accuracy_int8_test\linear.onnx
2026-05-07 00:47:11,679 | INFO | Optimizing model for target: Raspberry Pi
2026-05-07 00:47:11,679 | INFO | Quantization strategy: int8
2026-05-07 00:47:13,589 | INFO | Running ONNX Runtime dynamic INT8 quantization: tmp_accuracy_int8_test\linear.onnx -> output\linear_int8.onnx
2026-05-07 00:47:13,617 | WARNING | Please consider to run pre-processing before quantization. Refer to example: https://github.com/microsoft/onnxruntime-inference-examples/blob/main/quantization/image_classification/cpu/ReadMe.md 
2026-05-07 00:47:13,698 | INFO | Quantization parameters for tensor:"/0/Flatten_output_0" not specified
2026-05-07 00:47:13,711 | INFO | Quantization parameters for tensor:"/2/Relu_output_0" not specified
2026-05-07 00:47:13,746 | INFO | Benchmarking ONNX model latency: tmp_accuracy_int8_test\linear.onnx
2026-05-07 00:47:13,885 | INFO | Benchmark completed for tmp_accuracy_int8_test\linear.onnx: avg 0.0309 ms, throughput 32333.16 infer/sec
2026-05-07 00:47:13,886 | INFO | Benchmarking ONNX model latency: output\linear_int8.onnx
2026-05-07 00:47:13,896 | INFO | Benchmark completed for output\linear_int8.onnx: avg 0.0263 ms, throughput 37985.26 infer/sec
2026-05-07 00:47:13,899 | INFO | Benchmark statistics report written: reports\benchmark_statistics.json
2026-05-07 00:47:13,900 | INFO | Validating ONNX inference accuracy: tmp_accuracy_int8_test\linear.onnx vs output\linear_int8.onnx
2026-05-07 00:47:13,908 | INFO | Accuracy validation report written: reports\accuracy_validation.json
2026-05-07 00:47:13,909 | INFO | Accuracy validation completed: MAE 0.00566544, MSE 0.00004008, cosine 0.99697335
2026-05-07 00:47:13,923 | INFO | INT8 optimization completed: 0.19 MB -> 0.05 MB (73.79% compression)
2026-05-07 00:47:13,923 | INFO | Optimization pipeline completed
2026-05-07 00:47:22,979 | INFO | Exporting PyTorch model to ONNX: tmp_accuracy_fp16_test\linear.pt -> tmp_accuracy_fp16_test\linear.onnx
2026-05-07 00:47:23,090 | INFO | Using dummy input shape (1, 3, 16, 16), opset 17, dynamic batch axes: True
2026-05-07 00:47:23,271 | INFO | PyTorch ONNX export completed: tmp_accuracy_fp16_test\linear.onnx
2026-05-07 00:47:23,271 | INFO | Optimizing model for target: NVIDIA Jetson
2026-05-07 00:47:23,271 | INFO | Quantization strategy: fp16
2026-05-07 00:47:23,272 | INFO | Running ONNX FP16 conversion: tmp_accuracy_fp16_test\linear.onnx -> output\linear_fp16.onnx
2026-05-07 00:47:23,395 | INFO | FP16 ONNX conversion completed: output\linear_fp16.onnx
2026-05-07 00:47:23,395 | INFO | Benchmarking ONNX model latency: tmp_accuracy_fp16_test\linear.onnx
2026-05-07 00:47:23,513 | INFO | Benchmark completed for tmp_accuracy_fp16_test\linear.onnx: avg 0.0181 ms, throughput 55321.97 infer/sec
2026-05-07 00:47:23,514 | INFO | Benchmarking ONNX model latency: output\linear_fp16.onnx
2026-05-07 00:47:23,519 | INFO | Benchmark completed for output\linear_fp16.onnx: avg 0.0212 ms, throughput 47076.55 infer/sec
2026-05-07 00:47:23,521 | INFO | Benchmark statistics report written: reports\benchmark_statistics.json
2026-05-07 00:47:23,521 | INFO | Validating ONNX inference accuracy: tmp_accuracy_fp16_test\linear.onnx vs output\linear_fp16.onnx
2026-05-07 00:47:23,528 | INFO | Accuracy validation report written: reports\accuracy_validation.json
2026-05-07 00:47:23,528 | INFO | Accuracy validation completed: MAE 0.00005229, MSE 0.00000000, cosine 0.99999996
2026-05-07 00:47:23,532 | INFO | FP16 optimization completed: 0.19 MB -> 0.10 MB (49.66% compression)
2026-05-07 00:47:23,533 | INFO | Optimization pipeline completed
2026-05-07 00:50:48,077 | INFO | Exporting PyTorch model to ONNX: tmp_graph_int8_test\linear.pt -> tmp_graph_int8_test\linear.onnx
2026-05-07 00:50:48,194 | INFO | Using dummy input shape (1, 3, 16, 16), opset 17, dynamic batch axes: True
2026-05-07 00:50:48,448 | INFO | PyTorch ONNX export completed: tmp_graph_int8_test\linear.onnx
2026-05-07 00:50:48,448 | INFO | Optimizing model for target: Raspberry Pi
2026-05-07 00:50:48,448 | INFO | Quantization strategy: int8
2026-05-07 00:50:48,451 | INFO | Running ONNX graph optimization: tmp_graph_int8_test\linear.onnx -> output\linear_graph_optimized.onnx
2026-05-07 00:50:48,633 | INFO | Graph optimization completed: 4 -> 3 nodes, 25.00% node reduction
2026-05-07 00:50:49,330 | INFO | Running ONNX Runtime dynamic INT8 quantization: output\linear_graph_optimized.onnx -> output\linear_int8.onnx
2026-05-07 00:50:49,356 | WARNING | Please consider to run pre-processing before quantization. Refer to example: https://github.com/microsoft/onnxruntime-inference-examples/blob/main/quantization/image_classification/cpu/ReadMe.md 
2026-05-07 00:50:49,398 | INFO | Quantization parameters for tensor:"/2/Relu_output_0" not specified
2026-05-07 00:50:49,407 | ERROR | Optimization pipeline failed: Unable to find data type for weight_name='output_MatMul'. shape_inference failed to return a type probably this node is from a different domain or using an input produced by such an operator. This may happen if you quantize a model already quantized. You may use extra_options `DefaultTensorType` to indicate the default weight type, usually `onnx.TensorProto.FLOAT`.
Traceback (most recent call last):
  File "D:\ml-deploy-pipeline-production_gpt-main\ml-deploy-pipeline-production_gpt-main\optimize\smart_optimizer.py", line 62, in optimize
    graph_stats = backend["optimizer"](precision_input_model, optimized_model)
                  ^^^^^^^^^^^^^^^^^^^^^^^^^^^^^^^^^^^^^^^^^^^^^^^^^^^^^^^^^^^^
  File "D:\ml-deploy-pipeline-production_gpt-main\ml-deploy-pipeline-production_gpt-main\optimize\smart_optimizer.py", line 207, in _quantize_dynamic_int8
    quantize_dynamic(
  File "C:\Users\visha\AppData\Local\Programs\Python\Python311\Lib\site-packages\onnxruntime\quantization\quantize.py", line 892, in quantize_dynamic
    quantizer.quantize_model()
  File "C:\Users\visha\AppData\Local\Programs\Python\Python311\Lib\site-packages\onnxruntime\quantization\onnx_quantizer.py", line 212, in quantize_model
    op_quantizer.quantize()
  File "C:\Users\visha\AppData\Local\Programs\Python\Python311\Lib\site-packages\onnxruntime\quantization\operators\matmul.py", line 78, in quantize
    otype = self.quantizer.get_tensor_type(node.output[0], mandatory=True)
            ^^^^^^^^^^^^^^^^^^^^^^^^^^^^^^^^^^^^^^^^^^^^^^^^^^^^^^^^^^^^^^
  File "C:\Users\visha\AppData\Local\Programs\Python\Python311\Lib\site-packages\onnxruntime\quantization\onnx_quantizer.py", line 272, in get_tensor_type
    return self._get_default_tensor_type(tensor_name)
           ^^^^^^^^^^^^^^^^^^^^^^^^^^^^^^^^^^^^^^^^^^
  File "C:\Users\visha\AppData\Local\Programs\Python\Python311\Lib\site-packages\onnxruntime\quantization\onnx_quantizer.py", line 251, in _get_default_tensor_type
    raise RuntimeError(
RuntimeError: Unable to find data type for weight_name='output_MatMul'. shape_inference failed to return a type probably this node is from a different domain or using an input produced by such an operator. This may happen if you quantize a model already quantized. You may use extra_options `DefaultTensorType` to indicate the default weight type, usually `onnx.TensorProto.FLOAT`.
2026-05-07 00:51:04,369 | INFO | Exporting PyTorch model to ONNX: tmp_graph_int8_test\linear.pt -> tmp_graph_int8_test\linear.onnx
2026-05-07 00:51:04,452 | INFO | Using dummy input shape (1, 3, 16, 16), opset 17, dynamic batch axes: True
2026-05-07 00:51:04,604 | INFO | PyTorch ONNX export completed: tmp_graph_int8_test\linear.onnx
2026-05-07 00:51:04,604 | INFO | Optimizing model for target: Raspberry Pi
2026-05-07 00:51:04,604 | INFO | Quantization strategy: int8
2026-05-07 00:51:04,605 | INFO | Running ONNX graph optimization: tmp_graph_int8_test\linear.onnx -> output\linear_graph_optimized.onnx
2026-05-07 00:51:04,762 | INFO | Graph optimization completed: 4 -> 3 nodes, 25.00% node reduction
2026-05-07 00:51:05,366 | INFO | Running ONNX Runtime dynamic INT8 quantization: output\linear_graph_optimized.onnx -> output\linear_int8.onnx
2026-05-07 00:51:05,397 | WARNING | Please consider to run pre-processing before quantization. Refer to example: https://github.com/microsoft/onnxruntime-inference-examples/blob/main/quantization/image_classification/cpu/ReadMe.md 
2026-05-07 00:51:05,437 | INFO | Quantization parameters for tensor:"/2/Relu_output_0" not specified
2026-05-07 00:51:05,437 | INFO | get_tensor_type returns DefaultTensorType for tensor name 'output_MatMul', use 1
2026-05-07 00:51:05,469 | INFO | Benchmarking ONNX model latency: tmp_graph_int8_test\linear.onnx
2026-05-07 00:51:05,500 | INFO | Benchmark completed for tmp_graph_int8_test\linear.onnx: avg 0.0187 ms, throughput 53607.81 infer/sec
2026-05-07 00:51:05,500 | INFO | Benchmarking ONNX model latency: output\linear_int8.onnx
2026-05-07 00:51:05,508 | INFO | Benchmark completed for output\linear_int8.onnx: avg 0.0250 ms, throughput 40019.21 infer/sec
2026-05-07 00:51:05,513 | INFO | Benchmark statistics report written: reports\benchmark_statistics.json
2026-05-07 00:51:05,513 | INFO | Validating ONNX inference accuracy: tmp_graph_int8_test\linear.onnx vs output\linear_int8.onnx
2026-05-07 00:51:05,520 | INFO | Accuracy validation report written: reports\accuracy_validation.json
2026-05-07 00:51:05,520 | INFO | Accuracy validation completed: MAE 0.00289000, MSE 0.00004345, cosine 0.99869172
2026-05-07 00:51:05,524 | INFO | INT8 optimization completed: 0.19 MB -> 0.19 MB (0.45% compression)
2026-05-07 00:51:05,525 | INFO | Optimization pipeline completed
2026-05-07 00:51:13,986 | INFO | Exporting PyTorch model to ONNX: tmp_graph_fp16_test\linear.pt -> tmp_graph_fp16_test\linear.onnx
2026-05-07 00:51:14,082 | INFO | Using dummy input shape (1, 3, 16, 16), opset 17, dynamic batch axes: True
2026-05-07 00:51:14,248 | INFO | PyTorch ONNX export completed: tmp_graph_fp16_test\linear.onnx
2026-05-07 00:51:14,248 | INFO | Optimizing model for target: NVIDIA Jetson
2026-05-07 00:51:14,248 | INFO | Quantization strategy: fp16
2026-05-07 00:51:14,249 | INFO | Running ONNX graph optimization: tmp_graph_fp16_test\linear.onnx -> output\linear_graph_optimized.onnx
2026-05-07 00:51:14,415 | INFO | Graph optimization completed: 4 -> 3 nodes, 25.00% node reduction
2026-05-07 00:51:14,416 | INFO | Running ONNX FP16 conversion: output\linear_graph_optimized.onnx -> output\linear_fp16.onnx
2026-05-07 00:51:14,469 | INFO | FP16 ONNX conversion completed: output\linear_fp16.onnx
2026-05-07 00:51:14,471 | INFO | Benchmarking ONNX model latency: tmp_graph_fp16_test\linear.onnx
2026-05-07 00:51:14,491 | INFO | Benchmark completed for tmp_graph_fp16_test\linear.onnx: avg 0.0218 ms, throughput 45955.88 infer/sec
2026-05-07 00:51:14,492 | INFO | Benchmarking ONNX model latency: output\linear_fp16.onnx
2026-05-07 00:51:14,496 | INFO | Benchmark completed for output\linear_fp16.onnx: avg 0.0202 ms, throughput 49603.18 infer/sec
2026-05-07 00:51:14,497 | INFO | Benchmark statistics report written: reports\benchmark_statistics.json
2026-05-07 00:51:14,497 | INFO | Validating ONNX inference accuracy: tmp_graph_fp16_test\linear.onnx vs output\linear_fp16.onnx
2026-05-07 00:51:14,504 | INFO | Accuracy validation report written: reports\accuracy_validation.json
2026-05-07 00:51:14,504 | INFO | Accuracy validation completed: MAE 0.00003758, MSE 0.00000000, cosine 0.99999996
2026-05-07 00:51:14,508 | INFO | FP16 optimization completed: 0.19 MB -> 0.10 MB (49.58% compression)
2026-05-07 00:51:14,508 | INFO | Optimization pipeline completed
2026-05-07 00:51:24,096 | INFO | Exporting PyTorch model to ONNX: tmp_graph_disabled_test\linear.pt -> tmp_graph_disabled_test\linear.onnx
2026-05-07 00:51:24,169 | INFO | Using dummy input shape (1, 3, 16, 16), opset 17, dynamic batch axes: True
2026-05-07 00:51:24,313 | INFO | PyTorch ONNX export completed: tmp_graph_disabled_test\linear.onnx
2026-05-07 00:51:24,314 | INFO | Optimizing model for target: No Graph Opt
2026-05-07 00:51:24,314 | INFO | Quantization strategy: fp16
2026-05-07 00:51:24,315 | INFO | Graph optimization disabled by hardware profile
2026-05-07 00:51:24,315 | INFO | Running ONNX FP16 conversion: tmp_graph_disabled_test\linear.onnx -> output\linear_fp16.onnx
2026-05-07 00:51:24,405 | INFO | FP16 ONNX conversion completed: output\linear_fp16.onnx
2026-05-07 00:51:24,405 | INFO | Benchmarking ONNX model latency: tmp_graph_disabled_test\linear.onnx
2026-05-07 00:51:24,519 | INFO | Benchmark completed for tmp_graph_disabled_test\linear.onnx: avg 0.0133 ms, throughput 75233.23 infer/sec
2026-05-07 00:51:24,520 | INFO | Benchmarking ONNX model latency: output\linear_fp16.onnx
2026-05-07 00:51:24,524 | INFO | Benchmark completed for output\linear_fp16.onnx: avg 0.0213 ms, throughput 46855.97 infer/sec
2026-05-07 00:51:24,526 | INFO | Benchmark statistics report written: reports\benchmark_statistics.json
2026-05-07 00:51:24,526 | INFO | Validating ONNX inference accuracy: tmp_graph_disabled_test\linear.onnx vs output\linear_fp16.onnx
2026-05-07 00:51:24,531 | INFO | Accuracy validation report written: reports\accuracy_validation.json
2026-05-07 00:51:24,531 | INFO | Accuracy validation completed: MAE 0.00006292, MSE 0.00000000, cosine 0.99999996
2026-05-07 00:51:24,535 | INFO | FP16 optimization completed: 0.02 MB -> 0.01 MB (48.01% compression)
2026-05-07 00:51:24,535 | INFO | Optimization pipeline completed
2026-05-07 00:53:22,735 | INFO | Detected framework: pytorch
2026-05-07 00:53:22,736 | INFO | Running PyTorch structured pruning: tmp_prune_convert_test\tiny.pt -> output\tiny_pruned.pt, ratio 0.2500
2026-05-07 00:53:22,770 | INFO | Pruning statistics report written: reports\pruning_statistics.json
2026-05-07 00:53:22,770 | INFO | Structured pruning completed: 23.85% sparsity, 23.85% estimated compression improvement
2026-05-07 00:53:22,770 | INFO | Exporting PyTorch model to ONNX: output\tiny_pruned.pt -> converted\model.onnx
2026-05-07 00:53:22,817 | INFO | Using dummy input shape (1, 3, 224, 224), opset 17, dynamic batch axes: True
2026-05-07 00:53:22,995 | INFO | PyTorch ONNX export completed: converted\model.onnx
2026-05-07 00:53:34,055 | INFO | Detected framework: pytorch
2026-05-07 00:53:34,055 | INFO | Running PyTorch structured pruning: tmp_prune_pipeline_test\tiny.pt -> output\tiny_pruned.pt, ratio 0.2500
2026-05-07 00:53:34,077 | INFO | Pruning statistics report written: reports\pruning_statistics.json
2026-05-07 00:53:34,077 | INFO | Structured pruning completed: 23.85% sparsity, 23.85% estimated compression improvement
2026-05-07 00:53:34,077 | INFO | Exporting PyTorch model to ONNX: output\tiny_pruned.pt -> converted\model.onnx
2026-05-07 00:53:34,185 | INFO | Using dummy input shape (1, 3, 224, 224), opset 17, dynamic batch axes: True
2026-05-07 00:53:34,379 | INFO | PyTorch ONNX export completed: converted\model.onnx
2026-05-07 00:53:34,380 | INFO | Optimizing model for target: Pruned Edge
2026-05-07 00:53:34,380 | INFO | Quantization strategy: fp16
2026-05-07 00:53:34,381 | INFO | Graph optimization disabled by hardware profile
2026-05-07 00:53:34,382 | INFO | Running ONNX FP16 conversion: converted\model.onnx -> output\model_fp16.onnx
2026-05-07 00:53:34,493 | INFO | FP16 ONNX conversion completed: output\model_fp16.onnx
2026-05-07 00:53:34,493 | INFO | Benchmarking ONNX model latency: converted\model.onnx
2026-05-07 00:53:34,617 | INFO | Benchmark completed for converted\model.onnx: avg 0.2132 ms, throughput 4689.64 infer/sec
2026-05-07 00:53:34,618 | INFO | Benchmarking ONNX model latency: output\model_fp16.onnx
2026-05-07 00:53:34,637 | INFO | Benchmark completed for output\model_fp16.onnx: avg 0.2419 ms, throughput 4134.11 infer/sec
2026-05-07 00:53:34,639 | INFO | Benchmark statistics report written: reports\benchmark_statistics.json
2026-05-07 00:53:34,639 | INFO | Validating ONNX inference accuracy: converted\model.onnx vs output\model_fp16.onnx
2026-05-07 00:53:34,649 | INFO | Accuracy validation report written: reports\accuracy_validation.json
2026-05-07 00:53:34,649 | INFO | Accuracy validation completed: MAE 0.00003113, MSE 0.00000000, cosine 0.99999998
2026-05-07 00:53:34,653 | INFO | FP16 optimization completed: 0.00 MB -> 0.00 MB (1.85% compression)
2026-05-07 00:53:34,654 | INFO | Optimization pipeline completed
2026-05-07 00:59:30,532 | INFO | Starting universal ML deployment pipeline
2026-05-07 00:59:30,532 | INFO | Detected framework: pytorch
2026-05-07 00:59:30,532 | INFO | Structured pruning disabled for PyTorch export
2026-05-07 00:59:30,532 | INFO | Exporting PyTorch model to ONNX: input\yolov5m.pt -> converted\model.onnx
2026-05-07 00:59:35,207 | ERROR | PyTorch to ONNX export failed: No module named 'models.yolo'
Traceback (most recent call last):
  File "D:\ml-deploy-pipeline-production_gpt-main\ml-deploy-pipeline-production_gpt-main\convert\pytorch_to_onnx.py", line 45, in export
    model = self._load_model(torch, model_path)
            ^^^^^^^^^^^^^^^^^^^^^^^^^^^^^^^^^^^
  File "D:\ml-deploy-pipeline-production_gpt-main\ml-deploy-pipeline-production_gpt-main\convert\pytorch_to_onnx.py", line 119, in _load_model
    artifact = torch.load(
               ^^^^^^^^^^^
  File "D:\ml-deploy-pipeline-production_gpt-main\ml-deploy-pipeline-production_gpt-main\venv\Lib\site-packages\torch\serialization.py", line 1579, in load
    return _load(
           ^^^^^^
  File "D:\ml-deploy-pipeline-production_gpt-main\ml-deploy-pipeline-production_gpt-main\venv\Lib\site-packages\torch\serialization.py", line 2190, in _load
    result = unpickler.load()
             ^^^^^^^^^^^^^^^^
  File "D:\ml-deploy-pipeline-production_gpt-main\ml-deploy-pipeline-production_gpt-main\venv\Lib\site-packages\torch\serialization.py", line 2179, in find_class
    return super().find_class(mod_name, name)
           ^^^^^^^^^^^^^^^^^^^^^^^^^^^^^^^^^^
ModuleNotFoundError: No module named 'models.yolo'
2026-05-07 01:03:19,120 | INFO | Exporting PyTorch model to ONNX: tmp_generic_loader_test\generic.pt -> tmp_generic_loader_test\generic.onnx
2026-05-07 01:03:19,136 | INFO | Loaded PyTorch model with standard torch.load
2026-05-07 01:03:19,168 | INFO | Using dummy input shape (1, 3, 16, 16), opset 17, dynamic batch axes: True
2026-05-07 01:03:19,428 | INFO | PyTorch ONNX export completed: tmp_generic_loader_test\generic.onnx
2026-05-07 01:03:30,534 | INFO | Exporting PyTorch model to ONNX: tmp_ultralytics_fallback_test\yolov8n.pt -> tmp_ultralytics_fallback_test\yolo_fake.onnx
2026-05-07 01:03:30,534 | WARNING | Standard torch.load model loading failed for tmp_ultralytics_fallback_test\yolov8n.pt: forced standard load failure
2026-05-07 01:03:30,534 | INFO | Trying Ultralytics loader fallback for tmp_ultralytics_fallback_test\yolov8n.pt
2026-05-07 01:03:30,534 | INFO | Loaded YOLO/Ultralytics checkpoint with Ultralytics APIs
2026-05-07 01:03:30,550 | INFO | Using dummy input shape (1, 3, 16, 16), opset 17, dynamic batch axes: True
2026-05-07 01:03:30,744 | INFO | PyTorch ONNX export completed: tmp_ultralytics_fallback_test\yolo_fake.onnx
2026-05-07 01:07:17,155 | INFO | Starting universal ML deployment pipeline
2026-05-07 01:07:17,155 | INFO | Detected framework: pytorch
2026-05-07 01:07:17,155 | INFO | Structured pruning disabled for PyTorch export
2026-05-07 01:07:17,155 | INFO | Exporting PyTorch model to ONNX: input\yolov5m.pt -> converted\model.onnx
2026-05-07 01:07:20,510 | WARNING | Standard torch.load model loading failed for input\yolov5m.pt: No module named 'models.yolo'
2026-05-07 01:07:20,511 | INFO | Trying Ultralytics loader fallback for input\yolov5m.pt
2026-05-07 01:07:29,644 | ERROR | PyTorch to ONNX export failed: Failed to load YOLO/Ultralytics checkpoint 'input\yolov5m.pt'
Traceback (most recent call last):
  File "D:\ml-deploy-pipeline-production_gpt-main\ml-deploy-pipeline-production_gpt-main\convert\pytorch_to_onnx.py", line 120, in _load_model
    artifact = self._torch_load(torch, model_path)
               ^^^^^^^^^^^^^^^^^^^^^^^^^^^^^^^^^^^
  File "D:\ml-deploy-pipeline-production_gpt-main\ml-deploy-pipeline-production_gpt-main\convert\pytorch_to_onnx.py", line 156, in _torch_load
    return torch.load(
           ^^^^^^^^^^^
  File "D:\ml-deploy-pipeline-production_gpt-main\ml-deploy-pipeline-production_gpt-main\venv\Lib\site-packages\torch\serialization.py", line 1579, in load
    return _load(
           ^^^^^^
  File "D:\ml-deploy-pipeline-production_gpt-main\ml-deploy-pipeline-production_gpt-main\venv\Lib\site-packages\torch\serialization.py", line 2190, in _load
    result = unpickler.load()
             ^^^^^^^^^^^^^^^^
  File "D:\ml-deploy-pipeline-production_gpt-main\ml-deploy-pipeline-production_gpt-main\venv\Lib\site-packages\torch\serialization.py", line 2179, in find_class
    return super().find_class(mod_name, name)
           ^^^^^^^^^^^^^^^^^^^^^^^^^^^^^^^^^^
ModuleNotFoundError: No module named 'models.yolo'

During handling of the above exception, another exception occurred:

Traceback (most recent call last):
  File "D:\ml-deploy-pipeline-production_gpt-main\ml-deploy-pipeline-production_gpt-main\venv\Lib\site-packages\ultralytics\nn\tasks.py", line 1463, in torch_safe_load
    ckpt = torch_load(file, map_location="cpu")
           ^^^^^^^^^^^^^^^^^^^^^^^^^^^^^^^^^^^^
  File "D:\ml-deploy-pipeline-production_gpt-main\ml-deploy-pipeline-production_gpt-main\venv\Lib\site-packages\ultralytics\utils\patches.py", line 181, in torch_load
    return torch.load(*args, **kwargs)
           ^^^^^^^^^^^^^^^^^^^^^^^^^^^
  File "D:\ml-deploy-pipeline-production_gpt-main\ml-deploy-pipeline-production_gpt-main\venv\Lib\site-packages\torch\serialization.py", line 1579, in load
    return _load(
           ^^^^^^
  File "D:\ml-deploy-pipeline-production_gpt-main\ml-deploy-pipeline-production_gpt-main\venv\Lib\site-packages\torch\serialization.py", line 2190, in _load
    result = unpickler.load()
             ^^^^^^^^^^^^^^^^
  File "D:\ml-deploy-pipeline-production_gpt-main\ml-deploy-pipeline-production_gpt-main\venv\Lib\site-packages\torch\serialization.py", line 2179, in find_class
    return super().find_class(mod_name, name)
           ^^^^^^^^^^^^^^^^^^^^^^^^^^^^^^^^^^
ModuleNotFoundError: No module named 'models.yolo'

During handling of the above exception, another exception occurred:

Traceback (most recent call last):
  File "D:\ml-deploy-pipeline-production_gpt-main\ml-deploy-pipeline-production_gpt-main\convert\pytorch_to_onnx.py", line 186, in _load_ultralytics_model
    yolo_model = YOLO(str(model_path))
                 ^^^^^^^^^^^^^^^^^^^^^
  File "D:\ml-deploy-pipeline-production_gpt-main\ml-deploy-pipeline-production_gpt-main\venv\Lib\site-packages\ultralytics\models\yolo\model.py", line 76, in __init__
    super().__init__(model=model, task=task, verbose=verbose)
  File "D:\ml-deploy-pipeline-production_gpt-main\ml-deploy-pipeline-production_gpt-main\venv\Lib\site-packages\ultralytics\engine\model.py", line 144, in __init__
    self._load(model, task=task)
  File "D:\ml-deploy-pipeline-production_gpt-main\ml-deploy-pipeline-production_gpt-main\venv\Lib\site-packages\ultralytics\engine\model.py", line 283, in _load
    self.model, self.ckpt = load_checkpoint(weights)
                            ^^^^^^^^^^^^^^^^^^^^^^^^
  File "D:\ml-deploy-pipeline-production_gpt-main\ml-deploy-pipeline-production_gpt-main\venv\Lib\site-packages\ultralytics\nn\tasks.py", line 1517, in load_checkpoint
    ckpt, weight = torch_safe_load(weight)  # load ckpt
                   ^^^^^^^^^^^^^^^^^^^^^^^
  File "D:\ml-deploy-pipeline-production_gpt-main\ml-deploy-pipeline-production_gpt-main\venv\Lib\site-packages\ultralytics\nn\tasks.py", line 1489, in torch_safe_load
    ckpt = torch_load(file, map_location="cpu")
           ^^^^^^^^^^^^^^^^^^^^^^^^^^^^^^^^^^^^
  File "D:\ml-deploy-pipeline-production_gpt-main\ml-deploy-pipeline-production_gpt-main\venv\Lib\site-packages\ultralytics\utils\patches.py", line 181, in torch_load
    return torch.load(*args, **kwargs)
           ^^^^^^^^^^^^^^^^^^^^^^^^^^^
  File "D:\ml-deploy-pipeline-production_gpt-main\ml-deploy-pipeline-production_gpt-main\venv\Lib\site-packages\torch\serialization.py", line 1579, in load
    return _load(
           ^^^^^^
  File "D:\ml-deploy-pipeline-production_gpt-main\ml-deploy-pipeline-production_gpt-main\venv\Lib\site-packages\torch\serialization.py", line 2190, in _load
    result = unpickler.load()
             ^^^^^^^^^^^^^^^^
  File "D:\ml-deploy-pipeline-production_gpt-main\ml-deploy-pipeline-production_gpt-main\venv\Lib\site-packages\torch\serialization.py", line 2179, in find_class
    return super().find_class(mod_name, name)
           ^^^^^^^^^^^^^^^^^^^^^^^^^^^^^^^^^^
ModuleNotFoundError: No module named 'models.yolo'

The above exception was the direct cause of the following exception:

Traceback (most recent call last):
  File "D:\ml-deploy-pipeline-production_gpt-main\ml-deploy-pipeline-production_gpt-main\convert\pytorch_to_onnx.py", line 45, in export
    model = self._load_model(torch, model_path)
            ^^^^^^^^^^^^^^^^^^^^^^^^^^^^^^^^^^^
  File "D:\ml-deploy-pipeline-production_gpt-main\ml-deploy-pipeline-production_gpt-main\convert\pytorch_to_onnx.py", line 140, in _load_model
    return self._load_ultralytics_model(torch, model_path)
           ^^^^^^^^^^^^^^^^^^^^^^^^^^^^^^^^^^^^^^^^^^^^^^^
  File "D:\ml-deploy-pipeline-production_gpt-main\ml-deploy-pipeline-production_gpt-main\convert\pytorch_to_onnx.py", line 202, in _load_ultralytics_model
    raise PyTorchOnnxExportError(
convert.pytorch_to_onnx.PyTorchOnnxExportError: Failed to load YOLO/Ultralytics checkpoint 'input\yolov5m.pt'
2026-05-07 01:11:30,469 | INFO | Starting universal ML deployment pipeline
2026-05-07 01:11:30,469 | INFO | Detected framework: pytorch
2026-05-07 01:11:30,469 | INFO | Structured pruning disabled for PyTorch export
2026-05-07 01:11:30,469 | INFO | Exporting PyTorch model to ONNX: input\yolov8m.pt -> converted\model.onnx
2026-05-07 01:11:32,711 | INFO | Loaded PyTorch model with standard torch.load
2026-05-07 01:11:32,750 | ERROR | PyTorch to ONNX export failed: Input type (torch.FloatTensor) and weight type (torch.HalfTensor) should be the same or input should be a MKLDNN tensor and weight is a dense tensor
Traceback (most recent call last):
  File "D:\ml-deploy-pipeline-production_gpt-main\ml-deploy-pipeline-production_gpt-main\convert\pytorch_to_onnx.py", line 50, in export
    output_names = self._infer_output_names(torch, model, dummy_input)
                   ^^^^^^^^^^^^^^^^^^^^^^^^^^^^^^^^^^^^^^^^^^^^^^^^^^^
  File "D:\ml-deploy-pipeline-production_gpt-main\ml-deploy-pipeline-production_gpt-main\convert\pytorch_to_onnx.py", line 266, in _infer_output_names
    outputs = model(dummy_input)
              ^^^^^^^^^^^^^^^^^^
  File "D:\ml-deploy-pipeline-production_gpt-main\ml-deploy-pipeline-production_gpt-main\venv\Lib\site-packages\torch\nn\modules\module.py", line 1779, in _wrapped_call_impl
    return self._call_impl(*args, **kwargs)
           ^^^^^^^^^^^^^^^^^^^^^^^^^^^^^^^^
  File "D:\ml-deploy-pipeline-production_gpt-main\ml-deploy-pipeline-production_gpt-main\venv\Lib\site-packages\torch\nn\modules\module.py", line 1790, in _call_impl
    return forward_call(*args, **kwargs)
           ^^^^^^^^^^^^^^^^^^^^^^^^^^^^^
  File "D:\ml-deploy-pipeline-production_gpt-main\ml-deploy-pipeline-production_gpt-main\venv\Lib\site-packages\ultralytics\nn\tasks.py", line 142, in forward
    return self.predict(x, *args, **kwargs)
           ^^^^^^^^^^^^^^^^^^^^^^^^^^^^^^^^
  File "D:\ml-deploy-pipeline-production_gpt-main\ml-deploy-pipeline-production_gpt-main\venv\Lib\site-packages\ultralytics\nn\tasks.py", line 159, in predict
    return self._predict_once(x, profile, visualize, embed)
           ^^^^^^^^^^^^^^^^^^^^^^^^^^^^^^^^^^^^^^^^^^^^^^^^
  File "D:\ml-deploy-pipeline-production_gpt-main\ml-deploy-pipeline-production_gpt-main\venv\Lib\site-packages\ultralytics\nn\tasks.py", line 181, in _predict_once
    x = m(x)  # run
        ^^^^
  File "D:\ml-deploy-pipeline-production_gpt-main\ml-deploy-pipeline-production_gpt-main\venv\Lib\site-packages\torch\nn\modules\module.py", line 1779, in _wrapped_call_impl
    return self._call_impl(*args, **kwargs)
           ^^^^^^^^^^^^^^^^^^^^^^^^^^^^^^^^
  File "D:\ml-deploy-pipeline-production_gpt-main\ml-deploy-pipeline-production_gpt-main\venv\Lib\site-packages\torch\nn\modules\module.py", line 1790, in _call_impl
    return forward_call(*args, **kwargs)
           ^^^^^^^^^^^^^^^^^^^^^^^^^^^^^
  File "D:\ml-deploy-pipeline-production_gpt-main\ml-deploy-pipeline-production_gpt-main\venv\Lib\site-packages\ultralytics\nn\modules\conv.py", line 78, in forward
    return self.act(self.bn(self.conv(x)))
                            ^^^^^^^^^^^^
  File "D:\ml-deploy-pipeline-production_gpt-main\ml-deploy-pipeline-production_gpt-main\venv\Lib\site-packages\torch\nn\modules\module.py", line 1779, in _wrapped_call_impl
    return self._call_impl(*args, **kwargs)
           ^^^^^^^^^^^^^^^^^^^^^^^^^^^^^^^^
  File "D:\ml-deploy-pipeline-production_gpt-main\ml-deploy-pipeline-production_gpt-main\venv\Lib\site-packages\torch\nn\modules\module.py", line 1790, in _call_impl
    return forward_call(*args, **kwargs)
           ^^^^^^^^^^^^^^^^^^^^^^^^^^^^^
  File "D:\ml-deploy-pipeline-production_gpt-main\ml-deploy-pipeline-production_gpt-main\venv\Lib\site-packages\torch\nn\modules\conv.py", line 553, in forward
    return self._conv_forward(input, self.weight, self.bias)
           ^^^^^^^^^^^^^^^^^^^^^^^^^^^^^^^^^^^^^^^^^^^^^^^^^
  File "D:\ml-deploy-pipeline-production_gpt-main\ml-deploy-pipeline-production_gpt-main\venv\Lib\site-packages\torch\nn\modules\conv.py", line 548, in _conv_forward
    return F.conv2d(
           ^^^^^^^^^
RuntimeError: Input type (torch.FloatTensor) and weight type (torch.HalfTensor) should be the same or input should be a MKLDNN tensor and weight is a dense tensor
2026-05-07 01:12:55,259 | INFO | Exporting PyTorch model to ONNX: tmp_dtype_fp16_test\fp16.pt -> tmp_dtype_fp16_test\fp16.onnx
2026-05-07 01:12:55,259 | INFO | Exporting PyTorch model to ONNX: tmp_dtype_fp32_test\fp32.pt -> tmp_dtype_fp32_test\fp32.onnx
2026-05-07 01:12:55,276 | INFO | Loaded PyTorch model with standard torch.load
2026-05-07 01:12:55,276 | INFO | Detected PyTorch model parameter dtype: torch.float32
2026-05-07 01:12:55,321 | INFO | Using dummy input shape (1, 3, 16, 16), opset 17, dynamic batch axes: True
2026-05-07 01:12:55,321 | INFO | Using dummy input shape (1, 3, 16, 16), opset 17, dynamic batch axes: True
2026-05-07 01:12:55,664 | INFO | PyTorch ONNX export completed: tmp_dtype_fp16_test\fp16.onnx
2026-05-07 01:15:38,319 | INFO | Starting universal ML deployment pipeline
2026-05-07 01:15:38,319 | INFO | Detected framework: pytorch
2026-05-07 01:15:38,319 | INFO | Structured pruning disabled for PyTorch export
2026-05-07 01:15:38,319 | INFO | Exporting PyTorch model to ONNX: input\yolov8m.pt -> converted\model.onnx
2026-05-07 01:15:41,479 | INFO | Loaded PyTorch model with standard torch.load
2026-05-07 01:15:41,479 | INFO | Detected PyTorch model parameter dtype: torch.float16
2026-05-07 01:15:48,986 | INFO | Using dummy input shape (1, 3, 224, 224), opset 17, dynamic batch axes: True
2026-05-07 01:15:57,901 | INFO | PyTorch ONNX export completed: converted\model.onnx
2026-05-07 01:15:57,906 | INFO | Optimizing model for target: NVIDIA Jetson
2026-05-07 01:15:57,908 | INFO | Quantization strategy: fp16
2026-05-07 01:15:57,908 | INFO | Running ONNX graph optimization: converted\model.onnx -> output\model_graph_optimized.onnx
2026-05-07 01:15:59,916 | INFO | Graph optimization completed: 473 -> 414 nodes, 12.47% node reduction
2026-05-07 01:15:59,942 | INFO | Running ONNX FP16 conversion: output\model_graph_optimized.onnx -> output\model_fp16.onnx
2026-05-07 01:16:00,445 | ERROR | FP16 ONNX optimization failed: The model is already converted to float16, if convert again, the model might be wrong. 
 If you are sure to convert again, please set check_fp16_ready=False.
Traceback (most recent call last):
  File "D:\ml-deploy-pipeline-production_gpt-main\ml-deploy-pipeline-production_gpt-main\optimize\fp16_optimizer.py", line 32, in optimize
    fp16_model = convert_float_to_float16(
                 ^^^^^^^^^^^^^^^^^^^^^^^^^
  File "D:\ml-deploy-pipeline-production_gpt-main\ml-deploy-pipeline-production_gpt-main\venv\Lib\site-packages\onnxconverter_common\float16.py", line 220, in convert_float_to_float16
    raise ValueError(
ValueError: The model is already converted to float16, if convert again, the model might be wrong. 
 If you are sure to convert again, please set check_fp16_ready=False.
2026-05-07 01:16:00,461 | ERROR | Optimization pipeline failed: Failed to convert ONNX model 'output\model_graph_optimized.onnx' to FP16
Traceback (most recent call last):
  File "D:\ml-deploy-pipeline-production_gpt-main\ml-deploy-pipeline-production_gpt-main\optimize\fp16_optimizer.py", line 32, in optimize
    fp16_model = convert_float_to_float16(
                 ^^^^^^^^^^^^^^^^^^^^^^^^^
  File "D:\ml-deploy-pipeline-production_gpt-main\ml-deploy-pipeline-production_gpt-main\venv\Lib\site-packages\onnxconverter_common\float16.py", line 220, in convert_float_to_float16
    raise ValueError(
ValueError: The model is already converted to float16, if convert again, the model might be wrong. 
 If you are sure to convert again, please set check_fp16_ready=False.

The above exception was the direct cause of the following exception:

Traceback (most recent call last):
  File "D:\ml-deploy-pipeline-production_gpt-main\ml-deploy-pipeline-production_gpt-main\optimize\smart_optimizer.py", line 62, in optimize
    graph_stats = backend["optimizer"](precision_input_model, optimized_model)
                  ^^^^^^^^^^^^^^^^^^^^^^^^^^^^^^^^^^^^^^^^^^^^^^^^^^^^^^^^^^^^
  File "D:\ml-deploy-pipeline-production_gpt-main\ml-deploy-pipeline-production_gpt-main\optimize\fp16_optimizer.py", line 47, in optimize
    raise FP16OptimizationError(
optimize.fp16_optimizer.FP16OptimizationError: Failed to convert ONNX model 'output\model_graph_optimized.onnx' to FP16
2026-05-07 01:18:20,734 | INFO | Exporting PyTorch model to ONNX: tmp_fp16_skip_test\fp16.pt -> tmp_fp16_skip_test\fp16.onnx
2026-05-07 01:18:20,899 | INFO | Loaded PyTorch model with standard torch.load
2026-05-07 01:18:20,900 | INFO | Detected PyTorch model parameter dtype: torch.float16
2026-05-07 01:18:20,935 | INFO | Using dummy input shape (1, 3, 16, 16), opset 17, dynamic batch axes: True
2026-05-07 01:18:21,269 | INFO | PyTorch ONNX export completed: tmp_fp16_skip_test\fp16.onnx
2026-05-07 01:18:21,269 | INFO | Optimizing model for target: FP16 Skip
2026-05-07 01:18:21,269 | INFO | Quantization strategy: fp16
2026-05-07 01:18:21,271 | INFO | Graph optimization disabled by hardware profile
2026-05-07 01:18:21,271 | INFO | Running ONNX FP16 conversion: tmp_fp16_skip_test\fp16.onnx -> output\fp16_fp16.onnx
2026-05-07 01:18:21,272 | INFO | Detected ONNX model precision before FP16 optimization: fp16
2026-05-07 01:18:21,272 | INFO | Skipping FP16 conversion: Model already contains FP16 tensors and no FP32 initializers requiring conversion
2026-05-07 01:18:21,276 | INFO | Benchmarking ONNX model latency: tmp_fp16_skip_test\fp16.onnx
2026-05-07 01:18:21,561 | INFO | Benchmark completed for tmp_fp16_skip_test\fp16.onnx: avg 0.0329 ms, throughput 30404.38 infer/sec
2026-05-07 01:18:21,562 | INFO | Benchmarking ONNX model latency: output\fp16_fp16.onnx
2026-05-07 01:18:21,567 | INFO | Benchmark completed for output\fp16_fp16.onnx: avg 0.0252 ms, throughput 39698.30 infer/sec
2026-05-07 01:18:21,568 | INFO | Benchmark statistics report written: reports\benchmark_statistics.json
2026-05-07 01:18:21,568 | INFO | Validating ONNX inference accuracy: tmp_fp16_skip_test\fp16.onnx vs output\fp16_fp16.onnx
2026-05-07 01:18:21,577 | INFO | Accuracy validation report written: reports\accuracy_validation.json
2026-05-07 01:18:21,577 | INFO | Accuracy validation completed: MAE 0.00000000, MSE 0.00000000, cosine 1.00000000
2026-05-07 01:18:21,581 | INFO | FP16 optimization completed: 0.00 MB -> 0.00 MB (0.00% compression)
2026-05-07 01:18:21,581 | INFO | Optimization pipeline completed
2026-05-07 01:18:29,608 | INFO | Exporting PyTorch model to ONNX: tmp_fp16_convert_test\fp32.pt -> tmp_fp16_convert_test\fp32.onnx
2026-05-07 01:18:29,713 | INFO | Loaded PyTorch model with standard torch.load
2026-05-07 01:18:29,715 | INFO | Detected PyTorch model parameter dtype: torch.float32
2026-05-07 01:18:29,726 | INFO | Using dummy input shape (1, 3, 16, 16), opset 17, dynamic batch axes: True
2026-05-07 01:18:29,910 | INFO | PyTorch ONNX export completed: tmp_fp16_convert_test\fp32.onnx
2026-05-07 01:18:29,911 | INFO | Optimizing model for target: FP16 Convert
2026-05-07 01:18:29,911 | INFO | Quantization strategy: fp16
2026-05-07 01:18:29,911 | INFO | Graph optimization disabled by hardware profile
2026-05-07 01:18:29,913 | INFO | Running ONNX FP16 conversion: tmp_fp16_convert_test\fp32.onnx -> output\fp32_fp16.onnx
2026-05-07 01:18:29,913 | INFO | Detected ONNX model precision before FP16 optimization: fp32
2026-05-07 01:18:30,040 | INFO | FP16 ONNX conversion completed: output\fp32_fp16.onnx
2026-05-07 01:18:30,040 | INFO | Benchmarking ONNX model latency: tmp_fp16_convert_test\fp32.onnx
2026-05-07 01:18:30,142 | INFO | Benchmark completed for tmp_fp16_convert_test\fp32.onnx: avg 0.0279 ms, throughput 35901.49 infer/sec
2026-05-07 01:18:30,142 | INFO | Benchmarking ONNX model latency: output\fp32_fp16.onnx
2026-05-07 01:18:30,147 | INFO | Benchmark completed for output\fp32_fp16.onnx: avg 0.0284 ms, throughput 35213.75 infer/sec
2026-05-07 01:18:30,150 | INFO | Benchmark statistics report written: reports\benchmark_statistics.json
2026-05-07 01:18:30,150 | INFO | Validating ONNX inference accuracy: tmp_fp16_convert_test\fp32.onnx vs output\fp32_fp16.onnx
2026-05-07 01:18:30,156 | INFO | Accuracy validation report written: reports\accuracy_validation.json
2026-05-07 01:18:30,156 | INFO | Accuracy validation completed: MAE 0.00005166, MSE 0.00000000, cosine 1.00000000
2026-05-07 01:18:30,160 | INFO | FP16 optimization completed: 0.00 MB -> 0.00 MB (-20.46% compression)
2026-05-07 01:18:30,160 | INFO | Optimization pipeline completed
2026-05-07 01:19:59,200 | INFO | Starting universal ML deployment pipeline
2026-05-07 01:19:59,205 | INFO | Detected framework: pytorch
2026-05-07 01:19:59,205 | INFO | Structured pruning disabled for PyTorch export
2026-05-07 01:19:59,205 | INFO | Exporting PyTorch model to ONNX: input\yolov8m.pt -> converted\model.onnx
2026-05-07 01:20:03,164 | INFO | Loaded PyTorch model with standard torch.load
2026-05-07 01:20:03,170 | INFO | Detected PyTorch model parameter dtype: torch.float16
2026-05-07 01:20:13,564 | INFO | Using dummy input shape (1, 3, 224, 224), opset 17, dynamic batch axes: True
2026-05-07 01:20:23,895 | INFO | PyTorch ONNX export completed: converted\model.onnx
2026-05-07 01:20:23,903 | INFO | Optimizing model for target: NVIDIA Jetson
2026-05-07 01:20:23,903 | INFO | Quantization strategy: fp16
2026-05-07 01:20:23,905 | INFO | Running ONNX graph optimization: converted\model.onnx -> output\model_graph_optimized.onnx
2026-05-07 01:20:26,941 | INFO | Graph optimization completed: 473 -> 414 nodes, 12.47% node reduction
2026-05-07 01:20:26,961 | INFO | Running ONNX FP16 conversion: output\model_graph_optimized.onnx -> output\model_fp16.onnx
2026-05-07 01:20:27,079 | INFO | Detected ONNX model precision before FP16 optimization: mixed_fp16_fp32
2026-05-07 01:20:27,533 | ERROR | FP16 ONNX optimization failed: The model is already converted to float16, if convert again, the model might be wrong. 
 If you are sure to convert again, please set check_fp16_ready=False.
Traceback (most recent call last):
  File "D:\ml-deploy-pipeline-production_gpt-main\ml-deploy-pipeline-production_gpt-main\optimize\fp16_optimizer.py", line 52, in optimize
    fp16_model = convert_float_to_float16(
                 ^^^^^^^^^^^^^^^^^^^^^^^^^
  File "D:\ml-deploy-pipeline-production_gpt-main\ml-deploy-pipeline-production_gpt-main\venv\Lib\site-packages\onnxconverter_common\float16.py", line 220, in convert_float_to_float16
    raise ValueError(
ValueError: The model is already converted to float16, if convert again, the model might be wrong. 
 If you are sure to convert again, please set check_fp16_ready=False.
2026-05-07 01:20:27,540 | ERROR | Optimization pipeline failed: Failed to convert ONNX model 'output\model_graph_optimized.onnx' to FP16
Traceback (most recent call last):
  File "D:\ml-deploy-pipeline-production_gpt-main\ml-deploy-pipeline-production_gpt-main\optimize\fp16_optimizer.py", line 52, in optimize
    fp16_model = convert_float_to_float16(
                 ^^^^^^^^^^^^^^^^^^^^^^^^^
  File "D:\ml-deploy-pipeline-production_gpt-main\ml-deploy-pipeline-production_gpt-main\venv\Lib\site-packages\onnxconverter_common\float16.py", line 220, in convert_float_to_float16
    raise ValueError(
ValueError: The model is already converted to float16, if convert again, the model might be wrong. 
 If you are sure to convert again, please set check_fp16_ready=False.

The above exception was the direct cause of the following exception:

Traceback (most recent call last):
  File "D:\ml-deploy-pipeline-production_gpt-main\ml-deploy-pipeline-production_gpt-main\optimize\smart_optimizer.py", line 62, in optimize
    graph_stats = backend["optimizer"](precision_input_model, optimized_model)
                  ^^^^^^^^^^^^^^^^^^^^^^^^^^^^^^^^^^^^^^^^^^^^^^^^^^^^^^^^^^^^
  File "D:\ml-deploy-pipeline-production_gpt-main\ml-deploy-pipeline-production_gpt-main\optimize\fp16_optimizer.py", line 70, in optimize
    raise FP16OptimizationError(
optimize.fp16_optimizer.FP16OptimizationError: Failed to convert ONNX model 'output\model_graph_optimized.onnx' to FP16
2026-05-07 01:22:19,455 | INFO | Starting universal ML deployment pipeline
2026-05-07 01:22:19,455 | INFO | Detected framework: pytorch
2026-05-07 01:22:19,455 | INFO | Structured pruning disabled for PyTorch export
2026-05-07 01:22:19,455 | INFO | Exporting PyTorch model to ONNX: input\yolov8m.pt -> converted\model.onnx
2026-05-07 01:22:22,347 | INFO | Loaded PyTorch model with standard torch.load
2026-05-07 01:22:22,347 | INFO | Detected PyTorch model parameter dtype: torch.float16
2026-05-07 01:22:29,635 | INFO | Using dummy input shape (1, 3, 224, 224), opset 17, dynamic batch axes: True
2026-05-07 01:22:38,262 | INFO | PyTorch ONNX export completed: converted\model.onnx
2026-05-07 01:22:38,267 | INFO | Optimizing model for target: NVIDIA Jetson
2026-05-07 01:22:38,267 | INFO | Quantization strategy: fp16
2026-05-07 01:22:38,269 | INFO | Running ONNX graph optimization: converted\model.onnx -> output\model_graph_optimized.onnx
2026-05-07 01:22:40,698 | INFO | Graph optimization completed: 473 -> 414 nodes, 12.47% node reduction
2026-05-07 01:22:40,714 | INFO | Running ONNX FP16 conversion: output\model_graph_optimized.onnx -> output\model_fp16.onnx
2026-05-07 01:22:40,796 | INFO | Detected ONNX model precision before FP16 optimization: mixed_fp16_fp32
2026-05-07 01:22:41,130 | ERROR | FP16 ONNX optimization failed: The model is already converted to float16, if convert again, the model might be wrong. 
 If you are sure to convert again, please set check_fp16_ready=False.
Traceback (most recent call last):
  File "D:\ml-deploy-pipeline-production_gpt-main\ml-deploy-pipeline-production_gpt-main\optimize\fp16_optimizer.py", line 52, in optimize
    fp16_model = convert_float_to_float16(
                 ^^^^^^^^^^^^^^^^^^^^^^^^^
  File "D:\ml-deploy-pipeline-production_gpt-main\ml-deploy-pipeline-production_gpt-main\venv\Lib\site-packages\onnxconverter_common\float16.py", line 220, in convert_float_to_float16
    raise ValueError(
ValueError: The model is already converted to float16, if convert again, the model might be wrong. 
 If you are sure to convert again, please set check_fp16_ready=False.
2026-05-07 01:22:41,130 | ERROR | Optimization pipeline failed: Failed to convert ONNX model 'output\model_graph_optimized.onnx' to FP16
Traceback (most recent call last):
  File "D:\ml-deploy-pipeline-production_gpt-main\ml-deploy-pipeline-production_gpt-main\optimize\fp16_optimizer.py", line 52, in optimize
    fp16_model = convert_float_to_float16(
                 ^^^^^^^^^^^^^^^^^^^^^^^^^
  File "D:\ml-deploy-pipeline-production_gpt-main\ml-deploy-pipeline-production_gpt-main\venv\Lib\site-packages\onnxconverter_common\float16.py", line 220, in convert_float_to_float16
    raise ValueError(
ValueError: The model is already converted to float16, if convert again, the model might be wrong. 
 If you are sure to convert again, please set check_fp16_ready=False.

The above exception was the direct cause of the following exception:

Traceback (most recent call last):
  File "D:\ml-deploy-pipeline-production_gpt-main\ml-deploy-pipeline-production_gpt-main\optimize\smart_optimizer.py", line 62, in optimize
    graph_stats = backend["optimizer"](precision_input_model, optimized_model)
                  ^^^^^^^^^^^^^^^^^^^^^^^^^^^^^^^^^^^^^^^^^^^^^^^^^^^^^^^^^^^^
  File "D:\ml-deploy-pipeline-production_gpt-main\ml-deploy-pipeline-production_gpt-main\optimize\fp16_optimizer.py", line 70, in optimize
    raise FP16OptimizationError(
optimize.fp16_optimizer.FP16OptimizationError: Failed to convert ONNX model 'output\model_graph_optimized.onnx' to FP16
2026-05-07 01:25:00,035 | INFO | Exporting PyTorch model to ONNX: tmp_fp16_ready_skip_test\fp16.pt -> tmp_fp16_ready_skip_test\fp16.onnx
2026-05-07 01:25:00,206 | INFO | Loaded PyTorch model with standard torch.load
2026-05-07 01:25:00,207 | INFO | Detected PyTorch model parameter dtype: torch.float16
2026-05-07 01:25:00,237 | INFO | Using dummy input shape (1, 3, 16, 16), opset 17, dynamic batch axes: True
2026-05-07 01:25:00,515 | INFO | PyTorch ONNX export completed: tmp_fp16_ready_skip_test\fp16.onnx
2026-05-07 01:25:00,515 | INFO | Optimizing model for target: FP16 Ready
2026-05-07 01:25:00,515 | INFO | Quantization strategy: fp16
2026-05-07 01:25:00,516 | INFO | Graph optimization disabled by hardware profile
2026-05-07 01:25:00,516 | INFO | Running ONNX FP16 conversion: tmp_fp16_ready_skip_test\fp16.onnx -> output\fp16_fp16.onnx
2026-05-07 01:25:00,517 | INFO | Detected ONNX model precision before FP16 optimization: fp16
2026-05-07 01:25:00,517 | INFO | Skipping FP16 conversion: Model contains majority FP16 tensors; redundant FP16 conversion skipped
2026-05-07 01:25:00,520 | INFO | Benchmarking ONNX model latency: tmp_fp16_ready_skip_test\fp16.onnx
2026-05-07 01:25:00,779 | INFO | Benchmark completed for tmp_fp16_ready_skip_test\fp16.onnx: avg 0.0284 ms, throughput 35223.67 infer/sec
2026-05-07 01:25:00,781 | INFO | Benchmarking ONNX model latency: output\fp16_fp16.onnx
2026-05-07 01:25:00,785 | INFO | Benchmark completed for output\fp16_fp16.onnx: avg 0.0257 ms, throughput 38910.51 infer/sec
2026-05-07 01:25:00,787 | INFO | Benchmark statistics report written: reports\benchmark_statistics.json
2026-05-07 01:25:00,787 | INFO | Validating ONNX inference accuracy: tmp_fp16_ready_skip_test\fp16.onnx vs output\fp16_fp16.onnx
2026-05-07 01:25:00,796 | INFO | Accuracy validation report written: reports\accuracy_validation.json
2026-05-07 01:25:00,796 | INFO | Accuracy validation completed: MAE 0.00000000, MSE 0.00000000, cosine 1.00000000
2026-05-07 01:25:00,800 | INFO | FP16 optimization completed: 0.00 MB -> 0.00 MB (0.00% compression)
2026-05-07 01:25:00,800 | INFO | Optimization pipeline completed
2026-05-07 01:25:08,871 | INFO | Exporting PyTorch model to ONNX: tmp_fp32_convert_still_test\fp32.pt -> tmp_fp32_convert_still_test\fp32.onnx
2026-05-07 01:25:08,974 | INFO | Loaded PyTorch model with standard torch.load
2026-05-07 01:25:08,974 | INFO | Detected PyTorch model parameter dtype: torch.float32
2026-05-07 01:25:08,984 | INFO | Using dummy input shape (1, 3, 16, 16), opset 17, dynamic batch axes: True
2026-05-07 01:25:09,191 | INFO | PyTorch ONNX export completed: tmp_fp32_convert_still_test\fp32.onnx
2026-05-07 01:25:09,191 | INFO | Optimizing model for target: FP32 Convert
2026-05-07 01:25:09,191 | INFO | Quantization strategy: fp16
2026-05-07 01:25:09,192 | INFO | Graph optimization disabled by hardware profile
2026-05-07 01:25:09,193 | INFO | Running ONNX FP16 conversion: tmp_fp32_convert_still_test\fp32.onnx -> output\fp32_fp16.onnx
2026-05-07 01:25:09,193 | INFO | Detected ONNX model precision before FP16 optimization: fp32
2026-05-07 01:25:09,308 | INFO | FP16 ONNX conversion completed: output\fp32_fp16.onnx
2026-05-07 01:25:09,309 | INFO | Benchmarking ONNX model latency: tmp_fp32_convert_still_test\fp32.onnx
2026-05-07 01:25:09,409 | INFO | Benchmark completed for tmp_fp32_convert_still_test\fp32.onnx: avg 0.0220 ms, throughput 45409.13 infer/sec
2026-05-07 01:25:09,409 | INFO | Benchmarking ONNX model latency: output\fp32_fp16.onnx
2026-05-07 01:25:09,414 | INFO | Benchmark completed for output\fp32_fp16.onnx: avg 0.0235 ms, throughput 42527.86 infer/sec
2026-05-07 01:25:09,416 | INFO | Benchmark statistics report written: reports\benchmark_statistics.json
2026-05-07 01:25:09,416 | INFO | Validating ONNX inference accuracy: tmp_fp32_convert_still_test\fp32.onnx vs output\fp32_fp16.onnx
2026-05-07 01:25:09,423 | INFO | Accuracy validation report written: reports\accuracy_validation.json
2026-05-07 01:25:09,423 | INFO | Accuracy validation completed: MAE 0.00001137, MSE 0.00000000, cosine 1.00000000
2026-05-07 01:25:09,425 | INFO | FP16 optimization completed: 0.00 MB -> 0.00 MB (-20.46% compression)
2026-05-07 01:25:09,425 | INFO | Optimization pipeline completed
2026-05-07 01:25:16,832 | INFO | Exporting PyTorch model to ONNX: tmp_fp16_error_fallback_test\fp32.pt -> tmp_fp16_error_fallback_test\fp32.onnx
2026-05-07 01:25:16,927 | INFO | Loaded PyTorch model with standard torch.load
2026-05-07 01:25:16,929 | INFO | Detected PyTorch model parameter dtype: torch.float32
2026-05-07 01:25:16,929 | INFO | Using dummy input shape (1, 3, 16, 16), opset 17, dynamic batch axes: True
2026-05-07 01:25:17,100 | INFO | PyTorch ONNX export completed: tmp_fp16_error_fallback_test\fp32.onnx
2026-05-07 01:25:17,100 | INFO | Running ONNX FP16 conversion: tmp_fp16_error_fallback_test\fp32.onnx -> tmp_fp16_error_fallback_test\fallback.onnx
2026-05-07 01:25:17,100 | INFO | Detected ONNX model precision before FP16 optimization: fp32
2026-05-07 01:25:17,100 | INFO | Skipping FP16 conversion: Converter reported model is already FP16-ready: The model is already converted to float16
2026-05-07 01:25:17,103 | WARNING | FP16 graph validated, but no FP16 initializers were found. The source model may not contain convertible float weights.
2026-05-07 01:26:16,172 | INFO | Starting universal ML deployment pipeline
2026-05-07 01:26:16,172 | INFO | Detected framework: pytorch
2026-05-07 01:26:16,172 | INFO | Structured pruning disabled for PyTorch export
2026-05-07 01:26:16,172 | INFO | Exporting PyTorch model to ONNX: input\yolov8m.pt -> converted\model.onnx
2026-05-07 01:26:18,784 | INFO | Loaded PyTorch model with standard torch.load
2026-05-07 01:26:18,792 | INFO | Detected PyTorch model parameter dtype: torch.float16
2026-05-07 01:26:26,272 | INFO | Using dummy input shape (1, 3, 224, 224), opset 17, dynamic batch axes: True
2026-05-07 01:26:35,371 | INFO | PyTorch ONNX export completed: converted\model.onnx
2026-05-07 01:26:35,384 | INFO | Optimizing model for target: NVIDIA Jetson
2026-05-07 01:26:35,384 | INFO | Quantization strategy: fp16
2026-05-07 01:26:35,440 | INFO | Running ONNX graph optimization: converted\model.onnx -> output\model_graph_optimized.onnx
2026-05-07 01:26:36,930 | INFO | Graph optimization completed: 473 -> 414 nodes, 12.47% node reduction
2026-05-07 01:26:36,949 | INFO | Running ONNX FP16 conversion: output\model_graph_optimized.onnx -> output\model_fp16.onnx
2026-05-07 01:26:37,039 | INFO | Detected ONNX model precision before FP16 optimization: mixed_fp16_fp32
2026-05-07 01:26:37,425 | INFO | Skipping FP16 conversion: Converter reported model is already FP16-ready: The model is already converted to float16, if convert again, the model might be wrong. 
 If you are sure to convert again, please set check_fp16_ready=False.
2026-05-07 01:26:38,313 | WARNING | FP16 graph validated, but no FP16 initializers were found. The source model may not contain convertible float weights.
2026-05-07 01:26:38,347 | INFO | Benchmarking ONNX model latency: converted\model.onnx
2026-05-07 01:26:40,644 | INFO | Benchmark completed for converted\model.onnx: avg 30.9078 ms, throughput 32.35 infer/sec
2026-05-07 01:26:40,665 | INFO | Benchmarking ONNX model latency: output\model_fp16.onnx
2026-05-07 01:26:42,407 | INFO | Benchmark completed for output\model_fp16.onnx: avg 27.8537 ms, throughput 35.90 infer/sec
2026-05-07 01:26:42,424 | INFO | Benchmark statistics report written: reports\benchmark_statistics.json
2026-05-07 01:26:42,424 | INFO | Validating ONNX inference accuracy: converted\model.onnx vs output\model_fp16.onnx
2026-05-07 01:26:43,171 | INFO | Accuracy validation report written: reports\accuracy_validation.json
2026-05-07 01:26:43,171 | INFO | Accuracy validation completed: MAE 0.00000000, MSE 0.00000000, cosine 1.00000000
2026-05-07 01:26:43,202 | INFO | FP16 optimization completed: 49.45 MB -> 98.86 MB (-99.90% compression)
2026-05-07 01:26:43,203 | INFO | Optimization pipeline completed
2026-05-07 01:26:43,203 | INFO | Validation report: {'model': 'output\\model_fp16.onnx', 'status': 'validated', 'latency_ms': 12.4, 'memory_mb': 48}
2026-05-07 01:26:43,203 | INFO | Pipeline completed successfully
2026-05-07 15:56:42,174 | INFO | Starting universal ML deployment pipeline
2026-05-07 15:56:42,186 | INFO | Detected framework: pytorch
2026-05-07 15:56:42,188 | INFO | Structured pruning disabled for PyTorch export
2026-05-07 15:56:42,188 | INFO | Exporting PyTorch model to ONNX: input\yolov8m.pt -> converted\model.onnx
2026-05-07 15:56:49,425 | INFO | Loaded PyTorch model with standard torch.load
2026-05-07 15:56:49,425 | INFO | Detected PyTorch model parameter dtype: torch.float16
2026-05-07 15:56:58,837 | INFO | Using dummy input shape (1, 3, 224, 224), opset 17, dynamic batch axes: True
2026-05-07 15:57:10,331 | INFO | PyTorch ONNX export completed: converted\model.onnx
2026-05-07 15:57:10,339 | INFO | Optimizing model for target: NVIDIA Jetson
2026-05-07 15:57:10,339 | INFO | Quantization strategy: fp16
2026-05-07 15:57:10,340 | INFO | Running ONNX graph optimization: converted\model.onnx -> output\model_graph_optimized.onnx
2026-05-07 15:57:14,194 | INFO | Graph optimization completed: 473 -> 414 nodes, 12.47% node reduction
2026-05-07 15:57:14,231 | INFO | Running ONNX FP16 conversion: output\model_graph_optimized.onnx -> output\model_fp16.onnx
2026-05-07 15:57:14,348 | INFO | Detected ONNX model precision before FP16 optimization: mixed_fp16_fp32
2026-05-07 15:57:14,863 | INFO | Skipping FP16 conversion: Converter reported model is already FP16-ready: The model is already converted to float16, if convert again, the model might be wrong. 
 If you are sure to convert again, please set check_fp16_ready=False.
2026-05-07 15:57:15,950 | WARNING | FP16 graph validated, but no FP16 initializers were found. The source model may not contain convertible float weights.
2026-05-07 15:57:15,985 | INFO | Benchmarking ONNX model latency: converted\model.onnx
2026-05-07 15:57:19,208 | INFO | Benchmark completed for converted\model.onnx: avg 36.5201 ms, throughput 27.38 infer/sec
2026-05-07 15:57:19,236 | INFO | Benchmarking ONNX model latency: output\model_fp16.onnx
2026-05-07 15:57:21,657 | INFO | Benchmark completed for output\model_fp16.onnx: avg 39.8423 ms, throughput 25.10 infer/sec
2026-05-07 15:57:21,678 | INFO | Benchmark statistics report written: reports\benchmark_statistics.json
2026-05-07 15:57:21,679 | INFO | Validating ONNX inference accuracy: converted\model.onnx vs output\model_fp16.onnx
2026-05-07 15:57:22,648 | INFO | Accuracy validation report written: reports\accuracy_validation.json
2026-05-07 15:57:22,648 | INFO | Accuracy validation completed: MAE 0.00000000, MSE 0.00000000, cosine 1.00000000
2026-05-07 15:57:22,691 | INFO | FP16 optimization completed: 49.45 MB -> 98.86 MB (-99.90% compression)
2026-05-07 15:57:22,691 | INFO | Optimization pipeline completed
2026-05-07 15:57:22,692 | INFO | Validation report: {'model': 'output\\model_fp16.onnx', 'status': 'validated', 'latency_ms': 12.4, 'memory_mb': 48}
2026-05-07 15:57:22,692 | INFO | Pipeline completed successfully
2026-05-07 16:00:50,073 | INFO | Starting universal ML deployment pipeline
2026-05-07 16:00:50,085 | INFO | Detected framework: pytorch
2026-05-07 16:00:50,085 | INFO | Structured pruning disabled for PyTorch export
2026-05-07 16:00:50,087 | INFO | Exporting PyTorch model to ONNX: input\yolov8m.pt -> converted\model.onnx
2026-05-07 16:00:53,239 | INFO | Loaded PyTorch model with standard torch.load
2026-05-07 16:00:53,250 | INFO | Detected PyTorch model parameter dtype: torch.float16
2026-05-07 16:01:01,186 | INFO | Using dummy input shape (1, 3, 224, 224), opset 17, dynamic batch axes: True
2026-05-07 16:01:10,821 | INFO | PyTorch ONNX export completed: converted\model.onnx
2026-05-07 16:01:10,826 | INFO | Optimizing model for target: Raspberry Pi
2026-05-07 16:01:10,826 | INFO | Quantization strategy: int8
2026-05-07 16:01:10,828 | INFO | Running ONNX graph optimization: converted\model.onnx -> output\model_graph_optimized.onnx
2026-05-07 16:01:12,686 | INFO | Graph optimization completed: 473 -> 414 nodes, 12.47% node reduction
2026-05-07 16:01:13,791 | INFO | Running ONNX Runtime dynamic INT8 quantization: output\model_graph_optimized.onnx -> output\model_int8.onnx
2026-05-07 16:01:16,526 | WARNING | Please consider to run pre-processing before quantization. Refer to example: https://github.com/microsoft/onnxruntime-inference-examples/blob/main/quantization/image_classification/cpu/ReadMe.md 
2026-05-07 16:01:17,773 | INFO | Quantization parameters for tensor:"InsertedPrecisionFreeCast_input" not specified
2026-05-07 16:01:17,781 | INFO | get_tensor_type returns DefaultTensorType for tensor name 'reorder_token_252', use 1
2026-05-07 16:01:17,782 | WARNING | Failed to infer data type of tensor: 'reorder_token_253'. Please add data type info for this tensor if your model has customized operators.
2026-05-07 16:01:17,783 | WARNING | Failed to infer data type of tensor: 'reorder_token_256'. Please add data type info for this tensor if your model has customized operators.
2026-05-07 16:01:17,783 | WARNING | Failed to infer data type of tensor: 'reorder_token_261'. Please add data type info for this tensor if your model has customized operators.
2026-05-07 16:01:17,784 | WARNING | Failed to infer data type of tensor: 'reorder_token_263'. Please add data type info for this tensor if your model has customized operators.
2026-05-07 16:01:17,784 | WARNING | Failed to infer data type of tensor: 'reorder_token_268'. Please add data type info for this tensor if your model has customized operators.
2026-05-07 16:01:17,784 | WARNING | Failed to infer data type of tensor: 'reorder_token_271'. Please add data type info for this tensor if your model has customized operators.
2026-05-07 16:01:17,785 | WARNING | Failed to infer data type of tensor: 'reorder_token_276'. Please add data type info for this tensor if your model has customized operators.
2026-05-07 16:01:17,785 | WARNING | Failed to infer data type of tensor: 'reorder_token_279'. Please add data type info for this tensor if your model has customized operators.
2026-05-07 16:01:17,786 | WARNING | Failed to infer data type of tensor: 'reorder_token_282'. Please add data type info for this tensor if your model has customized operators.
2026-05-07 16:01:17,787 | WARNING | Failed to infer data type of tensor: 'reorder_token_287'. Please add data type info for this tensor if your model has customized operators.
2026-05-07 16:01:17,787 | WARNING | Failed to infer data type of tensor: 'reorder_token_290'. Please add data type info for this tensor if your model has customized operators.
2026-05-07 16:01:17,789 | WARNING | Failed to infer data type of tensor: 'reorder_token_295'. Please add data type info for this tensor if your model has customized operators.
2026-05-07 16:01:17,789 | WARNING | Failed to infer data type of tensor: 'reorder_token_298'. Please add data type info for this tensor if your model has customized operators.
2026-05-07 16:01:17,789 | WARNING | Failed to infer data type of tensor: 'reorder_token_303'. Please add data type info for this tensor if your model has customized operators.
2026-05-07 16:01:17,790 | WARNING | Failed to infer data type of tensor: 'reorder_token_306'. Please add data type info for this tensor if your model has customized operators.
2026-05-07 16:01:17,791 | WARNING | Failed to infer data type of tensor: 'reorder_token_311'. Please add data type info for this tensor if your model has customized operators.
2026-05-07 16:01:17,792 | WARNING | Failed to infer data type of tensor: 'reorder_token_314'. Please add data type info for this tensor if your model has customized operators.
2026-05-07 16:01:17,792 | WARNING | Failed to infer data type of tensor: 'reorder_token_319'. Please add data type info for this tensor if your model has customized operators.
2026-05-07 16:01:17,792 | WARNING | Failed to infer data type of tensor: 'reorder_token_322'. Please add data type info for this tensor if your model has customized operators.
2026-05-07 16:01:17,793 | WARNING | Failed to infer data type of tensor: 'reorder_token_325'. Please add data type info for this tensor if your model has customized operators.
2026-05-07 16:01:17,793 | WARNING | Failed to infer data type of tensor: 'reorder_token_330'. Please add data type info for this tensor if your model has customized operators.
2026-05-07 16:01:17,793 | WARNING | Failed to infer data type of tensor: 'reorder_token_333'. Please add data type info for this tensor if your model has customized operators.
2026-05-07 16:01:17,793 | WARNING | Failed to infer data type of tensor: 'reorder_token_338'. Please add data type info for this tensor if your model has customized operators.
2026-05-07 16:01:17,793 | WARNING | Failed to infer data type of tensor: 'reorder_token_341'. Please add data type info for this tensor if your model has customized operators.
2026-05-07 16:01:17,793 | WARNING | Failed to infer data type of tensor: 'reorder_token_346'. Please add data type info for this tensor if your model has customized operators.
2026-05-07 16:01:17,793 | WARNING | Failed to infer data type of tensor: 'reorder_token_349'. Please add data type info for this tensor if your model has customized operators.
2026-05-07 16:01:17,796 | WARNING | Failed to infer data type of tensor: 'reorder_token_354'. Please add data type info for this tensor if your model has customized operators.
2026-05-07 16:01:17,796 | WARNING | Failed to infer data type of tensor: 'reorder_token_357'. Please add data type info for this tensor if your model has customized operators.
2026-05-07 16:01:17,798 | WARNING | Failed to infer data type of tensor: 'reorder_token_362'. Please add data type info for this tensor if your model has customized operators.
2026-05-07 16:01:17,798 | WARNING | Failed to infer data type of tensor: 'reorder_token_365'. Please add data type info for this tensor if your model has customized operators.
2026-05-07 16:01:17,798 | WARNING | Failed to infer data type of tensor: 'reorder_token_368'. Please add data type info for this tensor if your model has customized operators.
2026-05-07 16:01:17,798 | WARNING | Failed to infer data type of tensor: 'reorder_token_373'. Please add data type info for this tensor if your model has customized operators.
2026-05-07 16:01:17,798 | WARNING | Failed to infer data type of tensor: 'reorder_token_376'. Please add data type info for this tensor if your model has customized operators.
2026-05-07 16:01:17,798 | WARNING | Failed to infer data type of tensor: 'reorder_token_381'. Please add data type info for this tensor if your model has customized operators.
2026-05-07 16:01:17,798 | WARNING | Failed to infer data type of tensor: 'reorder_token_384'. Please add data type info for this tensor if your model has customized operators.
2026-05-07 16:01:17,798 | WARNING | Failed to infer data type of tensor: 'reorder_token_389'. Please add data type info for this tensor if your model has customized operators.
2026-05-07 16:01:17,798 | WARNING | Failed to infer data type of tensor: 'reorder_token_392'. Please add data type info for this tensor if your model has customized operators.
2026-05-07 16:01:17,798 | WARNING | Failed to infer data type of tensor: 'reorder_token_399'. Please add data type info for this tensor if your model has customized operators.
2026-05-07 16:01:17,798 | WARNING | Failed to infer data type of tensor: 'reorder_token_404'. Please add data type info for this tensor if your model has customized operators.
2026-05-07 16:01:17,798 | WARNING | Failed to infer data type of tensor: 'reorder_token_409'. Please add data type info for this tensor if your model has customized operators.
2026-05-07 16:01:17,798 | WARNING | Failed to infer data type of tensor: 'reorder_token_412'. Please add data type info for this tensor if your model has customized operators.
2026-05-07 16:01:17,798 | WARNING | Failed to infer data type of tensor: 'reorder_token_415'. Please add data type info for this tensor if your model has customized operators.
2026-05-07 16:01:17,798 | WARNING | Failed to infer data type of tensor: 'reorder_token_418'. Please add data type info for this tensor if your model has customized operators.
2026-05-07 16:01:17,798 | WARNING | Failed to infer data type of tensor: 'reorder_token_423'. Please add data type info for this tensor if your model has customized operators.
2026-05-07 16:01:17,798 | WARNING | Failed to infer data type of tensor: 'reorder_token_428'. Please add data type info for this tensor if your model has customized operators.
2026-05-07 16:01:17,798 | WARNING | Failed to infer data type of tensor: 'reorder_token_433'. Please add data type info for this tensor if your model has customized operators.
2026-05-07 16:01:17,798 | WARNING | Failed to infer data type of tensor: 'reorder_token_436'. Please add data type info for this tensor if your model has customized operators.
2026-05-07 16:01:17,798 | WARNING | Failed to infer data type of tensor: 'reorder_token_439'. Please add data type info for this tensor if your model has customized operators.
2026-05-07 16:01:17,798 | WARNING | Failed to infer data type of tensor: 'reorder_token_442'. Please add data type info for this tensor if your model has customized operators.
2026-05-07 16:01:17,798 | WARNING | Failed to infer data type of tensor: 'reorder_token_447'. Please add data type info for this tensor if your model has customized operators.
2026-05-07 16:01:17,804 | WARNING | Failed to infer data type of tensor: 'reorder_token_450'. Please add data type info for this tensor if your model has customized operators.
2026-05-07 16:01:17,804 | WARNING | Failed to infer data type of tensor: 'reorder_token_454'. Please add data type info for this tensor if your model has customized operators.
2026-05-07 16:01:17,804 | WARNING | Failed to infer data type of tensor: 'reorder_token_459'. Please add data type info for this tensor if your model has customized operators.
2026-05-07 16:01:17,805 | WARNING | Failed to infer data type of tensor: 'reorder_token_462'. Please add data type info for this tensor if your model has customized operators.
2026-05-07 16:01:17,805 | WARNING | Failed to infer data type of tensor: 'reorder_token_465'. Please add data type info for this tensor if your model has customized operators.
2026-05-07 16:01:17,805 | WARNING | Failed to infer data type of tensor: 'reorder_token_468'. Please add data type info for this tensor if your model has customized operators.
2026-05-07 16:01:17,806 | WARNING | Failed to infer data type of tensor: 'reorder_token_473'. Please add data type info for this tensor if your model has customized operators.
2026-05-07 16:01:17,806 | WARNING | Failed to infer data type of tensor: 'reorder_token_476'. Please add data type info for this tensor if your model has customized operators.
2026-05-07 16:01:17,806 | WARNING | Failed to infer data type of tensor: 'reorder_token_480'. Please add data type info for this tensor if your model has customized operators.
2026-05-07 16:01:17,806 | WARNING | Failed to infer data type of tensor: 'reorder_token_485'. Please add data type info for this tensor if your model has customized operators.
2026-05-07 16:01:17,807 | WARNING | Failed to infer data type of tensor: 'reorder_token_488'. Please add data type info for this tensor if your model has customized operators.
2026-05-07 16:01:17,807 | WARNING | Failed to infer data type of tensor: 'reorder_token_491'. Please add data type info for this tensor if your model has customized operators.
2026-05-07 16:01:17,807 | WARNING | Failed to infer data type of tensor: 'reorder_token_494'. Please add data type info for this tensor if your model has customized operators.
2026-05-07 16:01:17,807 | WARNING | Failed to infer data type of tensor: 'reorder_token_499'. Please add data type info for this tensor if your model has customized operators.
2026-05-07 16:01:17,808 | WARNING | Failed to infer data type of tensor: 'reorder_token_502'. Please add data type info for this tensor if your model has customized operators.
2026-05-07 16:01:17,808 | WARNING | Failed to infer data type of tensor: 'reorder_token_505'. Please add data type info for this tensor if your model has customized operators.
2026-05-07 16:01:17,808 | WARNING | Failed to infer data type of tensor: 'reorder_token_508'. Please add data type info for this tensor if your model has customized operators.
2026-05-07 16:01:17,808 | WARNING | Failed to infer data type of tensor: 'reorder_token_476'. Please add data type info for this tensor if your model has customized operators.
2026-05-07 16:01:17,808 | WARNING | Failed to infer data type of tensor: 'reorder_token_513'. Please add data type info for this tensor if your model has customized operators.
2026-05-07 16:01:17,808 | WARNING | Failed to infer data type of tensor: 'reorder_token_516'. Please add data type info for this tensor if your model has customized operators.
2026-05-07 16:01:17,808 | WARNING | Failed to infer data type of tensor: 'reorder_token_450'. Please add data type info for this tensor if your model has customized operators.
2026-05-07 16:01:17,808 | WARNING | Failed to infer data type of tensor: 'reorder_token_521'. Please add data type info for this tensor if your model has customized operators.
2026-05-07 16:01:17,811 | WARNING | Failed to infer data type of tensor: 'reorder_token_524'. Please add data type info for this tensor if your model has customized operators.
2026-05-07 16:01:17,811 | WARNING | Failed to infer data type of tensor: 'reorder_token_528'. Please add data type info for this tensor if your model has customized operators.
2026-05-07 16:01:17,812 | WARNING | Failed to infer data type of tensor: 'reorder_token_502'. Please add data type info for this tensor if your model has customized operators.
2026-05-07 16:01:17,812 | WARNING | Failed to infer data type of tensor: 'reorder_token_533'. Please add data type info for this tensor if your model has customized operators.
2026-05-07 16:01:17,812 | WARNING | Failed to infer data type of tensor: 'reorder_token_536'. Please add data type info for this tensor if your model has customized operators.
2026-05-07 16:01:17,813 | WARNING | Failed to infer data type of tensor: 'reorder_token_476'. Please add data type info for this tensor if your model has customized operators.
2026-05-07 16:01:17,813 | WARNING | Failed to infer data type of tensor: 'reorder_token_541'. Please add data type info for this tensor if your model has customized operators.
2026-05-07 16:01:17,813 | WARNING | Failed to infer data type of tensor: 'reorder_token_544'. Please add data type info for this tensor if your model has customized operators.
2026-05-07 16:01:17,813 | WARNING | Failed to infer data type of tensor: 'reorder_token_450'. Please add data type info for this tensor if your model has customized operators.
2026-05-07 16:01:17,814 | WARNING | Failed to infer data type of tensor: 'reorder_token_549'. Please add data type info for this tensor if your model has customized operators.
2026-05-07 16:01:17,814 | WARNING | Failed to infer data type of tensor: 'reorder_token_552'. Please add data type info for this tensor if your model has customized operators.
2026-05-07 16:01:18,788 | INFO | Benchmarking ONNX model latency: converted\model.onnx
2026-05-07 16:01:21,166 | INFO | Benchmark completed for converted\model.onnx: avg 33.5824 ms, throughput 29.78 infer/sec
2026-05-07 16:01:21,186 | INFO | Benchmarking ONNX model latency: output\model_int8.onnx
2026-05-07 16:01:23,208 | INFO | Benchmark completed for output\model_int8.onnx: avg 32.6291 ms, throughput 30.65 infer/sec
2026-05-07 16:01:23,233 | INFO | Benchmark statistics report written: reports\benchmark_statistics.json
2026-05-07 16:01:23,233 | INFO | Validating ONNX inference accuracy: converted\model.onnx vs output\model_int8.onnx
2026-05-07 16:01:24,026 | INFO | Accuracy validation report written: reports\accuracy_validation.json
2026-05-07 16:01:24,026 | INFO | Accuracy validation completed: MAE 0.58212882, MSE 5.22502745, cosine 0.81956584
2026-05-07 16:01:24,069 | INFO | INT8 optimization completed: 49.45 MB -> 98.86 MB (-99.91% compression)
2026-05-07 16:01:24,069 | INFO | Optimization pipeline completed
2026-05-07 16:01:24,070 | INFO | Validation report: {'model': 'output\\model_int8.onnx', 'status': 'validated', 'latency_ms': 12.4, 'memory_mb': 48}
2026-05-07 16:01:24,070 | INFO | Pipeline completed successfully
2026-05-07 16:24:56,134 | INFO | Exporting PyTorch model to ONNX: tmp_size_fp16_test\fp16.pt -> tmp_size_fp16_test\fp16.onnx
2026-05-07 16:24:56,232 | INFO | Loaded PyTorch model with standard torch.load
2026-05-07 16:24:56,232 | INFO | Detected PyTorch model parameter dtype: torch.float16
2026-05-07 16:24:56,265 | INFO | Using dummy input shape (1, 3, 16, 16), opset 17, dynamic batch axes: True
2026-05-07 16:24:56,572 | INFO | PyTorch ONNX export completed: tmp_size_fp16_test\fp16.onnx
2026-05-07 16:24:56,573 | INFO | Optimizing model for target: FP16 Size
2026-05-07 16:24:56,573 | INFO | Quantization strategy: fp16
2026-05-07 16:24:56,574 | INFO | Running ONNX graph optimization: tmp_size_fp16_test\fp16.onnx -> output\fp16_graph_optimized.onnx
2026-05-07 16:24:56,772 | WARNING | Graph optimization increased graph size by 131.20%
2026-05-07 16:24:56,778 | WARNING | Graph optimization artifact remains inflated by 121.00%; preserving original compact ONNX serialization for downstream optimization
2026-05-07 16:24:56,781 | INFO | Graph optimization completed: 5 -> 5 nodes, 0.00% node reduction
2026-05-07 16:24:56,783 | INFO | Running ONNX FP16 conversion: output\fp16_graph_optimized.onnx -> output\fp16_fp16.onnx
2026-05-07 16:24:56,783 | INFO | Detected ONNX model precision before FP16 optimization: fp16
2026-05-07 16:24:56,783 | INFO | Skipping FP16 conversion: Model contains majority FP16 tensors; redundant FP16 conversion skipped
2026-05-07 16:24:56,788 | INFO | Model size analysis report written: reports\model_size_analysis.json
2026-05-07 16:24:56,789 | INFO | Serialized ONNX metadata overhead for original: 0.0007 MB
2026-05-07 16:24:56,789 | INFO | Serialized ONNX metadata overhead for graph_optimized: 0.0007 MB
2026-05-07 16:24:56,789 | INFO | Serialized ONNX metadata overhead for optimized: 0.0007 MB
2026-05-07 16:24:56,790 | INFO | Benchmarking ONNX model latency: tmp_size_fp16_test\fp16.onnx
2026-05-07 16:24:57,121 | INFO | Benchmark completed for tmp_size_fp16_test\fp16.onnx: avg 0.0312 ms, throughput 32102.73 infer/sec
2026-05-07 16:24:57,123 | INFO | Benchmarking ONNX model latency: output\fp16_fp16.onnx
2026-05-07 16:24:57,125 | INFO | Benchmark completed for output\fp16_fp16.onnx: avg 0.0322 ms, throughput 31069.41 infer/sec
2026-05-07 16:24:57,131 | INFO | Benchmark statistics report written: reports\benchmark_statistics.json
2026-05-07 16:24:57,132 | INFO | Validating ONNX inference accuracy: tmp_size_fp16_test\fp16.onnx vs output\fp16_fp16.onnx
2026-05-07 16:24:57,143 | INFO | Accuracy validation report written: reports\accuracy_validation.json
2026-05-07 16:24:57,143 | INFO | Accuracy validation completed: MAE 0.00000000, MSE 0.00000000, cosine 1.00000000
2026-05-07 16:24:57,150 | INFO | FP16 optimization completed: 0.00 MB -> 0.00 MB (0.00% compression)
2026-05-07 16:24:57,150 | INFO | Optimization pipeline completed
2026-05-07 16:25:06,460 | INFO | Exporting PyTorch model to ONNX: tmp_size_int8_test\fp32.pt -> tmp_size_int8_test\fp32.onnx
2026-05-07 16:25:06,558 | INFO | Loaded PyTorch model with standard torch.load
2026-05-07 16:25:06,558 | INFO | Detected PyTorch model parameter dtype: torch.float32
2026-05-07 16:25:06,563 | INFO | Using dummy input shape (1, 3, 16, 16), opset 17, dynamic batch axes: True
2026-05-07 16:25:06,725 | INFO | PyTorch ONNX export completed: tmp_size_int8_test\fp32.onnx
2026-05-07 16:25:06,726 | INFO | Optimizing model for target: INT8 Size
2026-05-07 16:25:06,726 | INFO | Quantization strategy: int8
2026-05-07 16:25:06,728 | INFO | Running ONNX graph optimization: tmp_size_int8_test\fp32.onnx -> output\fp32_graph_optimized.onnx
2026-05-07 16:25:06,925 | INFO | Graph optimization completed: 4 -> 3 nodes, 25.00% node reduction
2026-05-07 16:25:07,617 | INFO | Running ONNX Runtime dynamic INT8 quantization: output\fp32_graph_optimized.onnx -> output\fp32_int8.onnx
2026-05-07 16:25:07,653 | WARNING | Please consider to run pre-processing before quantization. Refer to example: https://github.com/microsoft/onnxruntime-inference-examples/blob/main/quantization/image_classification/cpu/ReadMe.md 
2026-05-07 16:25:07,692 | INFO | Quantization parameters for tensor:"/2/Relu_output_0" not specified
2026-05-07 16:25:07,694 | INFO | get_tensor_type returns DefaultTensorType for tensor name 'output_MatMul', use 1
2026-05-07 16:25:07,715 | INFO | Model size analysis report written: reports\model_size_analysis.json
2026-05-07 16:25:07,717 | INFO | Serialized ONNX metadata overhead for original: 0.0005 MB
2026-05-07 16:25:07,717 | INFO | Serialized ONNX metadata overhead for graph_optimized: 0.0007 MB
2026-05-07 16:25:07,717 | INFO | Serialized ONNX metadata overhead for optimized: 0.0015 MB
2026-05-07 16:25:07,717 | INFO | Benchmarking ONNX model latency: tmp_size_int8_test\fp32.onnx
2026-05-07 16:25:07,735 | INFO | Benchmark completed for tmp_size_int8_test\fp32.onnx: avg 0.0186 ms, throughput 53815.52 infer/sec
2026-05-07 16:25:07,737 | INFO | Benchmarking ONNX model latency: output\fp32_int8.onnx
2026-05-07 16:25:07,739 | INFO | Benchmark completed for output\fp32_int8.onnx: avg 0.0229 ms, throughput 43733.05 infer/sec
2026-05-07 16:25:07,739 | INFO | Benchmark statistics report written: reports\benchmark_statistics.json
2026-05-07 16:25:07,739 | INFO | Validating ONNX inference accuracy: tmp_size_int8_test\fp32.onnx vs output\fp32_int8.onnx
2026-05-07 16:25:07,750 | INFO | Accuracy validation report written: reports\accuracy_validation.json
2026-05-07 16:25:07,750 | INFO | Accuracy validation completed: MAE 0.00116070, MSE 0.00000619, cosine 0.99988838
2026-05-07 16:25:07,757 | INFO | INT8 optimization completed: 0.19 MB -> 0.19 MB (0.45% compression)
2026-05-07 16:25:07,758 | INFO | Optimization pipeline completed
2026-05-07 16:28:02,679 | INFO | Starting universal ML deployment pipeline
2026-05-07 16:28:02,695 | INFO | Detected framework: pytorch
2026-05-07 16:28:02,696 | INFO | Structured pruning disabled for PyTorch export
2026-05-07 16:28:02,696 | INFO | Exporting PyTorch model to ONNX: input\yolov8m.pt -> converted\model.onnx
2026-05-07 16:28:07,568 | INFO | Loaded PyTorch model with standard torch.load
2026-05-07 16:28:07,574 | INFO | Detected PyTorch model parameter dtype: torch.float16
2026-05-07 16:28:15,363 | INFO | Using dummy input shape (1, 3, 224, 224), opset 17, dynamic batch axes: True
2026-05-07 16:28:25,232 | INFO | PyTorch ONNX export completed: converted\model.onnx
2026-05-07 16:28:25,243 | INFO | Optimizing model for target: Raspberry Pi
2026-05-07 16:28:25,243 | INFO | Quantization strategy: int8
2026-05-07 16:28:25,243 | INFO | Running ONNX graph optimization: converted\model.onnx -> output\model_graph_optimized.onnx
2026-05-07 16:28:28,117 | WARNING | Graph optimization increased graph size by 99.90%
2026-05-07 16:28:29,672 | INFO | Graph optimization completed: 473 -> 599 nodes, -26.64% node reduction
2026-05-07 16:28:30,518 | INFO | Running ONNX Runtime dynamic INT8 quantization: output\model_graph_optimized.onnx -> output\model_int8.onnx
2026-05-07 16:28:31,276 | WARNING | Please consider to run pre-processing before quantization. Refer to example: https://github.com/microsoft/onnxruntime-inference-examples/blob/main/quantization/image_classification/cpu/ReadMe.md 
2026-05-07 16:28:32,609 | WARNING | Optimized model validated, but no dynamic quantization ops were detected. The source graph may not contain dynamically quantizable operators.
2026-05-07 16:28:32,867 | INFO | Model size analysis report written: reports\model_size_analysis.json
2026-05-07 16:28:32,867 | INFO | Serialized ONNX metadata overhead for original: 0.0788 MB
2026-05-07 16:28:32,867 | WARNING | Detected duplicated initializers in graph_optimized: 3 groups, 0.0039 MB
2026-05-07 16:28:32,867 | WARNING | Model contains both FP32 and FP16 initializers in graph_optimized: fp32=1 fp16=171
2026-05-07 16:28:32,867 | INFO | Serialized ONNX metadata overhead for graph_optimized: 0.1233 MB
2026-05-07 16:28:32,867 | WARNING | Detected duplicated initializers in optimized: 3 groups, 0.0039 MB
2026-05-07 16:28:32,867 | WARNING | Model contains both FP32 and FP16 initializers in optimized: fp32=1 fp16=171
2026-05-07 16:28:32,867 | INFO | Serialized ONNX metadata overhead for optimized: 0.1723 MB
2026-05-07 16:28:32,867 | INFO | Benchmarking ONNX model latency: converted\model.onnx
2026-05-07 16:28:35,056 | INFO | Benchmark completed for converted\model.onnx: avg 26.6304 ms, throughput 37.55 infer/sec
2026-05-07 16:28:35,072 | INFO | Benchmarking ONNX model latency: output\model_int8.onnx
2026-05-07 16:28:36,986 | INFO | Benchmark completed for output\model_int8.onnx: avg 27.2690 ms, throughput 36.67 infer/sec
2026-05-07 16:28:37,012 | INFO | Benchmark statistics report written: reports\benchmark_statistics.json
2026-05-07 16:28:37,013 | INFO | Validating ONNX inference accuracy: converted\model.onnx vs output\model_int8.onnx
2026-05-07 16:28:38,021 | INFO | Accuracy validation report written: reports\accuracy_validation.json
2026-05-07 16:28:38,021 | INFO | Accuracy validation completed: MAE 0.00000000, MSE 0.00000000, cosine 1.00000000
2026-05-07 16:28:38,065 | INFO | INT8 optimization completed: 49.45 MB -> 49.56 MB (-0.21% compression)
2026-05-07 16:28:38,065 | INFO | Optimization pipeline completed
2026-05-07 16:28:38,067 | INFO | Validation report: {'model': 'output\\model_int8.onnx', 'status': 'validated', 'latency_ms': 12.4, 'memory_mb': 48}
2026-05-07 16:28:38,067 | INFO | Pipeline completed successfully
2026-05-07 16:38:56,661 | INFO | Starting universal ML deployment pipeline
2026-05-07 16:38:56,677 | INFO | Detected framework: pytorch
2026-05-07 16:38:56,677 | INFO | Structured pruning disabled for PyTorch export
2026-05-07 16:38:56,677 | INFO | Exporting PyTorch model to ONNX: input\yolov8x.pt -> converted\model.onnx
2026-05-07 16:38:58,979 | INFO | Loaded PyTorch model with standard torch.load
2026-05-07 16:38:58,985 | INFO | Detected PyTorch model parameter dtype: torch.float16
2026-05-07 16:39:21,970 | INFO | Using dummy input shape (1, 3, 224, 224), opset 17, dynamic batch axes: True
2026-05-07 16:39:48,046 | INFO | PyTorch ONNX export completed: converted\model.onnx
2026-05-07 16:39:48,046 | INFO | Optimizing model for target: Raspberry Pi
2026-05-07 16:39:48,046 | INFO | Quantization strategy: int8
2026-05-07 16:39:48,046 | INFO | Running ONNX graph optimization: converted\model.onnx -> output\model_graph_optimized.onnx
2026-05-07 16:39:52,561 | WARNING | Graph optimization increased graph size by 99.96%
2026-05-07 16:39:55,417 | INFO | Graph optimization completed: 539 -> 715 nodes, -32.65% node reduction
2026-05-07 16:39:56,182 | INFO | Running ONNX Runtime dynamic INT8 quantization: output\model_graph_optimized.onnx -> output\model_int8.onnx
2026-05-07 16:39:58,250 | WARNING | Please consider to run pre-processing before quantization. Refer to example: https://github.com/microsoft/onnxruntime-inference-examples/blob/main/quantization/image_classification/cpu/ReadMe.md 
2026-05-07 16:40:01,324 | WARNING | Optimized model validated, but no dynamic quantization ops were detected. The source graph may not contain dynamically quantizable operators.
2026-05-07 16:40:02,033 | INFO | Model size analysis report written: reports\model_size_analysis.json
2026-05-07 16:40:02,033 | INFO | Serialized ONNX metadata overhead for original: 0.0906 MB
2026-05-07 16:40:02,033 | WARNING | Detected duplicated initializers in graph_optimized: 3 groups, 0.0039 MB
2026-05-07 16:40:02,033 | WARNING | Model contains both FP32 and FP16 initializers in graph_optimized: fp32=1 fp16=211
2026-05-07 16:40:02,033 | INFO | Serialized ONNX metadata overhead for graph_optimized: 0.1491 MB
2026-05-07 16:40:02,033 | WARNING | Detected duplicated initializers in optimized: 3 groups, 0.0039 MB
2026-05-07 16:40:02,035 | WARNING | Model contains both FP32 and FP16 initializers in optimized: fp32=1 fp16=211
2026-05-07 16:40:02,035 | INFO | Serialized ONNX metadata overhead for optimized: 0.2086 MB
2026-05-07 16:40:02,035 | INFO | Benchmarking ONNX model latency: converted\model.onnx
2026-05-07 16:40:07,461 | INFO | Benchmark completed for converted\model.onnx: avg 80.6901 ms, throughput 12.39 infer/sec
2026-05-07 16:40:07,490 | INFO | Benchmarking ONNX model latency: output\model_int8.onnx
2026-05-07 16:40:12,724 | INFO | Benchmark completed for output\model_int8.onnx: avg 79.1406 ms, throughput 12.64 infer/sec
2026-05-07 16:40:12,751 | INFO | Benchmark statistics report written: reports\benchmark_statistics.json
2026-05-07 16:40:12,751 | INFO | Validating ONNX inference accuracy: converted\model.onnx vs output\model_int8.onnx
2026-05-07 16:40:14,745 | INFO | Accuracy validation report written: reports\accuracy_validation.json
2026-05-07 16:40:14,745 | INFO | Accuracy validation completed: MAE 0.00102995, MSE 0.01411094, cosine 0.99994929
2026-05-07 16:40:14,801 | INFO | INT8 optimization completed: 130.17 MB -> 130.30 MB (-0.10% compression)
2026-05-07 16:40:14,801 | INFO | Optimization pipeline completed
2026-05-07 16:40:14,801 | INFO | Validation report: {'model': 'output\\model_int8.onnx', 'status': 'validated', 'latency_ms': 12.4, 'memory_mb': 48}
2026-05-07 16:40:14,801 | INFO | Pipeline completed successfully
2026-05-07 17:12:11,413 | INFO | Detected Conv-heavy CNN architecture
2026-05-07 17:12:11,413 | INFO | Model statistics: params=68200608, initializers=207, nodes=539, size=130.1730 MB
2026-05-07 17:12:11,413 | WARNING | Huge-model rejection detected: estimated footprint 162.6935 MB
2026-05-07 17:12:11,432 | INFO | Selected static INT8 quantization for raspberry_pi deployment
2026-05-07 17:12:11,445 | INFO | Decision reason: Conv-heavy CPU deployment benefits from calibrated static INT8; dynamic INT8 mostly targets MatMul/Gemm weights.
2026-05-07 17:12:11,445 | INFO | Decision reason: static_int8 is recommended, but this repository currently executes graph for ONNX artifacts.
2026-05-07 17:12:11,445 | INFO | Decision reason: Dynamic quantization unsuitable for Conv-heavy graph because it primarily optimizes MatMul/Gemm weights.
2026-05-07 17:12:11,445 | INFO | Decision reason: TFLite-family export is preferred for this hardware target.
2026-05-07 17:12:11,445 | INFO | Rejected optimization strategy: dynamic_int8
2026-05-07 17:12:11,445 | INFO | Rejected optimization strategy: fp16
2026-05-07 17:12:11,445 | INFO | Rejected optimization strategy: tensorrt
2026-05-07 17:12:11,445 | INFO | Selected FP16 optimization for jetson deployment
2026-05-07 17:12:11,445 | INFO | Decision reason: Jetson provides GPU/TensorRT acceleration, making FP16 a strong default for CNN inference.
2026-05-07 17:12:11,445 | INFO | Decision reason: Dynamic quantization unsuitable for Conv-heavy graph because it primarily optimizes MatMul/Gemm weights.
2026-05-07 17:12:11,445 | INFO | Decision reason: TensorRT export is recommended for deployment packaging.
2026-05-07 17:12:11,445 | INFO | Rejected optimization strategy: dynamic_int8
2026-05-07 17:12:11,445 | INFO | Rejected optimization strategy: tflite_micro
2026-05-07 17:12:11,445 | INFO | Selected dynamic INT8 optimization for cpu deployment
2026-05-07 17:12:11,445 | INFO | Decision reason: Generic CPU fallback keeps the existing ONNX Runtime dynamic INT8 workflow.
2026-05-07 17:12:11,445 | INFO | Rejected optimization strategy: fp16
2026-05-07 17:12:11,445 | INFO | Rejected optimization strategy: tensorrt
2026-05-07 17:12:11,445 | INFO | Rejected optimization strategy: tflite_micro
2026-05-07 17:12:11,445 | WARNING | esp32 target rejected due to estimated memory footprint 162.6935 MB
2026-05-07 17:12:11,445 | INFO | Decision reason: Estimated memory footprint exceeds the target microcontroller budget.
2026-05-07 17:12:11,445 | INFO | Decision reason: Dynamic quantization unsuitable for Conv-heavy graph because it primarily optimizes MatMul/Gemm weights.
2026-05-07 17:12:11,445 | INFO | Rejected optimization strategy: dynamic_int8
2026-05-07 17:12:11,445 | INFO | Rejected optimization strategy: fp16
2026-05-07 17:12:11,445 | INFO | Rejected optimization strategy: tensorrt
2026-05-07 17:12:11,445 | INFO | Rejected optimization strategy: tflite_micro
2026-05-07 17:12:17,178 | INFO | Detected Conv-heavy CNN architecture
2026-05-07 17:12:17,178 | INFO | Model statistics: params=68200608, initializers=207, nodes=539, size=130.1730 MB
2026-05-07 17:12:17,178 | WARNING | Huge-model rejection detected: estimated footprint 162.6935 MB
2026-05-07 17:12:17,202 | INFO | Selected static INT8 quantization for raspberry_pi deployment
2026-05-07 17:12:17,202 | INFO | Decision reason: Conv-heavy CPU deployment benefits from calibrated static INT8; dynamic INT8 mostly targets MatMul/Gemm weights.
2026-05-07 17:12:17,202 | INFO | Decision reason: static_int8 is recommended, but this repository currently executes graph for ONNX artifacts.
2026-05-07 17:12:17,202 | INFO | Decision reason: Dynamic quantization unsuitable for Conv-heavy graph because it primarily optimizes MatMul/Gemm weights.
2026-05-07 17:12:17,202 | INFO | Decision reason: TFLite-family export is preferred for this hardware target.
2026-05-07 17:12:17,202 | INFO | Rejected optimization strategy: dynamic_int8
2026-05-07 17:12:17,202 | INFO | Rejected optimization strategy: fp16
2026-05-07 17:12:17,202 | INFO | Rejected optimization strategy: tensorrt
2026-05-07 17:12:17,202 | INFO | Optimization recommendation report written: reports\optimization_recommendation.json
2026-05-07 17:12:31,567 | INFO | Starting adaptive ML deployment optimization pipeline
2026-05-07 17:12:31,578 | INFO | No legacy hardware YAML found for esp32; using decision-engine profile
2026-05-07 17:12:31,956 | INFO | Detected Conv-heavy CNN architecture
2026-05-07 17:12:31,956 | INFO | Model statistics: params=68200608, initializers=207, nodes=539, size=130.1730 MB
2026-05-07 17:12:31,956 | WARNING | Huge-model rejection detected: estimated footprint 162.6935 MB
2026-05-07 17:12:31,973 | WARNING | esp32 target rejected due to estimated memory footprint 162.6935 MB
2026-05-07 17:12:31,973 | INFO | Decision reason: Estimated memory footprint exceeds the target microcontroller budget.
2026-05-07 17:12:31,973 | INFO | Decision reason: Dynamic quantization unsuitable for Conv-heavy graph because it primarily optimizes MatMul/Gemm weights.
2026-05-07 17:12:31,973 | INFO | Rejected optimization strategy: dynamic_int8
2026-05-07 17:12:31,973 | INFO | Rejected optimization strategy: fp16
2026-05-07 17:12:31,973 | INFO | Rejected optimization strategy: tensorrt
2026-05-07 17:12:31,973 | INFO | Rejected optimization strategy: tflite_micro
2026-05-07 17:12:31,975 | INFO | Optimization recommendation report written: reports\optimization_recommendation.json
2026-05-07 17:20:44,574 | INFO | Starting adaptive ML deployment optimization pipeline
2026-05-07 17:20:44,596 | INFO | Detected Conv-heavy CNN architecture
2026-05-07 17:20:44,596 | INFO | Model statistics: params=0, initializers=0, nodes=0, size=130.5491 MB
2026-05-07 17:20:44,596 | WARNING | Huge-model rejection detected: estimated footprint 163.1864 MB
2026-05-07 17:20:44,596 | INFO | Selected FP16 optimization for jetson deployment
2026-05-07 17:20:44,596 | INFO | Decision reason: Jetson provides GPU/TensorRT acceleration, making FP16 a strong default for CNN inference.
2026-05-07 17:20:44,596 | INFO | Decision reason: Dynamic quantization unsuitable for Conv-heavy graph because it primarily optimizes MatMul/Gemm weights.
2026-05-07 17:20:44,596 | INFO | Decision reason: TensorRT export is recommended for deployment packaging.
2026-05-07 17:20:44,596 | INFO | Rejected optimization strategy: dynamic_int8
2026-05-07 17:20:44,596 | INFO | Rejected optimization strategy: tflite_micro
2026-05-07 17:20:44,596 | INFO | Detected framework: pytorch
2026-05-07 17:20:44,596 | INFO | Structured pruning disabled for PyTorch export
2026-05-07 17:20:44,596 | INFO | Exporting PyTorch model to ONNX: input\yolov8x.pt -> converted\model.onnx
2026-05-07 17:20:51,131 | INFO | Loaded PyTorch model with standard torch.load
2026-05-07 17:20:51,131 | INFO | Detected PyTorch model parameter dtype: torch.float16
2026-05-07 17:21:14,709 | INFO | Using dummy input shape (1, 3, 224, 224), opset 17, dynamic batch axes: True
2026-05-07 17:21:41,771 | INFO | PyTorch ONNX export completed: converted\model.onnx
2026-05-07 17:21:41,995 | INFO | Detected Conv-heavy CNN architecture
2026-05-07 17:21:41,995 | INFO | Model statistics: params=68200608, initializers=207, nodes=539, size=130.1730 MB
2026-05-07 17:21:41,995 | WARNING | Huge-model rejection detected: estimated footprint 162.6935 MB
2026-05-07 17:21:42,016 | INFO | Selected FP16 optimization for jetson deployment
2026-05-07 17:21:42,016 | INFO | Decision reason: Jetson provides GPU/TensorRT acceleration, making FP16 a strong default for CNN inference.
2026-05-07 17:21:42,016 | INFO | Decision reason: Dynamic quantization unsuitable for Conv-heavy graph because it primarily optimizes MatMul/Gemm weights.
2026-05-07 17:21:42,016 | INFO | Decision reason: TensorRT export is recommended for deployment packaging.
2026-05-07 17:21:42,016 | INFO | Rejected optimization strategy: dynamic_int8
2026-05-07 17:21:42,016 | INFO | Rejected optimization strategy: tflite_micro
2026-05-07 17:21:42,021 | INFO | Optimization recommendation report written: reports\optimization_recommendation.json
2026-05-07 17:21:42,022 | INFO | Optimizing model for target: NVIDIA Jetson
2026-05-07 17:21:42,023 | INFO | Quantization strategy: fp16
2026-05-07 17:21:42,026 | INFO | Running ONNX graph optimization: converted\model.onnx -> output\model_graph_optimized.onnx
2026-05-07 17:21:46,525 | WARNING | Graph optimization increased graph size by 99.96%
2026-05-07 17:21:49,540 | INFO | Graph optimization completed: 539 -> 715 nodes, -32.65% node reduction
2026-05-07 17:21:49,591 | INFO | Running ONNX FP16 conversion: output\model_graph_optimized.onnx -> output\model_fp16.onnx
2026-05-07 17:21:49,711 | INFO | Detected ONNX model precision before FP16 optimization: mixed_fp16_fp32
2026-05-07 17:21:49,712 | INFO | Skipping FP16 conversion: Model contains majority FP16 tensors; redundant FP16 conversion skipped
2026-05-07 17:21:52,086 | INFO | Model size analysis report written: reports\model_size_analysis.json
2026-05-07 17:21:52,086 | INFO | Serialized ONNX metadata overhead for original: 0.0906 MB
2026-05-07 17:21:52,086 | WARNING | Detected duplicated initializers in graph_optimized: 3 groups, 0.0039 MB
2026-05-07 17:21:52,086 | WARNING | Model contains both FP32 and FP16 initializers in graph_optimized: fp32=1 fp16=211
2026-05-07 17:21:52,086 | INFO | Serialized ONNX metadata overhead for graph_optimized: 0.1491 MB
2026-05-07 17:21:52,086 | WARNING | Detected duplicated initializers in optimized: 3 groups, 0.0039 MB
2026-05-07 17:21:52,086 | WARNING | Model contains both FP32 and FP16 initializers in optimized: fp32=1 fp16=211
2026-05-07 17:21:52,086 | INFO | Serialized ONNX metadata overhead for optimized: 0.1491 MB
2026-05-07 17:21:52,086 | INFO | Benchmarking ONNX model latency: converted\model.onnx
2026-05-07 17:21:58,094 | INFO | Benchmark completed for converted\model.onnx: avg 86.1562 ms, throughput 11.61 infer/sec
2026-05-07 17:21:58,127 | INFO | Benchmarking ONNX model latency: output\model_fp16.onnx
2026-05-07 17:22:03,390 | INFO | Benchmark completed for output\model_fp16.onnx: avg 79.0439 ms, throughput 12.65 infer/sec
2026-05-07 17:22:03,414 | INFO | Benchmark statistics report written: reports\benchmark_statistics.json
2026-05-07 17:22:03,414 | INFO | Validating ONNX inference accuracy: converted\model.onnx vs output\model_fp16.onnx
2026-05-07 17:22:05,504 | INFO | Accuracy validation report written: reports\accuracy_validation.json
2026-05-07 17:22:05,504 | INFO | Accuracy validation completed: MAE 0.00000000, MSE 0.00000000, cosine 1.00000000
2026-05-07 17:22:05,567 | INFO | FP16 optimization completed: 130.17 MB -> 130.24 MB (-0.05% compression)
2026-05-07 17:22:05,567 | INFO | Optimization pipeline completed
2026-05-07 17:22:05,574 | INFO | Validation report: {'model': 'output\\model_fp16.onnx', 'status': 'validated', 'latency_ms': 12.4, 'memory_mb': 48}
2026-05-07 17:22:05,574 | INFO | Adaptive pipeline completed successfully
2026-05-07 17:23:16,702 | INFO | Starting adaptive ML deployment optimization pipeline
2026-05-07 17:23:16,735 | INFO | Detected Conv-heavy CNN architecture
2026-05-07 17:23:16,736 | INFO | Model statistics: params=0, initializers=0, nodes=0, size=130.5491 MB
2026-05-07 17:23:16,736 | WARNING | Huge-model rejection detected: estimated footprint 163.1864 MB
2026-05-07 17:23:16,737 | INFO | Selected static INT8 quantization for raspberry_pi deployment
2026-05-07 17:23:16,737 | INFO | Decision reason: Conv-heavy CPU deployment benefits from calibrated static INT8; dynamic INT8 mostly targets MatMul/Gemm weights.
2026-05-07 17:23:16,737 | INFO | Decision reason: static_int8 is recommended, but this repository currently executes graph for ONNX artifacts.
2026-05-07 17:23:16,737 | INFO | Decision reason: Dynamic quantization unsuitable for Conv-heavy graph because it primarily optimizes MatMul/Gemm weights.
2026-05-07 17:23:16,737 | INFO | Decision reason: TFLite-family export is preferred for this hardware target.
2026-05-07 17:23:16,738 | INFO | Rejected optimization strategy: dynamic_int8
2026-05-07 17:23:16,738 | INFO | Rejected optimization strategy: fp16
2026-05-07 17:23:16,738 | INFO | Rejected optimization strategy: tensorrt
2026-05-07 17:23:16,738 | INFO | Detected framework: pytorch
2026-05-07 17:23:16,739 | INFO | Running PyTorch structured pruning: input\yolov8x.pt -> output\yolov8x_pruned.pt, ratio 0.2000
2026-05-07 17:23:20,218 | INFO | Pruning statistics report written: reports\pruning_statistics.json
2026-05-07 17:23:20,218 | INFO | Structured pruning completed: 19.98% sparsity, 19.98% estimated compression improvement
2026-05-07 17:23:20,227 | INFO | Exporting PyTorch model to ONNX: output\yolov8x_pruned.pt -> converted\model.onnx
2026-05-07 17:23:20,647 | INFO | Loaded PyTorch model with standard torch.load
2026-05-07 17:23:20,652 | INFO | Detected PyTorch model parameter dtype: torch.float16
2026-05-07 17:23:44,079 | INFO | Using dummy input shape (1, 3, 224, 224), opset 17, dynamic batch axes: True
2026-05-07 17:24:09,894 | INFO | PyTorch ONNX export completed: converted\model.onnx
2026-05-07 17:24:10,036 | INFO | Detected Conv-heavy CNN architecture
2026-05-07 17:24:10,036 | INFO | Model statistics: params=68200608, initializers=207, nodes=539, size=130.1730 MB
2026-05-07 17:24:10,036 | WARNING | Huge-model rejection detected: estimated footprint 162.6935 MB
2026-05-07 17:24:10,050 | INFO | Selected static INT8 quantization for raspberry_pi deployment
2026-05-07 17:24:10,050 | INFO | Decision reason: Conv-heavy CPU deployment benefits from calibrated static INT8; dynamic INT8 mostly targets MatMul/Gemm weights.
2026-05-07 17:24:10,050 | INFO | Decision reason: static_int8 is recommended, but this repository currently executes graph for ONNX artifacts.
2026-05-07 17:24:10,051 | INFO | Decision reason: Dynamic quantization unsuitable for Conv-heavy graph because it primarily optimizes MatMul/Gemm weights.
2026-05-07 17:24:10,051 | INFO | Decision reason: TFLite-family export is preferred for this hardware target.
2026-05-07 17:24:10,051 | INFO | Rejected optimization strategy: dynamic_int8
2026-05-07 17:24:10,051 | INFO | Rejected optimization strategy: fp16
2026-05-07 17:24:10,051 | INFO | Rejected optimization strategy: tensorrt
2026-05-07 17:24:10,054 | INFO | Optimization recommendation report written: reports\optimization_recommendation.json
2026-05-07 17:24:10,055 | INFO | Optimizing model for target: Raspberry Pi
2026-05-07 17:24:10,055 | INFO | Quantization strategy: graph
2026-05-07 17:24:10,055 | INFO | Running ONNX graph optimization: converted\model.onnx -> output\model_graph_optimized.onnx
2026-05-07 17:24:12,722 | WARNING | Graph optimization increased graph size by 99.96%
2026-05-07 17:24:15,506 | INFO | Graph optimization completed: 539 -> 715 nodes, -32.65% node reduction
2026-05-07 17:24:15,531 | INFO | Preserving ONNX graph-optimized artifact without precision quantization: output\model_graph_optimized.onnx -> output\model_graph.onnx
2026-05-07 17:24:17,293 | INFO | Model size analysis report written: reports\model_size_analysis.json
2026-05-07 17:24:17,293 | INFO | Serialized ONNX metadata overhead for original: 0.0906 MB
2026-05-07 17:24:17,293 | WARNING | Detected duplicated initializers in graph_optimized: 3 groups, 0.0039 MB
2026-05-07 17:24:17,293 | WARNING | Model contains both FP32 and FP16 initializers in graph_optimized: fp32=1 fp16=211
2026-05-07 17:24:17,293 | INFO | Serialized ONNX metadata overhead for graph_optimized: 0.1490 MB
2026-05-07 17:24:17,293 | WARNING | Detected duplicated initializers in optimized: 3 groups, 0.0039 MB
2026-05-07 17:24:17,293 | WARNING | Model contains both FP32 and FP16 initializers in optimized: fp32=1 fp16=211
2026-05-07 17:24:17,293 | INFO | Serialized ONNX metadata overhead for optimized: 0.1490 MB
2026-05-07 17:24:17,293 | INFO | Benchmarking ONNX model latency: converted\model.onnx
2026-05-07 17:24:22,880 | INFO | Benchmark completed for converted\model.onnx: avg 84.3475 ms, throughput 11.86 infer/sec
2026-05-07 17:24:22,909 | INFO | Benchmarking ONNX model latency: output\model_graph.onnx
2026-05-07 17:24:28,191 | INFO | Benchmark completed for output\model_graph.onnx: avg 80.1975 ms, throughput 12.47 infer/sec
2026-05-07 17:24:28,206 | INFO | Benchmark statistics report written: reports\benchmark_statistics.json
2026-05-07 17:24:28,206 | INFO | Validating ONNX inference accuracy: converted\model.onnx vs output\model_graph.onnx
2026-05-07 17:24:30,330 | INFO | Accuracy validation report written: reports\accuracy_validation.json
2026-05-07 17:24:30,332 | INFO | Accuracy validation completed: MAE 0.00000000, MSE 0.00000000, cosine 1.00000000
2026-05-07 17:24:30,394 | INFO | GRAPH optimization completed: 130.17 MB -> 130.24 MB (-0.05% compression)
2026-05-07 17:24:30,394 | INFO | Optimization pipeline completed
2026-05-07 17:24:30,394 | INFO | Validation report: {'model': 'output\\model_graph.onnx', 'status': 'validated', 'latency_ms': 12.4, 'memory_mb': 48}
2026-05-07 17:24:30,394 | INFO | Adaptive pipeline completed successfully
2026-05-07 17:25:26,676 | INFO | Starting adaptive ML deployment optimization pipeline
2026-05-07 17:25:26,691 | INFO | No legacy hardware YAML found for esp32; using decision-engine profile
2026-05-07 17:25:26,693 | INFO | Detected Conv-heavy CNN architecture
2026-05-07 17:25:26,693 | INFO | Model statistics: params=0, initializers=0, nodes=0, size=130.5491 MB
2026-05-07 17:25:26,693 | WARNING | Huge-model rejection detected: estimated footprint 163.1864 MB
2026-05-07 17:25:26,693 | WARNING | esp32 target rejected due to estimated memory footprint 163.1864 MB
2026-05-07 17:25:26,693 | INFO | Decision reason: Estimated memory footprint exceeds the target microcontroller budget.
2026-05-07 17:25:26,694 | INFO | Decision reason: Dynamic quantization unsuitable for Conv-heavy graph because it primarily optimizes MatMul/Gemm weights.
2026-05-07 17:25:26,694 | INFO | Rejected optimization strategy: dynamic_int8
2026-05-07 17:25:26,694 | INFO | Rejected optimization strategy: fp16
2026-05-07 17:25:26,694 | INFO | Rejected optimization strategy: tensorrt
2026-05-07 17:25:26,694 | INFO | Rejected optimization strategy: tflite_micro
2026-05-07 17:25:26,695 | INFO | Optimization recommendation report written: reports\optimization_recommendation.json
2026-05-07 17:25:32,530 | INFO | Starting adaptive ML deployment optimization pipeline
2026-05-07 17:25:32,546 | INFO | No legacy hardware YAML found for esp32; using decision-engine profile
2026-05-07 17:25:32,546 | INFO | Detected Conv-heavy CNN architecture
2026-05-07 17:25:32,546 | INFO | Model statistics: params=0, initializers=0, nodes=0, size=130.5491 MB
2026-05-07 17:25:32,546 | WARNING | Huge-model rejection detected: estimated footprint 163.1864 MB
2026-05-07 17:25:32,546 | WARNING | esp32 target rejected due to estimated memory footprint 163.1864 MB
2026-05-07 17:25:32,554 | INFO | Decision reason: Estimated memory footprint exceeds the target microcontroller budget.
2026-05-07 17:25:32,554 | INFO | Decision reason: Dynamic quantization unsuitable for Conv-heavy graph because it primarily optimizes MatMul/Gemm weights.
2026-05-07 17:25:32,555 | INFO | Rejected optimization strategy: dynamic_int8
2026-05-07 17:25:32,555 | INFO | Rejected optimization strategy: fp16
2026-05-07 17:25:32,555 | INFO | Rejected optimization strategy: tensorrt
2026-05-07 17:25:32,555 | INFO | Rejected optimization strategy: tflite_micro
2026-05-07 17:25:32,556 | INFO | Optimization recommendation report written: reports\optimization_recommendation.json
2026-05-07 17:29:43,740 | INFO | Detected Conv-heavy CNN architecture
2026-05-07 17:29:43,740 | INFO | Model statistics: params=68200608, initializers=207, nodes=539, size=130.1730 MB
2026-05-07 17:29:43,740 | WARNING | Huge-model rejection detected: estimated footprint 162.6935 MB
2026-05-07 17:29:43,753 | INFO | Selected static INT8 quantization for raspberry_pi deployment
2026-05-07 17:29:43,753 | INFO | Decision reason: Conv-heavy CPU deployment benefits from calibrated static INT8; dynamic INT8 mostly targets MatMul/Gemm weights.
2026-05-07 17:29:43,753 | INFO | Decision reason: Dynamic quantization unsuitable for Conv-heavy graph because it primarily optimizes MatMul/Gemm weights.
2026-05-07 17:29:43,753 | INFO | Decision reason: TFLite-family export is preferred for this hardware target.
2026-05-07 17:29:43,753 | INFO | Rejected optimization strategy: dynamic_int8
2026-05-07 17:29:43,753 | INFO | Rejected optimization strategy: fp16
2026-05-07 17:29:43,753 | INFO | Rejected optimization strategy: tensorrt
2026-05-07 17:29:57,487 | INFO | Running ONNX Runtime static INT8 quantization: output\static_int8_smoke\conv.onnx -> output\static_int8_smoke\conv_static_int8.onnx
2026-05-07 17:29:57,505 | WARNING | Please consider to run pre-processing before quantization. Refer to example: https://github.com/microsoft/onnxruntime-inference-examples/blob/main/quantization/image_classification/cpu/ReadMe.md 
2026-05-07 17:29:57,566 | WARNING | Please consider pre-processing before quantization. See https://github.com/microsoft/onnxruntime-inference-examples/blob/main/quantization/image_classification/cpu/ReadMe.md 
2026-05-07 17:29:57,590 | INFO | Static INT8 quantization report written: reports\static_int8_quantization.json
2026-05-07 17:29:57,590 | INFO | Static INT8 quantization completed: quantized_ops=6, conv_quantized=1
2026-05-07 17:30:43,365 | INFO | Optimizing model for target: Static INT8 Smoke Target
2026-05-07 17:30:43,365 | INFO | Quantization strategy: static_int8
2026-05-07 17:30:43,365 | INFO | Graph optimization disabled by hardware profile
2026-05-07 17:30:43,365 | INFO | Running ONNX Runtime static INT8 quantization: output\static_int8_smoke\conv.onnx -> output\conv_static_int8.onnx
2026-05-07 17:30:43,371 | WARNING | Please consider to run pre-processing before quantization. Refer to example: https://github.com/microsoft/onnxruntime-inference-examples/blob/main/quantization/image_classification/cpu/ReadMe.md 
2026-05-07 17:30:43,428 | WARNING | Please consider pre-processing before quantization. See https://github.com/microsoft/onnxruntime-inference-examples/blob/main/quantization/image_classification/cpu/ReadMe.md 
2026-05-07 17:30:43,428 | INFO | Static INT8 quantization report written: reports\static_int8_quantization.json
2026-05-07 17:30:43,428 | INFO | Static INT8 quantization completed: quantized_ops=6, conv_quantized=1
2026-05-07 17:30:43,428 | INFO | Model size analysis report written: reports\model_size_analysis.json
2026-05-07 17:30:43,428 | INFO | Serialized ONNX metadata overhead for original: 0.0002 MB
2026-05-07 17:30:43,428 | INFO | Serialized ONNX metadata overhead for optimized: 0.0013 MB
2026-05-07 17:30:43,428 | WARNING | original_vs_optimized increased graph size by 144.77%
2026-05-07 17:30:43,428 | INFO | Benchmarking ONNX model latency: output\static_int8_smoke\conv.onnx
2026-05-07 17:30:43,452 | INFO | Benchmark completed for output\static_int8_smoke\conv.onnx: avg 0.0220 ms, throughput 45545.64 infer/sec
2026-05-07 17:30:43,452 | INFO | Benchmarking ONNX model latency: output\conv_static_int8.onnx
2026-05-07 17:30:43,468 | INFO | Benchmark completed for output\conv_static_int8.onnx: avg 0.0583 ms, throughput 17147.95 infer/sec
2026-05-07 17:30:43,469 | INFO | Benchmark statistics report written: reports\benchmark_statistics.json
2026-05-07 17:30:43,471 | INFO | Validating ONNX inference accuracy: output\static_int8_smoke\conv.onnx vs output\conv_static_int8.onnx
2026-05-07 17:30:43,481 | INFO | Accuracy validation report written: reports\accuracy_validation.json
2026-05-07 17:30:43,481 | INFO | Accuracy validation completed: MAE 0.12105662, MSE 0.07294560, cosine 0.99030670
2026-05-07 17:30:43,486 | INFO | STATIC_INT8 optimization completed: 0.00 MB -> 0.00 MB (-144.77% compression)
2026-05-07 17:30:43,487 | INFO | Optimization pipeline completed
2026-05-07 17:52:02,486 | INFO | Starting adaptive ML deployment optimization pipeline
2026-05-07 17:52:02,499 | INFO | Detected Conv-heavy CNN architecture
2026-05-07 17:52:02,499 | INFO | Model statistics: params=0, initializers=0, nodes=0, size=130.5491 MB
2026-05-07 17:52:02,499 | WARNING | Huge-model rejection detected: estimated footprint 163.1864 MB
2026-05-07 17:52:02,499 | INFO | Selected static INT8 quantization for raspberry_pi deployment
2026-05-07 17:52:02,499 | INFO | Decision reason: Conv-heavy CPU deployment benefits from calibrated static INT8; dynamic INT8 mostly targets MatMul/Gemm weights.
2026-05-07 17:52:02,502 | INFO | Decision reason: Dynamic quantization unsuitable for Conv-heavy graph because it primarily optimizes MatMul/Gemm weights.
2026-05-07 17:52:02,502 | INFO | Decision reason: TFLite-family export is preferred for this hardware target.
2026-05-07 17:52:02,502 | INFO | Rejected optimization strategy: dynamic_int8
2026-05-07 17:52:02,502 | INFO | Rejected optimization strategy: fp16
2026-05-07 17:52:02,502 | INFO | Rejected optimization strategy: tensorrt
2026-05-07 17:52:02,503 | INFO | Detected framework: pytorch
2026-05-07 17:52:02,504 | INFO | Running PyTorch structured pruning: input\yolov8x.pt -> output\yolov8x_pruned.pt, ratio 0.2000
2026-05-07 17:52:04,497 | INFO | Pruning statistics report written: reports\pruning_statistics.json
2026-05-07 17:52:04,497 | INFO | Structured pruning completed: 19.98% sparsity, 19.98% estimated compression improvement
2026-05-07 17:52:04,497 | INFO | Exporting PyTorch model to ONNX: output\yolov8x_pruned.pt -> converted\model.onnx
2026-05-07 17:52:04,646 | INFO | Loaded PyTorch model with standard torch.load
2026-05-07 17:52:04,646 | INFO | Detected PyTorch model parameter dtype: torch.float16
2026-05-07 17:52:28,400 | INFO | Using dummy input shape (1, 3, 224, 224), opset 17, dynamic batch axes: True
2026-05-07 17:52:56,738 | INFO | PyTorch ONNX export completed: converted\model.onnx
2026-05-07 17:52:56,835 | INFO | Detected Conv-heavy CNN architecture
2026-05-07 17:52:56,851 | INFO | Model statistics: params=68200608, initializers=207, nodes=539, size=130.1730 MB
2026-05-07 17:52:56,851 | WARNING | Huge-model rejection detected: estimated footprint 162.6935 MB
2026-05-07 17:52:56,851 | INFO | Selected static INT8 quantization for raspberry_pi deployment
2026-05-07 17:52:56,851 | INFO | Decision reason: Conv-heavy CPU deployment benefits from calibrated static INT8; dynamic INT8 mostly targets MatMul/Gemm weights.
2026-05-07 17:52:56,851 | INFO | Decision reason: Dynamic quantization unsuitable for Conv-heavy graph because it primarily optimizes MatMul/Gemm weights.
2026-05-07 17:52:56,851 | INFO | Decision reason: TFLite-family export is preferred for this hardware target.
2026-05-07 17:52:56,851 | INFO | Rejected optimization strategy: dynamic_int8
2026-05-07 17:52:56,851 | INFO | Rejected optimization strategy: fp16
2026-05-07 17:52:56,851 | INFO | Rejected optimization strategy: tensorrt
2026-05-07 17:52:56,867 | INFO | Optimization recommendation report written: reports\optimization_recommendation.json
2026-05-07 17:52:56,868 | INFO | Optimizing model for target: Raspberry Pi
2026-05-07 17:52:56,868 | INFO | Quantization strategy: static_int8
2026-05-07 17:52:56,869 | INFO | Graph optimization disabled by hardware profile
2026-05-07 17:52:56,873 | INFO | Running ONNX Runtime static INT8 quantization: converted\model.onnx -> output\model_static_int8.onnx
2026-05-07 17:52:59,174 | WARNING | Please consider to run pre-processing before quantization. Refer to example: https://github.com/microsoft/onnxruntime-inference-examples/blob/main/quantization/image_classification/cpu/ReadMe.md 
2026-05-07 17:53:20,438 | WARNING | Please consider pre-processing before quantization. See https://github.com/microsoft/onnxruntime-inference-examples/blob/main/quantization/image_classification/cpu/ReadMe.md 
2026-05-07 17:53:20,822 | INFO | Static INT8 quantization report written: reports\static_int8_quantization.json
2026-05-07 17:53:20,823 | INFO | Static INT8 quantization completed: quantized_ops=613, conv_quantized=104
2026-05-07 17:53:21,411 | INFO | Model size analysis report written: reports\model_size_analysis.json
2026-05-07 17:53:21,411 | INFO | Serialized ONNX metadata overhead for original: 0.0906 MB
2026-05-07 17:53:21,411 | WARNING | Detected duplicated initializers in graph_optimized: 3 groups, 0.0039 MB
2026-05-07 17:53:21,411 | WARNING | Model contains both FP32 and FP16 initializers in graph_optimized: fp32=1 fp16=211
2026-05-07 17:53:21,427 | INFO | Serialized ONNX metadata overhead for graph_optimized: 0.1490 MB
2026-05-07 17:53:21,427 | WARNING | Detected duplicated initializers in optimized: 65 groups, 0.1346 MB
2026-05-07 17:53:21,427 | INFO | Serialized ONNX metadata overhead for optimized: 0.3109 MB
2026-05-07 17:53:21,427 | INFO | Benchmarking ONNX model latency: converted\model.onnx
2026-05-07 17:53:26,836 | INFO | Benchmark completed for converted\model.onnx: avg 79.6225 ms, throughput 12.56 infer/sec
2026-05-07 17:53:26,850 | INFO | Benchmarking ONNX model latency: output\model_static_int8.onnx
2026-05-07 17:53:26,929 | ERROR | ONNX latency benchmark failed: [ONNXRuntimeError] : 10 : INVALID_GRAPH : Load model from output\model_static_int8.onnx failed:This is an invalid model. Type Error: Type 'tensor(float16)' of input parameter (input) of operator (QuantizeLinear) in node (input_QuantizeLinear) is invalid.
Traceback (most recent call last):
  File "D:\ml-deploy-pipeline-production_gpt-main\ml-deploy-pipeline-production_gpt-main\benchmark\latency_benchmark.py", line 31, in benchmark_model
    session = self._create_session(ort, model_path)
              ^^^^^^^^^^^^^^^^^^^^^^^^^^^^^^^^^^^^^
  File "D:\ml-deploy-pipeline-production_gpt-main\ml-deploy-pipeline-production_gpt-main\benchmark\latency_benchmark.py", line 117, in _create_session
    return ort.InferenceSession(
           ^^^^^^^^^^^^^^^^^^^^^
  File "D:\ml-deploy-pipeline-production_gpt-main\ml-deploy-pipeline-production_gpt-main\venv\Lib\site-packages\onnxruntime\capi\onnxruntime_inference_collection.py", line 529, in __init__
    self._create_inference_session(providers, provider_options, disabled_optimizers)
  File "D:\ml-deploy-pipeline-production_gpt-main\ml-deploy-pipeline-production_gpt-main\venv\Lib\site-packages\onnxruntime\capi\onnxruntime_inference_collection.py", line 624, in _create_inference_session
    sess = C.InferenceSession(session_options, self._model_path, True, self._read_config_from_model)
           ^^^^^^^^^^^^^^^^^^^^^^^^^^^^^^^^^^^^^^^^^^^^^^^^^^^^^^^^^^^^^^^^^^^^^^^^^^^^^^^^^^^^^^^^^
onnxruntime.capi.onnxruntime_pybind11_state.InvalidGraph: [ONNXRuntimeError] : 10 : INVALID_GRAPH : Load model from output\model_static_int8.onnx failed:This is an invalid model. Type Error: Type 'tensor(float16)' of input parameter (input) of operator (QuantizeLinear) in node (input_QuantizeLinear) is invalid.
2026-05-07 17:53:27,007 | ERROR | Optimization pipeline failed: Failed to benchmark ONNX model 'output\model_static_int8.onnx'
Traceback (most recent call last):
  File "D:\ml-deploy-pipeline-production_gpt-main\ml-deploy-pipeline-production_gpt-main\benchmark\latency_benchmark.py", line 31, in benchmark_model
    session = self._create_session(ort, model_path)
              ^^^^^^^^^^^^^^^^^^^^^^^^^^^^^^^^^^^^^
  File "D:\ml-deploy-pipeline-production_gpt-main\ml-deploy-pipeline-production_gpt-main\benchmark\latency_benchmark.py", line 117, in _create_session
    return ort.InferenceSession(
           ^^^^^^^^^^^^^^^^^^^^^
  File "D:\ml-deploy-pipeline-production_gpt-main\ml-deploy-pipeline-production_gpt-main\venv\Lib\site-packages\onnxruntime\capi\onnxruntime_inference_collection.py", line 529, in __init__
    self._create_inference_session(providers, provider_options, disabled_optimizers)
  File "D:\ml-deploy-pipeline-production_gpt-main\ml-deploy-pipeline-production_gpt-main\venv\Lib\site-packages\onnxruntime\capi\onnxruntime_inference_collection.py", line 624, in _create_inference_session
    sess = C.InferenceSession(session_options, self._model_path, True, self._read_config_from_model)
           ^^^^^^^^^^^^^^^^^^^^^^^^^^^^^^^^^^^^^^^^^^^^^^^^^^^^^^^^^^^^^^^^^^^^^^^^^^^^^^^^^^^^^^^^^
onnxruntime.capi.onnxruntime_pybind11_state.InvalidGraph: [ONNXRuntimeError] : 10 : INVALID_GRAPH : Load model from output\model_static_int8.onnx failed:This is an invalid model. Type Error: Type 'tensor(float16)' of input parameter (input) of operator (QuantizeLinear) in node (input_QuantizeLinear) is invalid.

The above exception was the direct cause of the following exception:

Traceback (most recent call last):
  File "D:\ml-deploy-pipeline-production_gpt-main\ml-deploy-pipeline-production_gpt-main\optimize\smart_optimizer.py", line 92, in optimize
    benchmark_report = self._benchmark_models(
                       ^^^^^^^^^^^^^^^^^^^^^^^
  File "D:\ml-deploy-pipeline-production_gpt-main\ml-deploy-pipeline-production_gpt-main\optimize\smart_optimizer.py", line 214, in _benchmark_models
    return benchmark.benchmark_pair(
           ^^^^^^^^^^^^^^^^^^^^^^^^^
  File "D:\ml-deploy-pipeline-production_gpt-main\ml-deploy-pipeline-production_gpt-main\benchmark\latency_benchmark.py", line 78, in benchmark_pair
    optimized_stats = self.benchmark_model(optimized_model)
                      ^^^^^^^^^^^^^^^^^^^^^^^^^^^^^^^^^^^^^
  File "D:\ml-deploy-pipeline-production_gpt-main\ml-deploy-pipeline-production_gpt-main\benchmark\latency_benchmark.py", line 74, in benchmark_model
    raise BenchmarkError(f"Failed to benchmark ONNX model '{model_path}'") from exc
benchmark.latency_benchmark.BenchmarkError: Failed to benchmark ONNX model 'output\model_static_int8.onnx'
2026-05-07 18:08:03,787 | INFO | Running ONNX Runtime static INT8 quantization: output\static_int8_fp16_smoke\conv_fp16.onnx -> output\static_int8_fp16_smoke\conv_static_int8.onnx
2026-05-07 18:08:03,794 | INFO | Detected FP16 graph before static quantization
2026-05-07 18:08:03,794 | INFO | Normalizing graph to FP32
2026-05-07 18:08:03,893 | INFO | FP32 normalization complete
2026-05-07 18:08:03,895 | INFO | Starting static INT8 quantization
2026-05-07 18:08:03,899 | WARNING | Please consider to run pre-processing before quantization. Refer to example: https://github.com/microsoft/onnxruntime-inference-examples/blob/main/quantization/image_classification/cpu/ReadMe.md 
2026-05-07 18:08:03,953 | WARNING | Please consider pre-processing before quantization. See https://github.com/microsoft/onnxruntime-inference-examples/blob/main/quantization/image_classification/cpu/ReadMe.md 
2026-05-07 18:08:03,984 | INFO | Static INT8 quantization report written: reports\static_int8_quantization.json
2026-05-07 18:08:03,984 | INFO | Static INT8 quantization completed: quantized_ops=6, conv_quantized=1
2026-05-07 18:08:12,196 | INFO | Optimizing model for target: FP16 Static INT8 Smoke Target
2026-05-07 18:08:12,196 | INFO | Quantization strategy: static_int8
2026-05-07 18:08:12,196 | INFO | Graph optimization disabled by hardware profile
2026-05-07 18:08:12,196 | INFO | Running ONNX Runtime static INT8 quantization: output\static_int8_fp16_smoke\conv_fp16.onnx -> output\conv_fp16_static_int8.onnx
2026-05-07 18:08:12,196 | INFO | Detected FP16 graph before static quantization
2026-05-07 18:08:12,196 | INFO | Normalizing graph to FP32
2026-05-07 18:08:12,214 | INFO | FP32 normalization complete
2026-05-07 18:08:12,214 | INFO | Starting static INT8 quantization
2026-05-07 18:08:12,214 | WARNING | Please consider to run pre-processing before quantization. Refer to example: https://github.com/microsoft/onnxruntime-inference-examples/blob/main/quantization/image_classification/cpu/ReadMe.md 
2026-05-07 18:08:12,261 | WARNING | Please consider pre-processing before quantization. See https://github.com/microsoft/onnxruntime-inference-examples/blob/main/quantization/image_classification/cpu/ReadMe.md 
2026-05-07 18:08:12,266 | INFO | Static INT8 quantization report written: reports\static_int8_quantization.json
2026-05-07 18:08:12,266 | INFO | Static INT8 quantization completed: quantized_ops=6, conv_quantized=1
2026-05-07 18:08:12,270 | INFO | Model size analysis report written: reports\model_size_analysis.json
2026-05-07 18:08:12,270 | INFO | Serialized ONNX metadata overhead for original: 0.0002 MB
2026-05-07 18:08:12,270 | INFO | Serialized ONNX metadata overhead for optimized: 0.0013 MB
2026-05-07 18:08:12,270 | WARNING | original_vs_optimized increased graph size by 273.22%
2026-05-07 18:08:12,270 | INFO | Benchmarking ONNX model latency: output\static_int8_fp16_smoke\conv_fp16.onnx
2026-05-07 18:08:12,296 | INFO | Benchmark completed for output\static_int8_fp16_smoke\conv_fp16.onnx: avg 0.0254 ms, throughput 39379.38 infer/sec
2026-05-07 18:08:12,296 | INFO | Benchmarking ONNX model latency: output\conv_fp16_static_int8.onnx
2026-05-07 18:08:12,306 | INFO | Benchmark completed for output\conv_fp16_static_int8.onnx: avg 0.0416 ms, throughput 24017.68 infer/sec
2026-05-07 18:08:12,309 | INFO | Benchmark statistics report written: reports\benchmark_statistics.json
2026-05-07 18:08:12,309 | INFO | Validating ONNX inference accuracy: output\static_int8_fp16_smoke\conv_fp16.onnx vs output\conv_fp16_static_int8.onnx
2026-05-07 18:08:12,321 | ERROR | ONNX accuracy validation failed: [ONNXRuntimeError] : 2 : INVALID_ARGUMENT : Unexpected input data type. Actual: (tensor(float16)) , expected: (tensor(float))
Traceback (most recent call last):
  File "D:\ml-deploy-pipeline-production_gpt-main\ml-deploy-pipeline-production_gpt-main\benchmark\accuracy_validator.py", line 36, in validate_pair
    optimized_outputs = optimized_session.run(None, inputs)
                        ^^^^^^^^^^^^^^^^^^^^^^^^^^^^^^^^^^^
  File "D:\ml-deploy-pipeline-production_gpt-main\ml-deploy-pipeline-production_gpt-main\venv\Lib\site-packages\onnxruntime\capi\onnxruntime_inference_collection.py", line 321, in run
    return self._sess.run(output_names, input_feed, run_options)
           ^^^^^^^^^^^^^^^^^^^^^^^^^^^^^^^^^^^^^^^^^^^^^^^^^^^^^
onnxruntime.capi.onnxruntime_pybind11_state.InvalidArgument: [ONNXRuntimeError] : 2 : INVALID_ARGUMENT : Unexpected input data type. Actual: (tensor(float16)) , expected: (tensor(float))
2026-05-07 18:08:12,339 | ERROR | Optimization pipeline failed: Failed to validate optimized ONNX inference accuracy
Traceback (most recent call last):
  File "D:\ml-deploy-pipeline-production_gpt-main\ml-deploy-pipeline-production_gpt-main\benchmark\accuracy_validator.py", line 36, in validate_pair
    optimized_outputs = optimized_session.run(None, inputs)
                        ^^^^^^^^^^^^^^^^^^^^^^^^^^^^^^^^^^^
  File "D:\ml-deploy-pipeline-production_gpt-main\ml-deploy-pipeline-production_gpt-main\venv\Lib\site-packages\onnxruntime\capi\onnxruntime_inference_collection.py", line 321, in run
    return self._sess.run(output_names, input_feed, run_options)
           ^^^^^^^^^^^^^^^^^^^^^^^^^^^^^^^^^^^^^^^^^^^^^^^^^^^^^
onnxruntime.capi.onnxruntime_pybind11_state.InvalidArgument: [ONNXRuntimeError] : 2 : INVALID_ARGUMENT : Unexpected input data type. Actual: (tensor(float16)) , expected: (tensor(float))

The above exception was the direct cause of the following exception:

Traceback (most recent call last):
  File "D:\ml-deploy-pipeline-production_gpt-main\ml-deploy-pipeline-production_gpt-main\optimize\smart_optimizer.py", line 98, in optimize
    accuracy_report = self._validate_accuracy(
                      ^^^^^^^^^^^^^^^^^^^^^^^^
  File "D:\ml-deploy-pipeline-production_gpt-main\ml-deploy-pipeline-production_gpt-main\optimize\smart_optimizer.py", line 222, in _validate_accuracy
    return validator.validate_pair(
           ^^^^^^^^^^^^^^^^^^^^^^^^
  File "D:\ml-deploy-pipeline-production_gpt-main\ml-deploy-pipeline-production_gpt-main\benchmark\accuracy_validator.py", line 74, in validate_pair
    raise AccuracyValidationError(
benchmark.accuracy_validator.AccuracyValidationError: Failed to validate optimized ONNX inference accuracy
2026-05-07 18:08:33,015 | INFO | Optimizing model for target: FP16 Static INT8 Smoke Target
2026-05-07 18:08:33,015 | INFO | Quantization strategy: static_int8
2026-05-07 18:08:33,015 | INFO | Graph optimization disabled by hardware profile
2026-05-07 18:08:33,015 | INFO | Running ONNX Runtime static INT8 quantization: output\static_int8_fp16_smoke\conv_fp16.onnx -> output\conv_fp16_static_int8.onnx
2026-05-07 18:08:33,015 | INFO | Detected FP16 graph before static quantization
2026-05-07 18:08:33,015 | INFO | Normalizing graph to FP32
2026-05-07 18:08:33,031 | INFO | FP32 normalization complete
2026-05-07 18:08:33,031 | INFO | Starting static INT8 quantization
2026-05-07 18:08:33,036 | WARNING | Please consider to run pre-processing before quantization. Refer to example: https://github.com/microsoft/onnxruntime-inference-examples/blob/main/quantization/image_classification/cpu/ReadMe.md 
2026-05-07 18:08:33,078 | WARNING | Please consider pre-processing before quantization. See https://github.com/microsoft/onnxruntime-inference-examples/blob/main/quantization/image_classification/cpu/ReadMe.md 
2026-05-07 18:08:33,086 | INFO | Static INT8 quantization report written: reports\static_int8_quantization.json
2026-05-07 18:08:33,086 | INFO | Static INT8 quantization completed: quantized_ops=6, conv_quantized=1
2026-05-07 18:08:33,092 | INFO | Model size analysis report written: reports\model_size_analysis.json
2026-05-07 18:08:33,092 | INFO | Serialized ONNX metadata overhead for original: 0.0002 MB
2026-05-07 18:08:33,092 | INFO | Serialized ONNX metadata overhead for optimized: 0.0013 MB
2026-05-07 18:08:33,092 | WARNING | original_vs_optimized increased graph size by 273.22%
2026-05-07 18:08:33,092 | INFO | Benchmarking ONNX model latency: output\static_int8_fp16_smoke\conv_fp16.onnx
2026-05-07 18:08:33,112 | INFO | Benchmark completed for output\static_int8_fp16_smoke\conv_fp16.onnx: avg 0.0262 ms, throughput 38167.94 infer/sec
2026-05-07 18:08:33,114 | INFO | Benchmarking ONNX model latency: output\conv_fp16_static_int8.onnx
2026-05-07 18:08:33,120 | INFO | Benchmark completed for output\conv_fp16_static_int8.onnx: avg 0.0422 ms, throughput 23695.56 infer/sec
2026-05-07 18:08:33,121 | INFO | Benchmark statistics report written: reports\benchmark_statistics.json
2026-05-07 18:08:33,121 | INFO | Validating ONNX inference accuracy: output\static_int8_fp16_smoke\conv_fp16.onnx vs output\conv_fp16_static_int8.onnx
2026-05-07 18:08:33,128 | INFO | Accuracy validation report written: reports\accuracy_validation.json
2026-05-07 18:08:33,128 | INFO | Accuracy validation completed: MAE 0.04985842, MSE 0.01554875, cosine 0.99911790
2026-05-07 18:08:33,133 | INFO | STATIC_INT8 optimization completed: 0.00 MB -> 0.00 MB (-273.22% compression)
2026-05-07 18:08:33,133 | INFO | Optimization pipeline completed
2026-05-07 18:08:59,810 | INFO | Running ONNX Runtime static INT8 quantization: output\static_int8_fp16_smoke\conv_fp16.onnx -> output\static_int8_fp16_smoke\conv_static_int8.onnx
2026-05-07 18:08:59,811 | INFO | Detected FP16 graph before static quantization
2026-05-07 18:08:59,811 | INFO | Normalizing graph to FP32
2026-05-07 18:08:59,824 | INFO | FP32 normalization complete
2026-05-07 18:08:59,824 | INFO | Starting static INT8 quantization
2026-05-07 18:08:59,829 | WARNING | Please consider to run pre-processing before quantization. Refer to example: https://github.com/microsoft/onnxruntime-inference-examples/blob/main/quantization/image_classification/cpu/ReadMe.md 
2026-05-07 18:08:59,874 | WARNING | Please consider pre-processing before quantization. See https://github.com/microsoft/onnxruntime-inference-examples/blob/main/quantization/image_classification/cpu/ReadMe.md 
2026-05-07 18:08:59,874 | INFO | Static INT8 quantization report written: reports\static_int8_quantization.json
2026-05-07 18:08:59,874 | INFO | Static INT8 quantization completed: quantized_ops=6, conv_quantized=1
2026-05-07 18:43:02,641 | INFO | Starting adaptive ML deployment optimization pipeline
2026-05-07 18:43:02,661 | INFO | Detected Conv-heavy CNN architecture
2026-05-07 18:43:02,661 | INFO | Model statistics: params=0, initializers=0, nodes=0, size=130.5491 MB
2026-05-07 18:43:02,661 | WARNING | Huge-model rejection detected: estimated footprint 163.1864 MB
2026-05-07 18:43:02,661 | INFO | Selected static INT8 quantization for raspberry_pi deployment
2026-05-07 18:43:02,661 | INFO | Decision reason: Conv-heavy CPU deployment benefits from calibrated static INT8; dynamic INT8 mostly targets MatMul/Gemm weights.
2026-05-07 18:43:02,661 | INFO | Decision reason: Dynamic quantization unsuitable for Conv-heavy graph because it primarily optimizes MatMul/Gemm weights.
2026-05-07 18:43:02,661 | INFO | Decision reason: TFLite-family export is preferred for this hardware target.
2026-05-07 18:43:02,661 | INFO | Rejected optimization strategy: dynamic_int8
2026-05-07 18:43:02,661 | INFO | Rejected optimization strategy: fp16
2026-05-07 18:43:02,661 | INFO | Rejected optimization strategy: tensorrt
2026-05-07 18:43:02,661 | INFO | Detected framework: pytorch
2026-05-07 18:43:02,661 | INFO | Running PyTorch structured pruning: input\yolov8x.pt -> output\yolov8x_pruned.pt, ratio 0.2000
2026-05-07 18:43:04,436 | INFO | Pruning statistics report written: reports\pruning_statistics.json
2026-05-07 18:43:04,436 | INFO | Structured pruning completed: 19.98% sparsity, 19.98% estimated compression improvement
2026-05-07 18:43:04,436 | INFO | Exporting PyTorch model to ONNX: output\yolov8x_pruned.pt -> converted\model.onnx
2026-05-07 18:43:04,606 | INFO | Loaded PyTorch model with standard torch.load
2026-05-07 18:43:04,606 | INFO | Detected PyTorch model parameter dtype: torch.float16
2026-05-07 18:43:28,385 | INFO | Using dummy input shape (1, 3, 224, 224), opset 17, dynamic batch axes: True
2026-05-07 18:43:55,665 | INFO | PyTorch ONNX export completed: converted\model.onnx
2026-05-07 18:43:55,818 | INFO | Detected Conv-heavy CNN architecture
2026-05-07 18:43:55,818 | INFO | Model statistics: params=68200608, initializers=207, nodes=539, size=130.1730 MB
2026-05-07 18:43:55,818 | WARNING | Huge-model rejection detected: estimated footprint 162.6935 MB
2026-05-07 18:43:55,831 | INFO | Selected static INT8 quantization for raspberry_pi deployment
2026-05-07 18:43:55,832 | INFO | Decision reason: Conv-heavy CPU deployment benefits from calibrated static INT8; dynamic INT8 mostly targets MatMul/Gemm weights.
2026-05-07 18:43:55,833 | INFO | Decision reason: Dynamic quantization unsuitable for Conv-heavy graph because it primarily optimizes MatMul/Gemm weights.
2026-05-07 18:43:55,833 | INFO | Decision reason: TFLite-family export is preferred for this hardware target.
2026-05-07 18:43:55,834 | INFO | Rejected optimization strategy: dynamic_int8
2026-05-07 18:43:55,834 | INFO | Rejected optimization strategy: fp16
2026-05-07 18:43:55,834 | INFO | Rejected optimization strategy: tensorrt
2026-05-07 18:43:55,835 | INFO | Optimization recommendation report written: reports\optimization_recommendation.json
2026-05-07 18:43:55,835 | INFO | Optimizing model for target: Raspberry Pi
2026-05-07 18:43:55,835 | INFO | Quantization strategy: static_int8
2026-05-07 18:43:55,840 | INFO | Graph optimization disabled by hardware profile
2026-05-07 18:43:55,844 | INFO | Running ONNX Runtime static INT8 quantization: converted\model.onnx -> output\model_static_int8.onnx
2026-05-07 18:43:55,955 | INFO | Detected FP16 graph before static quantization
2026-05-07 18:43:55,955 | INFO | Normalizing graph to FP32
2026-05-07 18:44:01,844 | INFO | FP32 normalization complete
2026-05-07 18:44:02,050 | INFO | Starting static INT8 quantization
2026-05-07 18:44:06,140 | WARNING | Please consider to run pre-processing before quantization. Refer to example: https://github.com/microsoft/onnxruntime-inference-examples/blob/main/quantization/image_classification/cpu/ReadMe.md 
2026-05-07 18:44:26,121 | WARNING | Please consider pre-processing before quantization. See https://github.com/microsoft/onnxruntime-inference-examples/blob/main/quantization/image_classification/cpu/ReadMe.md 
2026-05-07 18:44:27,222 | INFO | Static INT8 quantization report written: reports\static_int8_quantization.json
2026-05-07 18:44:27,222 | INFO | Static INT8 quantization completed: quantized_ops=613, conv_quantized=104
2026-05-07 18:44:27,908 | INFO | Model size analysis report written: reports\model_size_analysis.json
2026-05-07 18:44:27,910 | INFO | Serialized ONNX metadata overhead for original: 0.0906 MB
2026-05-07 18:44:27,910 | WARNING | Detected duplicated initializers in graph_optimized: 3 groups, 0.0039 MB
2026-05-07 18:44:27,910 | WARNING | Model contains both FP32 and FP16 initializers in graph_optimized: fp32=1 fp16=211
2026-05-07 18:44:27,910 | INFO | Serialized ONNX metadata overhead for graph_optimized: 0.1490 MB
2026-05-07 18:44:27,910 | WARNING | Detected duplicated initializers in optimized: 56 groups, 0.1346 MB
2026-05-07 18:44:27,910 | INFO | Serialized ONNX metadata overhead for optimized: 0.3207 MB
2026-05-07 18:44:27,910 | INFO | Benchmarking ONNX model latency: converted\model.onnx
2026-05-07 18:44:33,108 | INFO | Benchmark completed for converted\model.onnx: avg 76.3840 ms, throughput 13.09 infer/sec
2026-05-07 18:44:33,147 | INFO | Benchmarking ONNX model latency: output\model_static_int8.onnx
2026-05-07 18:44:38,229 | INFO | Benchmark completed for output\model_static_int8.onnx: avg 83.0843 ms, throughput 12.04 infer/sec
2026-05-07 18:44:38,230 | INFO | Benchmark statistics report written: reports\benchmark_statistics.json
2026-05-07 18:44:38,230 | INFO | Validating ONNX inference accuracy: converted\model.onnx vs output\model_static_int8.onnx
2026-05-07 18:44:39,841 | INFO | Accuracy validation report written: reports\accuracy_validation.json
2026-05-07 18:44:39,841 | INFO | Accuracy validation completed: MAE 0.08308146, MSE 0.07149586, cosine 0.99412136
2026-05-07 18:44:39,898 | INFO | STATIC_INT8 optimization completed: 130.17 MB -> 65.81 MB (49.44% compression)
2026-05-07 18:44:39,898 | INFO | Optimization pipeline completed
2026-05-07 18:44:39,898 | INFO | Validation report: {'model': 'output\\model_static_int8.onnx', 'status': 'validated', 'latency_ms': 12.4, 'memory_mb': 48}
2026-05-07 18:44:39,898 | INFO | Adaptive pipeline completed successfully
2026-05-07 18:53:54,356 | INFO | Starting adaptive ML deployment optimization pipeline
2026-05-07 18:53:54,369 | INFO | Detected Unknown architecture
2026-05-07 18:53:54,369 | INFO | Model statistics: params=0, initializers=0, nodes=0, size=97.8175 MB
2026-05-07 18:53:54,374 | WARNING | Huge-model rejection detected: estimated footprint 122.2719 MB
2026-05-07 18:53:54,374 | INFO | Selected graph optimization strategy
2026-05-07 18:53:54,374 | INFO | Decision reason: No specific architecture/hardware rule matched; preserve ONNX graph optimization and reporting.
2026-05-07 18:53:54,374 | INFO | Detected framework: pytorch
2026-05-07 18:53:54,375 | INFO | Structured pruning disabled for PyTorch export
2026-05-07 18:53:54,375 | INFO | Exporting PyTorch model to ONNX: input\resnet50.pt -> converted\model.onnx
2026-05-07 18:53:56,457 | INFO | Loaded PyTorch model with standard torch.load
2026-05-07 18:53:56,463 | INFO | Detected PyTorch model parameter dtype: torch.float32
2026-05-07 18:53:56,982 | INFO | Using dummy input shape (1, 3, 224, 224), opset 17, dynamic batch axes: True
2026-05-07 18:54:01,229 | INFO | PyTorch ONNX export completed: converted\model.onnx
2026-05-07 18:54:01,340 | INFO | Detected Conv-heavy CNN architecture
2026-05-07 18:54:01,340 | INFO | Model statistics: params=25530472, initializers=108, nodes=122, size=97.4144 MB
2026-05-07 18:54:01,341 | WARNING | Huge-model rejection detected: estimated footprint 121.7621 MB
2026-05-07 18:54:01,349 | INFO | Selected static INT8 quantization for raspberry_pi deployment
2026-05-07 18:54:01,349 | INFO | Decision reason: Conv-heavy CPU deployment benefits from calibrated static INT8; dynamic INT8 mostly targets MatMul/Gemm weights.
2026-05-07 18:54:01,349 | INFO | Decision reason: Dynamic quantization unsuitable for Conv-heavy graph because it primarily optimizes MatMul/Gemm weights.
2026-05-07 18:54:01,350 | INFO | Decision reason: TFLite-family export is preferred for this hardware target.
2026-05-07 18:54:01,350 | INFO | Rejected optimization strategy: dynamic_int8
2026-05-07 18:54:01,350 | INFO | Rejected optimization strategy: fp16
2026-05-07 18:54:01,350 | INFO | Rejected optimization strategy: tensorrt
2026-05-07 18:54:01,355 | INFO | Optimization recommendation report written: reports\optimization_recommendation.json
2026-05-07 18:54:01,357 | INFO | Optimizing model for target: Raspberry Pi
2026-05-07 18:54:01,357 | INFO | Quantization strategy: static_int8
2026-05-07 18:54:01,359 | INFO | Graph optimization disabled by hardware profile
2026-05-07 18:54:01,365 | INFO | Running ONNX Runtime static INT8 quantization: converted\model.onnx -> output\model_static_int8.onnx
2026-05-07 18:54:01,463 | INFO | Detected FP32 graph before static quantization
2026-05-07 18:54:02,324 | INFO | Starting static INT8 quantization
2026-05-07 18:54:03,930 | WARNING | Please consider to run pre-processing before quantization. Refer to example: https://github.com/microsoft/onnxruntime-inference-examples/blob/main/quantization/image_classification/cpu/ReadMe.md 
2026-05-07 18:54:12,204 | INFO | Increased scale[181] for weight `onnx::Conv_506` by ratio 1.04207915390222 to ensure bias input `onnx::Conv_507` has a valid scale.
2026-05-07 18:54:12,204 | INFO | Increased scale[222] for weight `onnx::Conv_506` by ratio 1.0027700871220762 to ensure bias input `onnx::Conv_507` has a valid scale.
2026-05-07 18:54:12,205 | INFO | Increased scale[232] for weight `onnx::Conv_506` by ratio 3.0832887244124048 to ensure bias input `onnx::Conv_507` has a valid scale.
2026-05-07 18:54:12,206 | INFO | Increased scale[181] for weight `onnx::Conv_509` by ratio 1.5053166778131757 to ensure bias input `onnx::Conv_510` has a valid scale.
2026-05-07 18:54:12,206 | INFO | Increased scale[222] for weight `onnx::Conv_509` by ratio 2.1353279385532247 to ensure bias input `onnx::Conv_510` has a valid scale.
2026-05-07 18:54:12,206 | INFO | Increased scale[232] for weight `onnx::Conv_509` by ratio 5.494554706743643 to ensure bias input `onnx::Conv_510` has a valid scale.
2026-05-07 18:54:12,206 | INFO | Increased scale[2] for weight `onnx::Conv_512` by ratio 71.61578072070482 to ensure bias input `onnx::Conv_513` has a valid scale.
2026-05-07 18:54:13,260 | WARNING | Please consider pre-processing before quantization. See https://github.com/microsoft/onnxruntime-inference-examples/blob/main/quantization/image_classification/cpu/ReadMe.md 
2026-05-07 18:54:13,766 | INFO | Static INT8 quantization report written: reports\static_int8_quantization.json
2026-05-07 18:54:13,767 | INFO | Static INT8 quantization completed: quantized_ops=316, conv_quantized=53
2026-05-07 18:54:14,555 | INFO | Model size analysis report written: reports\model_size_analysis.json
2026-05-07 18:54:14,555 | INFO | Serialized ONNX metadata overhead for original: 0.0234 MB
2026-05-07 18:54:14,556 | WARNING | Detected duplicated initializers in graph_optimized: 3 groups, 0.0039 MB
2026-05-07 18:54:14,556 | WARNING | Model contains both FP32 and FP16 initializers in graph_optimized: fp32=1 fp16=211
2026-05-07 18:54:14,557 | INFO | Serialized ONNX metadata overhead for graph_optimized: 0.1490 MB
2026-05-07 18:54:14,557 | WARNING | Detected duplicated initializers in optimized: 22 groups, 0.1075 MB
2026-05-07 18:54:14,557 | INFO | Serialized ONNX metadata overhead for optimized: 0.1283 MB
2026-05-07 18:54:14,557 | WARNING | original_vs_graph_optimized increased graph size by 33.70%
2026-05-07 18:54:14,557 | INFO | Benchmarking ONNX model latency: converted\model.onnx
2026-05-07 18:54:16,940 | INFO | Benchmark completed for converted\model.onnx: avg 33.5892 ms, throughput 29.77 infer/sec
2026-05-07 18:54:16,950 | INFO | Benchmarking ONNX model latency: output\model_static_int8.onnx
2026-05-07 18:54:18,213 | INFO | Benchmark completed for output\model_static_int8.onnx: avg 21.1598 ms, throughput 47.26 infer/sec
2026-05-07 18:54:18,224 | INFO | Benchmark statistics report written: reports\benchmark_statistics.json
2026-05-07 18:54:18,224 | INFO | Validating ONNX inference accuracy: converted\model.onnx vs output\model_static_int8.onnx
2026-05-07 18:54:19,026 | INFO | Accuracy validation report written: reports\accuracy_validation.json
2026-05-07 18:54:19,037 | INFO | Accuracy validation completed: MAE 0.08153405, MSE 0.01135855, cosine 0.99374921
2026-05-07 18:54:19,085 | INFO | STATIC_INT8 optimization completed: 97.41 MB -> 24.90 MB (74.44% compression)
2026-05-07 18:54:19,086 | INFO | Optimization pipeline completed
2026-05-07 18:54:19,087 | INFO | Validation report: {'model': 'output\\model_static_int8.onnx', 'status': 'validated', 'latency_ms': 12.4, 'memory_mb': 48}
2026-05-07 18:54:19,087 | INFO | Adaptive pipeline completed successfully
2026-05-07 19:47:34,859 | INFO | Starting adaptive ML deployment optimization pipeline
2026-05-07 19:47:34,874 | INFO | Detected Unknown architecture
2026-05-07 19:47:34,874 | INFO | Model statistics: params=0, initializers=0, nodes=0, size=13.6350 MB
2026-05-07 19:47:34,874 | WARNING | Huge-model rejection detected: estimated footprint 17.0438 MB
2026-05-07 19:47:34,874 | INFO | Selected graph optimization strategy
2026-05-07 19:47:34,874 | INFO | Decision reason: No specific architecture/hardware rule matched; preserve ONNX graph optimization and reporting.
2026-05-07 19:47:34,875 | INFO | Detected framework: pytorch
2026-05-07 19:47:34,876 | INFO | Structured pruning disabled for PyTorch export
2026-05-07 19:47:34,876 | INFO | Exporting PyTorch model to ONNX: input\mobilenetv2.pt -> converted\model.onnx
2026-05-07 19:47:36,094 | INFO | Loaded PyTorch model with standard torch.load
2026-05-07 19:47:36,099 | INFO | Detected PyTorch model parameter dtype: torch.float32
2026-05-07 19:47:36,208 | INFO | Using dummy input shape (1, 3, 224, 224), opset 17, dynamic batch axes: True
2026-05-07 19:47:37,129 | INFO | PyTorch ONNX export completed: converted\model.onnx
2026-05-07 19:47:37,146 | INFO | Detected Conv-heavy CNN architecture
2026-05-07 19:47:37,146 | INFO | Model statistics: params=3487816, initializers=106, nodes=170, size=13.3441 MB
2026-05-07 19:47:37,146 | WARNING | Huge-model rejection detected: estimated footprint 16.6703 MB
2026-05-07 19:47:37,148 | INFO | Selected static INT8 quantization for raspberry_pi deployment
2026-05-07 19:47:37,148 | INFO | Decision reason: Conv-heavy CPU deployment benefits from calibrated static INT8; dynamic INT8 mostly targets MatMul/Gemm weights.
2026-05-07 19:47:37,148 | INFO | Decision reason: Dynamic quantization unsuitable for Conv-heavy graph because it primarily optimizes MatMul/Gemm weights.
2026-05-07 19:47:37,148 | INFO | Decision reason: TFLite-family export is preferred for this hardware target.
2026-05-07 19:47:37,148 | INFO | Rejected optimization strategy: dynamic_int8
2026-05-07 19:47:37,148 | INFO | Rejected optimization strategy: fp16
2026-05-07 19:47:37,149 | INFO | Rejected optimization strategy: tensorrt
2026-05-07 19:47:37,150 | INFO | Optimization recommendation report written: reports\optimization_recommendation.json
2026-05-07 19:47:37,150 | INFO | Optimizing model for target: Raspberry Pi
2026-05-07 19:47:37,151 | INFO | Quantization strategy: static_int8
2026-05-07 19:47:37,151 | INFO | Graph optimization disabled by hardware profile
2026-05-07 19:47:37,153 | INFO | Running ONNX Runtime static INT8 quantization: converted\model.onnx -> output\model_static_int8.onnx
2026-05-07 19:47:37,171 | INFO | Detected FP32 graph before static quantization
2026-05-07 19:47:37,338 | INFO | Starting static INT8 quantization
2026-05-07 19:47:37,544 | WARNING | Please consider to run pre-processing before quantization. Refer to example: https://github.com/microsoft/onnxruntime-inference-examples/blob/main/quantization/image_classification/cpu/ReadMe.md 
2026-05-07 19:47:40,396 | INFO | Increased scale[13] for weight `onnx::Conv_538` by ratio 3634999802.010434 to ensure bias input `onnx::Conv_539` has a valid scale.
2026-05-07 19:47:40,396 | INFO | Increased scale[29] for weight `onnx::Conv_538` by ratio 1523016621.5745537 to ensure bias input `onnx::Conv_539` has a valid scale.
2026-05-07 19:47:40,396 | INFO | Increased scale[13] for weight `onnx::Conv_541` by ratio 214582072.2331342 to ensure bias input `onnx::Conv_542` has a valid scale.
2026-05-07 19:47:40,396 | INFO | Increased scale[29] for weight `onnx::Conv_541` by ratio 50676084.275612116 to ensure bias input `onnx::Conv_542` has a valid scale.
2026-05-07 19:47:40,398 | INFO | Increased scale[82] for weight `onnx::Conv_556` by ratio 76684314.45754784 to ensure bias input `onnx::Conv_557` has a valid scale.
2026-05-07 19:47:40,398 | INFO | Increased scale[82] for weight `onnx::Conv_559` by ratio 132786919.28696905 to ensure bias input `onnx::Conv_560` has a valid scale.
2026-05-07 19:47:40,406 | INFO | Increased scale[88] for weight `onnx::Conv_601` by ratio 65.26178254595457 to ensure bias input `onnx::Conv_602` has a valid scale.
2026-05-07 19:47:40,407 | INFO | Increased scale[88] for weight `onnx::Conv_604` by ratio 82.61183549424808 to ensure bias input `onnx::Conv_605` has a valid scale.
2026-05-07 19:47:40,410 | INFO | Increased scale[328] for weight `onnx::Conv_610` by ratio 14.51698200288862 to ensure bias input `onnx::Conv_611` has a valid scale.
2026-05-07 19:47:40,412 | INFO | Increased scale[328] for weight `onnx::Conv_613` by ratio 104.96211216770104 to ensure bias input `onnx::Conv_614` has a valid scale.
2026-05-07 19:47:40,424 | INFO | Increased scale[394] for weight `onnx::Conv_646` by ratio 1637866.8415660292 to ensure bias input `onnx::Conv_647` has a valid scale.
2026-05-07 19:47:40,426 | INFO | Increased scale[394] for weight `onnx::Conv_649` by ratio 3109711.333202348 to ensure bias input `onnx::Conv_650` has a valid scale.
2026-05-07 19:47:40,432 | INFO | Increased scale[275] for weight `onnx::Conv_664` by ratio 1257.5248658089652 to ensure bias input `onnx::Conv_665` has a valid scale.
2026-05-07 19:47:40,432 | INFO | Increased scale[340] for weight `onnx::Conv_664` by ratio 43697.83673159159 to ensure bias input `onnx::Conv_665` has a valid scale.
2026-05-07 19:47:40,433 | INFO | Increased scale[462] for weight `onnx::Conv_664` by ratio 165636.9545890612 to ensure bias input `onnx::Conv_665` has a valid scale.
2026-05-07 19:47:40,436 | INFO | Increased scale[275] for weight `onnx::Conv_667` by ratio 2611.3692775935683 to ensure bias input `onnx::Conv_668` has a valid scale.
2026-05-07 19:47:40,436 | INFO | Increased scale[340] for weight `onnx::Conv_667` by ratio 5769.685661295389 to ensure bias input `onnx::Conv_668` has a valid scale.
2026-05-07 19:47:40,437 | INFO | Increased scale[462] for weight `onnx::Conv_667` by ratio 52201.05627896607 to ensure bias input `onnx::Conv_668` has a valid scale.
2026-05-07 19:47:40,934 | WARNING | Please consider pre-processing before quantization. See https://github.com/microsoft/onnxruntime-inference-examples/blob/main/quantization/image_classification/cpu/ReadMe.md 
2026-05-07 19:47:41,084 | INFO | Static INT8 quantization report written: reports\static_int8_quantization.json
2026-05-07 19:47:41,084 | INFO | Static INT8 quantization completed: quantized_ops=304, conv_quantized=52
2026-05-07 19:47:41,454 | INFO | Model size analysis report written: reports\model_size_analysis.json
2026-05-07 19:47:41,454 | INFO | Serialized ONNX metadata overhead for original: 0.0391 MB
2026-05-07 19:47:41,455 | WARNING | Detected duplicated initializers in graph_optimized: 3 groups, 0.0039 MB
2026-05-07 19:47:41,455 | WARNING | Model contains both FP32 and FP16 initializers in graph_optimized: fp32=1 fp16=211
2026-05-07 19:47:41,455 | INFO | Serialized ONNX metadata overhead for graph_optimized: 0.1490 MB
2026-05-07 19:47:41,455 | WARNING | Detected duplicated initializers in optimized: 34 groups, 0.0612 MB
2026-05-07 19:47:41,456 | INFO | Serialized ONNX metadata overhead for optimized: 0.1611 MB
2026-05-07 19:47:41,456 | WARNING | original_vs_graph_optimized increased graph size by 876.02%
2026-05-07 19:47:41,456 | INFO | Benchmarking ONNX model latency: converted\model.onnx
2026-05-07 19:47:41,716 | INFO | Benchmark completed for converted\model.onnx: avg 3.9001 ms, throughput 256.40 infer/sec
2026-05-07 19:47:41,720 | INFO | Benchmarking ONNX model latency: output\model_static_int8.onnx
2026-05-07 19:47:42,127 | INFO | Benchmark completed for output\model_static_int8.onnx: avg 6.1062 ms, throughput 163.77 infer/sec
2026-05-07 19:47:42,132 | INFO | Benchmark statistics report written: reports\benchmark_statistics.json
2026-05-07 19:47:42,133 | INFO | Validating ONNX inference accuracy: converted\model.onnx vs output\model_static_int8.onnx
2026-05-07 19:47:42,261 | INFO | Accuracy validation report written: reports\accuracy_validation.json
2026-05-07 19:47:42,261 | INFO | Accuracy validation completed: MAE 0.10530724, MSE 0.01799010, cosine 0.98566866
2026-05-07 19:47:42,283 | INFO | STATIC_INT8 optimization completed: 13.34 MB -> 3.76 MB (71.80% compression)
2026-05-07 19:47:42,284 | INFO | Optimization pipeline completed
2026-05-07 19:47:42,284 | INFO | Validation report: {'model': 'output\\model_static_int8.onnx', 'status': 'validated', 'latency_ms': 12.4, 'memory_mb': 48}
2026-05-07 19:47:42,285 | INFO | Adaptive pipeline completed successfully
2026-05-07 19:52:56,491 | INFO | Starting adaptive ML deployment optimization pipeline
2026-05-07 19:52:56,504 | INFO | Detected Unknown architecture
2026-05-07 19:52:56,504 | INFO | Model statistics: params=0, initializers=0, nodes=0, size=20.5095 MB
2026-05-07 19:52:56,505 | WARNING | Huge-model rejection detected: estimated footprint 25.6369 MB
2026-05-07 19:52:56,505 | INFO | Selected graph optimization strategy
2026-05-07 19:52:56,505 | INFO | Decision reason: No specific architecture/hardware rule matched; preserve ONNX graph optimization and reporting.
2026-05-07 19:52:56,505 | INFO | Detected framework: pytorch
2026-05-07 19:52:56,506 | INFO | Structured pruning disabled for PyTorch export
2026-05-07 19:52:56,506 | INFO | Exporting PyTorch model to ONNX: input\efficientnetb0.pt -> converted\model.onnx
2026-05-07 19:52:57,664 | INFO | Loaded PyTorch model with standard torch.load
2026-05-07 19:52:57,670 | INFO | Detected PyTorch model parameter dtype: torch.float32
2026-05-07 19:52:57,790 | INFO | Using dummy input shape (1, 3, 224, 224), opset 17, dynamic batch axes: True
2026-05-07 19:52:58,813 | INFO | PyTorch ONNX export completed: converted\model.onnx
2026-05-07 19:52:58,834 | INFO | Detected Conv-heavy CNN architecture
2026-05-07 19:52:58,834 | INFO | Model statistics: params=5267540, initializers=164, nodes=239, size=20.1647 MB
2026-05-07 19:52:58,835 | WARNING | Huge-model rejection detected: estimated footprint 25.1882 MB
2026-05-07 19:52:58,838 | INFO | Selected static INT8 quantization for raspberry_pi deployment
2026-05-07 19:52:58,838 | INFO | Decision reason: Conv-heavy CPU deployment benefits from calibrated static INT8; dynamic INT8 mostly targets MatMul/Gemm weights.
2026-05-07 19:52:58,838 | INFO | Decision reason: Dynamic quantization unsuitable for Conv-heavy graph because it primarily optimizes MatMul/Gemm weights.
2026-05-07 19:52:58,838 | INFO | Decision reason: TFLite-family export is preferred for this hardware target.
2026-05-07 19:52:58,838 | INFO | Rejected optimization strategy: dynamic_int8
2026-05-07 19:52:58,838 | INFO | Rejected optimization strategy: fp16
2026-05-07 19:52:58,838 | INFO | Rejected optimization strategy: tensorrt
2026-05-07 19:52:58,840 | INFO | Optimization recommendation report written: reports\optimization_recommendation.json
2026-05-07 19:52:58,840 | INFO | Optimizing model for target: Raspberry Pi
2026-05-07 19:52:58,841 | INFO | Quantization strategy: static_int8
2026-05-07 19:52:58,841 | INFO | Graph optimization disabled by hardware profile
2026-05-07 19:52:58,844 | INFO | Running ONNX Runtime static INT8 quantization: converted\model.onnx -> output\model_static_int8.onnx
2026-05-07 19:52:58,868 | INFO | Detected FP32 graph before static quantization
2026-05-07 19:52:59,081 | INFO | Starting static INT8 quantization
2026-05-07 19:52:59,356 | WARNING | Please consider to run pre-processing before quantization. Refer to example: https://github.com/microsoft/onnxruntime-inference-examples/blob/main/quantization/image_classification/cpu/ReadMe.md 
2026-05-07 19:53:05,016 | WARNING | Please consider pre-processing before quantization. See https://github.com/microsoft/onnxruntime-inference-examples/blob/main/quantization/image_classification/cpu/ReadMe.md 
2026-05-07 19:53:05,241 | INFO | Static INT8 quantization report written: reports\static_int8_quantization.json
2026-05-07 19:53:05,241 | INFO | Static INT8 quantization completed: quantized_ops=478, conv_quantized=81
2026-05-07 19:53:05,655 | INFO | Model size analysis report written: reports\model_size_analysis.json
2026-05-07 19:53:05,656 | INFO | Serialized ONNX metadata overhead for original: 0.0706 MB
2026-05-07 19:53:05,656 | WARNING | Detected duplicated initializers in graph_optimized: 3 groups, 0.0039 MB
2026-05-07 19:53:05,656 | WARNING | Model contains both FP32 and FP16 initializers in graph_optimized: fp32=1 fp16=211
2026-05-07 19:53:05,657 | INFO | Serialized ONNX metadata overhead for graph_optimized: 0.1490 MB
2026-05-07 19:53:05,657 | WARNING | Detected duplicated initializers in optimized: 63 groups, 0.1209 MB
2026-05-07 19:53:05,657 | INFO | Serialized ONNX metadata overhead for optimized: 0.3035 MB
2026-05-07 19:53:05,657 | WARNING | original_vs_graph_optimized increased graph size by 545.89%
2026-05-07 19:53:05,657 | INFO | Benchmarking ONNX model latency: converted\model.onnx
2026-05-07 19:53:06,171 | INFO | Benchmark completed for converted\model.onnx: avg 7.9836 ms, throughput 125.26 infer/sec
2026-05-07 19:53:06,179 | INFO | Benchmarking ONNX model latency: output\model_static_int8.onnx
2026-05-07 19:53:07,121 | INFO | Benchmark completed for output\model_static_int8.onnx: avg 14.5827 ms, throughput 68.57 infer/sec
2026-05-07 19:53:07,130 | INFO | Benchmark statistics report written: reports\benchmark_statistics.json
2026-05-07 19:53:07,130 | INFO | Validating ONNX inference accuracy: converted\model.onnx vs output\model_static_int8.onnx
2026-05-07 19:53:07,362 | INFO | Accuracy validation report written: reports\accuracy_validation.json
2026-05-07 19:53:07,363 | INFO | Accuracy validation completed: MAE 0.62575645, MSE 0.66225639, cosine 0.69085410
2026-05-07 19:53:07,384 | INFO | STATIC_INT8 optimization completed: 20.16 MB -> 5.81 MB (71.21% compression)
2026-05-07 19:53:07,384 | INFO | Optimization pipeline completed
2026-05-07 19:53:07,385 | INFO | Validation report: {'model': 'output\\model_static_int8.onnx', 'status': 'validated', 'latency_ms': 12.4, 'memory_mb': 48}
2026-05-07 19:53:07,386 | INFO | Adaptive pipeline completed successfully
2026-05-12 10:43:02,586 | INFO | Starting adaptive ML deployment optimization pipeline
2026-05-12 10:43:02,630 | INFO | Detected Conv-heavy CNN architecture
2026-05-12 10:43:02,631 | INFO | Model statistics: params=0, initializers=0, nodes=0, size=130.5491 MB
2026-05-12 10:43:02,631 | WARNING | Huge-model rejection detected: estimated footprint 163.1864 MB
2026-05-12 10:43:02,631 | INFO | Selected static INT8 quantization for raspberry_pi deployment
2026-05-12 10:43:02,632 | INFO | Decision reason: Conv-heavy CPU deployment benefits from calibrated static INT8; dynamic INT8 mostly targets MatMul/Gemm weights.
2026-05-12 10:43:02,632 | INFO | Decision reason: Dynamic quantization unsuitable for Conv-heavy graph because it primarily optimizes MatMul/Gemm weights.
2026-05-12 10:43:02,632 | INFO | Decision reason: TFLite-family export is preferred for this hardware target.
2026-05-12 10:43:02,632 | INFO | Rejected optimization strategy: dynamic_int8
2026-05-12 10:43:02,633 | INFO | Rejected optimization strategy: fp16
2026-05-12 10:43:02,633 | INFO | Rejected optimization strategy: tensorrt
2026-05-12 10:43:02,633 | INFO | Detected framework: pytorch
2026-05-12 10:43:02,634 | INFO | Running PyTorch structured pruning: input\yolov8x.pt -> output\yolov8x_pruned.pt, ratio 0.2000
2026-05-12 10:43:04,751 | INFO | Pruning statistics report written: reports\pruning_statistics.json
2026-05-12 10:43:04,751 | INFO | Structured pruning completed: 19.98% sparsity, 19.98% estimated compression improvement
2026-05-12 10:43:04,751 | INFO | Exporting PyTorch model to ONNX: output\yolov8x_pruned.pt -> converted\model.onnx
2026-05-12 10:43:04,953 | INFO | Loaded PyTorch model with standard torch.load
2026-05-12 10:43:04,961 | INFO | Detected PyTorch model parameter dtype: torch.float16
2026-05-12 10:43:28,526 | INFO | Using dummy input shape (1, 3, 224, 224), opset 17, dynamic batch axes: True
2026-05-12 10:43:55,869 | INFO | PyTorch ONNX export completed: converted\model.onnx
2026-05-12 10:43:56,085 | INFO | Detected Conv-heavy CNN architecture
2026-05-12 10:43:56,086 | INFO | Model statistics: params=68200608, initializers=207, nodes=539, size=130.1730 MB
2026-05-12 10:43:56,086 | WARNING | Huge-model rejection detected: estimated footprint 162.6935 MB
2026-05-12 10:43:56,100 | INFO | Selected static INT8 quantization for raspberry_pi deployment
2026-05-12 10:43:56,101 | INFO | Decision reason: Conv-heavy CPU deployment benefits from calibrated static INT8; dynamic INT8 mostly targets MatMul/Gemm weights.
2026-05-12 10:43:56,101 | INFO | Decision reason: Dynamic quantization unsuitable for Conv-heavy graph because it primarily optimizes MatMul/Gemm weights.
2026-05-12 10:43:56,101 | INFO | Decision reason: TFLite-family export is preferred for this hardware target.
2026-05-12 10:43:56,101 | INFO | Rejected optimization strategy: dynamic_int8
2026-05-12 10:43:56,101 | INFO | Rejected optimization strategy: fp16
2026-05-12 10:43:56,102 | INFO | Rejected optimization strategy: tensorrt
2026-05-12 10:43:56,106 | INFO | Optimization recommendation report written: reports\optimization_recommendation.json
2026-05-12 10:43:56,106 | INFO | Optimizing model for target: Raspberry Pi
2026-05-12 10:43:56,106 | INFO | Quantization strategy: static_int8
2026-05-12 10:43:56,108 | INFO | Graph optimization disabled by hardware profile
2026-05-12 10:43:56,115 | INFO | Running ONNX Runtime static INT8 quantization: converted\model.onnx -> output\model_static_int8.onnx
2026-05-12 10:43:56,258 | INFO | Detected FP16 graph before static quantization
2026-05-12 10:43:56,259 | INFO | Normalizing graph to FP32
2026-05-12 10:44:03,287 | INFO | FP32 normalization complete
2026-05-12 10:44:03,515 | INFO | Starting static INT8 quantization
2026-05-12 10:44:07,457 | WARNING | Please consider to run pre-processing before quantization. Refer to example: https://github.com/microsoft/onnxruntime-inference-examples/blob/main/quantization/image_classification/cpu/ReadMe.md 
2026-05-12 10:44:28,090 | WARNING | Please consider pre-processing before quantization. See https://github.com/microsoft/onnxruntime-inference-examples/blob/main/quantization/image_classification/cpu/ReadMe.md 
2026-05-12 10:44:29,583 | INFO | Static INT8 quantization report written: reports\static_int8_quantization.json
2026-05-12 10:44:29,583 | INFO | Static INT8 quantization completed: quantized_ops=613, conv_quantized=104
2026-05-12 10:44:30,345 | INFO | Model size analysis report written: reports\model_size_analysis.json
2026-05-12 10:44:30,345 | INFO | Serialized ONNX metadata overhead for original: 0.0906 MB
2026-05-12 10:44:30,346 | WARNING | Detected duplicated initializers in graph_optimized: 3 groups, 0.0039 MB
2026-05-12 10:44:30,346 | WARNING | Model contains both FP32 and FP16 initializers in graph_optimized: fp32=1 fp16=211
2026-05-12 10:44:30,346 | INFO | Serialized ONNX metadata overhead for graph_optimized: 0.1490 MB
2026-05-12 10:44:30,346 | WARNING | Detected duplicated initializers in optimized: 56 groups, 0.1346 MB
2026-05-12 10:44:30,346 | INFO | Serialized ONNX metadata overhead for optimized: 0.3207 MB
2026-05-12 10:44:30,346 | INFO | Benchmarking ONNX model latency: converted\model.onnx
2026-05-12 10:44:36,478 | INFO | Benchmark completed for converted\model.onnx: avg 87.5203 ms, throughput 11.43 infer/sec
2026-05-12 10:44:36,508 | INFO | Benchmarking ONNX model latency: output\model_static_int8.onnx
2026-05-12 10:44:41,901 | INFO | Benchmark completed for output\model_static_int8.onnx: avg 86.3770 ms, throughput 11.58 infer/sec
2026-05-12 10:44:41,917 | INFO | Benchmark statistics report written: reports\benchmark_statistics.json
2026-05-12 10:44:41,919 | INFO | Validating ONNX inference accuracy: converted\model.onnx vs output\model_static_int8.onnx
2026-05-12 10:44:43,756 | INFO | Accuracy validation report written: reports\accuracy_validation.json
2026-05-12 10:44:43,756 | INFO | Accuracy validation completed: MAE 0.08453275, MSE 0.07716443, cosine 0.99406290
2026-05-12 10:44:43,816 | INFO | STATIC_INT8 optimization completed: 130.17 MB -> 65.81 MB (49.44% compression)
2026-05-12 10:44:43,816 | INFO | Optimization pipeline completed
2026-05-12 10:44:43,817 | INFO | Validation report: {'model': 'output\\model_static_int8.onnx', 'status': 'validated', 'latency_ms': 12.4, 'memory_mb': 48}
2026-05-12 10:44:43,817 | INFO | Adaptive pipeline completed successfully
2026-05-12 10:54:51,304 | INFO | Generating final execution report: reports\final_execution_report.md
2026-05-12 10:54:51,357 | INFO | Final execution report written: reports\final_execution_report.md
2026-05-12 10:55:05,856 | INFO | Generating final execution report: output\final_report_empty_smoke\final_execution_report.md
2026-05-12 10:55:05,857 | INFO | Optional report not found: output\final_report_empty_smoke\benchmark_statistics.json
2026-05-12 10:55:05,857 | INFO | Optional report not found: output\final_report_empty_smoke\accuracy_validation.json
2026-05-12 10:55:05,857 | INFO | Optional report not found: output\final_report_empty_smoke\model_size_analysis.json
2026-05-12 10:55:05,857 | INFO | Optional report not found: output\final_report_empty_smoke\optimization_recommendation.json
2026-05-12 10:55:05,857 | INFO | Optional report not found: output\final_report_empty_smoke\pruning_statistics.json
2026-05-12 10:55:05,857 | INFO | Optional report not found: output\final_report_empty_smoke\static_int8_quantization.json
2026-05-12 10:55:05,857 | INFO | Optional report not found: output\final_report_empty_smoke\optimization_summary.json
2026-05-12 10:55:05,859 | INFO | Final execution report written: output\final_report_empty_smoke\final_execution_report.md
2026-05-12 10:58:32,195 | INFO | Starting adaptive ML deployment optimization pipeline
2026-05-12 10:58:32,216 | INFO | Detected Conv-heavy CNN architecture
2026-05-12 10:58:32,216 | INFO | Model statistics: params=0, initializers=0, nodes=0, size=49.7216 MB
2026-05-12 10:58:32,216 | WARNING | Huge-model rejection detected: estimated footprint 62.1520 MB
2026-05-12 10:58:32,216 | INFO | Selected static INT8 quantization for raspberry_pi deployment
2026-05-12 10:58:32,216 | INFO | Decision reason: Conv-heavy CPU deployment benefits from calibrated static INT8; dynamic INT8 mostly targets MatMul/Gemm weights.
2026-05-12 10:58:32,216 | INFO | Decision reason: Dynamic quantization unsuitable for Conv-heavy graph because it primarily optimizes MatMul/Gemm weights.
2026-05-12 10:58:32,216 | INFO | Decision reason: TFLite-family export is preferred for this hardware target.
2026-05-12 10:58:32,216 | INFO | Rejected optimization strategy: dynamic_int8
2026-05-12 10:58:32,216 | INFO | Rejected optimization strategy: fp16
2026-05-12 10:58:32,216 | INFO | Rejected optimization strategy: tensorrt
2026-05-12 10:58:32,216 | INFO | Detected framework: pytorch
2026-05-12 10:58:32,216 | INFO | Running PyTorch structured pruning: input\yolov8m.pt -> output\yolov8m_pruned.pt, ratio 0.2000
2026-05-12 10:58:32,826 | INFO | Pruning statistics report written: reports\pruning_statistics.json
2026-05-12 10:58:32,826 | INFO | Structured pruning completed: 19.94% sparsity, 19.94% estimated compression improvement
2026-05-12 10:58:32,829 | INFO | Exporting PyTorch model to ONNX: output\yolov8m_pruned.pt -> converted\model.onnx
2026-05-12 10:58:32,892 | INFO | Loaded PyTorch model with standard torch.load
2026-05-12 10:58:32,892 | INFO | Detected PyTorch model parameter dtype: torch.float16
2026-05-12 10:58:41,098 | INFO | Using dummy input shape (1, 3, 224, 224), opset 17, dynamic batch axes: True
2026-05-12 10:58:49,941 | INFO | PyTorch ONNX export completed: converted\model.onnx
2026-05-12 10:58:49,993 | INFO | Detected Conv-heavy CNN architecture
2026-05-12 10:58:49,993 | INFO | Model statistics: params=25886080, initializers=167, nodes=473, size=49.4526 MB
2026-05-12 10:58:49,993 | WARNING | Huge-model rejection detected: estimated footprint 61.7961 MB
2026-05-12 10:58:49,999 | INFO | Selected static INT8 quantization for raspberry_pi deployment
2026-05-12 10:58:49,999 | INFO | Decision reason: Conv-heavy CPU deployment benefits from calibrated static INT8; dynamic INT8 mostly targets MatMul/Gemm weights.
2026-05-12 10:58:49,999 | INFO | Decision reason: Dynamic quantization unsuitable for Conv-heavy graph because it primarily optimizes MatMul/Gemm weights.
2026-05-12 10:58:49,999 | INFO | Decision reason: TFLite-family export is preferred for this hardware target.
2026-05-12 10:58:49,999 | INFO | Rejected optimization strategy: dynamic_int8
2026-05-12 10:58:49,999 | INFO | Rejected optimization strategy: fp16
2026-05-12 10:58:49,999 | INFO | Rejected optimization strategy: tensorrt
2026-05-12 10:58:50,001 | INFO | Optimization recommendation report written: reports\optimization_recommendation.json
2026-05-12 10:58:50,003 | INFO | Optimizing model for target: Raspberry Pi
2026-05-12 10:58:50,003 | INFO | Quantization strategy: static_int8
2026-05-12 10:58:50,006 | INFO | Graph optimization disabled by hardware profile
2026-05-12 10:58:50,009 | INFO | Running ONNX Runtime static INT8 quantization: converted\model.onnx -> output\model_static_int8.onnx
2026-05-12 10:58:50,058 | INFO | Detected FP16 graph before static quantization
2026-05-12 10:58:50,059 | INFO | Normalizing graph to FP32
2026-05-12 10:58:52,363 | INFO | FP32 normalization complete
2026-05-12 10:58:52,467 | INFO | Starting static INT8 quantization
2026-05-12 10:58:53,939 | WARNING | Please consider to run pre-processing before quantization. Refer to example: https://github.com/microsoft/onnxruntime-inference-examples/blob/main/quantization/image_classification/cpu/ReadMe.md 
2026-05-12 10:59:04,153 | WARNING | Please consider pre-processing before quantization. See https://github.com/microsoft/onnxruntime-inference-examples/blob/main/quantization/image_classification/cpu/ReadMe.md 
2026-05-12 10:59:04,785 | INFO | Static INT8 quantization report written: reports\static_int8_quantization.json
2026-05-12 10:59:04,785 | INFO | Static INT8 quantization completed: quantized_ops=493, conv_quantized=84
2026-05-12 10:59:05,333 | INFO | Model size analysis report written: reports\model_size_analysis.json
2026-05-12 10:59:05,333 | INFO | Serialized ONNX metadata overhead for original: 0.0788 MB
2026-05-12 10:59:05,334 | WARNING | Detected duplicated initializers in graph_optimized: 3 groups, 0.0039 MB
2026-05-12 10:59:05,334 | WARNING | Model contains both FP32 and FP16 initializers in graph_optimized: fp32=1 fp16=211
2026-05-12 10:59:05,334 | INFO | Serialized ONNX metadata overhead for graph_optimized: 0.1490 MB
2026-05-12 10:59:05,335 | WARNING | Detected duplicated initializers in optimized: 59 groups, 0.0729 MB
2026-05-12 10:59:05,335 | INFO | Serialized ONNX metadata overhead for optimized: 0.2666 MB
2026-05-12 10:59:05,335 | WARNING | original_vs_graph_optimized increased graph size by 163.37%
2026-05-12 10:59:05,335 | INFO | Benchmarking ONNX model latency: converted\model.onnx
2026-05-12 10:59:07,659 | INFO | Benchmark completed for converted\model.onnx: avg 32.5159 ms, throughput 30.75 infer/sec
2026-05-12 10:59:07,675 | INFO | Benchmarking ONNX model latency: output\model_static_int8.onnx
2026-05-12 10:59:09,767 | INFO | Benchmark completed for output\model_static_int8.onnx: avg 31.5607 ms, throughput 31.68 infer/sec
2026-05-12 10:59:09,778 | INFO | Benchmark statistics report written: reports\benchmark_statistics.json
2026-05-12 10:59:09,779 | INFO | Validating ONNX inference accuracy: converted\model.onnx vs output\model_static_int8.onnx
2026-05-12 10:59:10,767 | INFO | Accuracy validation report written: reports\accuracy_validation.json
2026-05-12 10:59:10,767 | INFO | Accuracy validation completed: MAE 0.03524593, MSE 0.01736811, cosine 0.99883873
2026-05-12 10:59:10,807 | INFO | STATIC_INT8 optimization completed: 49.45 MB -> 25.21 MB (49.01% compression)
2026-05-12 10:59:10,808 | INFO | Optimization pipeline completed
2026-05-12 10:59:10,809 | INFO | Validation report: {'model': 'output\\model_static_int8.onnx', 'status': 'validated', 'latency_ms': 12.4, 'memory_mb': 48}
2026-05-12 10:59:10,810 | INFO | Generating final execution report: reports\final_execution_report.md
2026-05-12 10:59:10,887 | INFO | Final execution report written: reports\final_execution_report.md
2026-05-12 10:59:10,889 | INFO | Final execution report: reports\final_execution_report.md
2026-05-12 10:59:10,890 | INFO | Adaptive pipeline completed successfully
2026-05-12 11:07:37,130 | INFO | Artifact intermediate cleanup started: output\artifact_manager_smoke
2026-05-12 11:07:37,130 | INFO | Preserving final artifact: output\artifact_manager_smoke\keep_pruned.pt
2026-05-12 11:07:37,132 | INFO | Preserving final artifact: output\artifact_manager_smoke\keep_raspberry_pi_static_int8.onnx
2026-05-12 11:07:37,133 | INFO | Deleting intermediate artifact: output\artifact_manager_smoke\model_fp32_normalized.onnx
2026-05-12 11:07:37,135 | INFO | Deleting intermediate artifact: output\artifact_manager_smoke\model_graph_optimized.onnx
2026-05-12 11:07:37,138 | INFO | Deleting intermediate artifact: output\artifact_manager_smoke\old_static_int8.onnx
2026-05-12 11:07:37,139 | INFO | Preserving final artifact: output\artifact_manager_smoke\optimization_stats.json
2026-05-12 11:07:37,142 | INFO | Deleting intermediate artifact: output\artifact_manager_smoke\static_int8_smoke
2026-05-12 11:09:09,053 | INFO | Starting adaptive ML deployment optimization pipeline
2026-05-12 11:09:09,062 | INFO | Artifact cleanup started: output
2026-05-12 11:09:09,062 | INFO | Deleting intermediate artifact: output\conv_fp16_fp32_normalized.onnx
2026-05-12 11:09:09,062 | INFO | Deleting intermediate artifact: output\conv_fp16_static_int8.onnx
2026-05-12 11:09:09,062 | INFO | Deleting intermediate artifact: output\conv_static_int8.onnx
2026-05-12 11:09:09,068 | INFO | Deleting intermediate artifact: output\final_report_empty_smoke
2026-05-12 11:09:09,070 | INFO | Deleting intermediate artifact: output\model_fp16.onnx
2026-05-12 11:09:09,072 | INFO | Deleting intermediate artifact: output\model_fp32_normalized.onnx
2026-05-12 11:09:09,075 | INFO | Deleting intermediate artifact: output\model_graph.onnx
2026-05-12 11:09:09,077 | INFO | Deleting intermediate artifact: output\model_graph_optimized.onnx
2026-05-12 11:09:09,079 | INFO | Deleting intermediate artifact: output\model_int8.onnx
2026-05-12 11:09:09,081 | INFO | Deleting intermediate artifact: output\model_static_int8.onnx
2026-05-12 11:09:09,085 | INFO | Preserving optimization stats: output\optimization_stats.json
2026-05-12 11:09:09,086 | INFO | Deleting intermediate artifact: output\static_int8_fp16_smoke
2026-05-12 11:09:09,088 | INFO | Deleting intermediate artifact: output\static_int8_smoke
2026-05-12 11:09:09,091 | INFO | Deleting intermediate artifact: output\yolov8m_pruned.pt
2026-05-12 11:09:09,092 | INFO | Deleting intermediate artifact: output\yolov8x_pruned.pt
2026-05-12 11:09:09,107 | INFO | Detected Conv-heavy CNN architecture
2026-05-12 11:09:09,107 | INFO | Model statistics: params=0, initializers=0, nodes=0, size=49.7216 MB
2026-05-12 11:09:09,107 | WARNING | Huge-model rejection detected: estimated footprint 62.1520 MB
2026-05-12 11:09:09,107 | INFO | Selected static INT8 quantization for raspberry_pi deployment
2026-05-12 11:09:09,107 | INFO | Decision reason: Conv-heavy CPU deployment benefits from calibrated static INT8; dynamic INT8 mostly targets MatMul/Gemm weights.
2026-05-12 11:09:09,107 | INFO | Decision reason: Dynamic quantization unsuitable for Conv-heavy graph because it primarily optimizes MatMul/Gemm weights.
2026-05-12 11:09:09,107 | INFO | Decision reason: TFLite-family export is preferred for this hardware target.
2026-05-12 11:09:09,107 | INFO | Rejected optimization strategy: dynamic_int8
2026-05-12 11:09:09,107 | INFO | Rejected optimization strategy: fp16
2026-05-12 11:09:09,107 | INFO | Rejected optimization strategy: tensorrt
2026-05-12 11:09:09,107 | INFO | Detected framework: pytorch
2026-05-12 11:09:09,107 | INFO | Running PyTorch structured pruning: input\yolov8m.pt -> output\yolov8m_pruned.pt, ratio 0.2000
2026-05-12 11:09:09,908 | INFO | Pruning statistics report written: reports\pruning_statistics.json
2026-05-12 11:09:09,908 | INFO | Structured pruning completed: 19.94% sparsity, 19.94% estimated compression improvement
2026-05-12 11:09:09,912 | INFO | Exporting PyTorch model to ONNX: output\yolov8m_pruned.pt -> converted\model.onnx
2026-05-12 11:09:09,991 | INFO | Loaded PyTorch model with standard torch.load
2026-05-12 11:09:09,991 | INFO | Detected PyTorch model parameter dtype: torch.float16
2026-05-12 11:09:18,128 | INFO | Using dummy input shape (1, 3, 224, 224), opset 17, dynamic batch axes: True
2026-05-12 11:09:28,519 | INFO | PyTorch ONNX export completed: converted\model.onnx
2026-05-12 11:09:28,566 | INFO | Detected Conv-heavy CNN architecture
2026-05-12 11:09:28,566 | INFO | Model statistics: params=25886080, initializers=167, nodes=473, size=49.4526 MB
2026-05-12 11:09:28,567 | WARNING | Huge-model rejection detected: estimated footprint 61.7961 MB
2026-05-12 11:09:28,572 | INFO | Selected static INT8 quantization for raspberry_pi deployment
2026-05-12 11:09:28,572 | INFO | Decision reason: Conv-heavy CPU deployment benefits from calibrated static INT8; dynamic INT8 mostly targets MatMul/Gemm weights.
2026-05-12 11:09:28,572 | INFO | Decision reason: Dynamic quantization unsuitable for Conv-heavy graph because it primarily optimizes MatMul/Gemm weights.
2026-05-12 11:09:28,572 | INFO | Decision reason: TFLite-family export is preferred for this hardware target.
2026-05-12 11:09:28,573 | INFO | Rejected optimization strategy: dynamic_int8
2026-05-12 11:09:28,573 | INFO | Rejected optimization strategy: fp16
2026-05-12 11:09:28,573 | INFO | Rejected optimization strategy: tensorrt
2026-05-12 11:09:28,575 | INFO | Optimization recommendation report written: reports\optimization_recommendation.json
2026-05-12 11:09:28,575 | INFO | Optimizing model for target: Raspberry Pi
2026-05-12 11:09:28,576 | INFO | Quantization strategy: static_int8
2026-05-12 11:09:28,576 | INFO | Final artifact path: output\yolov8m_raspberry_pi_static_int8.onnx
2026-05-12 11:09:28,577 | INFO | Graph optimization disabled by hardware profile
2026-05-12 11:09:28,579 | INFO | Running ONNX Runtime static INT8 quantization: converted\model.onnx -> output\yolov8m_raspberry_pi_static_int8.onnx
2026-05-12 11:09:28,623 | INFO | Detected FP16 graph before static quantization
2026-05-12 11:09:28,623 | INFO | Normalizing graph to FP32
2026-05-12 11:09:30,970 | INFO | FP32 normalization complete
2026-05-12 11:09:31,078 | INFO | Starting static INT8 quantization
2026-05-12 11:09:32,397 | WARNING | Please consider to run pre-processing before quantization. Refer to example: https://github.com/microsoft/onnxruntime-inference-examples/blob/main/quantization/image_classification/cpu/ReadMe.md 
2026-05-12 11:09:40,198 | WARNING | Please consider pre-processing before quantization. See https://github.com/microsoft/onnxruntime-inference-examples/blob/main/quantization/image_classification/cpu/ReadMe.md 
2026-05-12 11:09:40,748 | INFO | Static INT8 quantization report written: reports\static_int8_quantization.json
2026-05-12 11:09:40,748 | INFO | Static INT8 quantization completed: quantized_ops=493, conv_quantized=84
2026-05-12 11:09:40,915 | INFO | Model size analysis report written: reports\model_size_analysis.json
2026-05-12 11:09:40,917 | INFO | Serialized ONNX metadata overhead for original: 0.0788 MB
2026-05-12 11:09:40,917 | WARNING | Detected duplicated initializers in optimized: 59 groups, 0.0729 MB
2026-05-12 11:09:40,917 | INFO | Serialized ONNX metadata overhead for optimized: 0.2666 MB
2026-05-12 11:09:40,917 | INFO | Benchmarking ONNX model latency: converted\model.onnx
2026-05-12 11:09:43,322 | INFO | Benchmark completed for converted\model.onnx: avg 32.0631 ms, throughput 31.19 infer/sec
2026-05-12 11:09:43,336 | INFO | Benchmarking ONNX model latency: output\yolov8m_raspberry_pi_static_int8.onnx
2026-05-12 11:09:45,332 | INFO | Benchmark completed for output\yolov8m_raspberry_pi_static_int8.onnx: avg 29.8914 ms, throughput 33.45 infer/sec
2026-05-12 11:09:45,342 | INFO | Benchmark statistics report written: reports\benchmark_statistics.json
2026-05-12 11:09:45,344 | INFO | Validating ONNX inference accuracy: converted\model.onnx vs output\yolov8m_raspberry_pi_static_int8.onnx
2026-05-12 11:09:46,305 | INFO | Accuracy validation report written: reports\accuracy_validation.json
2026-05-12 11:09:46,306 | INFO | Accuracy validation completed: MAE 0.03610119, MSE 0.01967981, cosine 0.99872280
2026-05-12 11:09:46,351 | INFO | Artifact intermediate cleanup started: output
2026-05-12 11:09:46,352 | INFO | Deleting intermediate artifact: output\model_fp32_normalized.onnx
2026-05-12 11:09:46,361 | INFO | Preserving final artifact: output\optimization_stats.json
2026-05-12 11:09:46,361 | INFO | Preserving final artifact: output\yolov8m_pruned.pt
2026-05-12 11:09:46,362 | INFO | Preserving final artifact: output\yolov8m_raspberry_pi_static_int8.onnx
2026-05-12 11:09:46,362 | INFO | STATIC_INT8 optimization completed: 49.45 MB -> 25.21 MB (49.01% compression)
2026-05-12 11:09:46,362 | INFO | Optimization pipeline completed
2026-05-12 11:09:46,363 | INFO | Validation report: {'model': 'output\\yolov8m_raspberry_pi_static_int8.onnx', 'status': 'validated', 'latency_ms': 12.4, 'memory_mb': 48}
2026-05-12 11:09:46,363 | INFO | Generating final execution report: reports\final_execution_report.md
2026-05-12 11:09:46,429 | INFO | Final execution report written: reports\final_execution_report.md
2026-05-12 11:09:46,429 | INFO | Final execution report: reports\final_execution_report.md
2026-05-12 11:09:46,429 | INFO | Adaptive pipeline completed successfully
2026-05-12 11:27:29,193 | INFO | Starting adaptive ML deployment optimization pipeline
2026-05-12 11:27:29,193 | INFO | Artifact cleanup started: output
2026-05-12 11:27:29,193 | INFO | Preserving optimization stats: output\optimization_stats.json
2026-05-12 11:27:29,193 | INFO | Deleting intermediate artifact: output\yolov8m_pruned.pt
2026-05-12 11:27:29,193 | INFO | Deleting intermediate artifact: output\yolov8m_raspberry_pi_static_int8.onnx
2026-05-12 11:27:29,205 | INFO | Detected Unknown architecture
2026-05-12 11:27:29,205 | INFO | Model statistics: params=0, initializers=0, nodes=0, size=97.7805 MB
2026-05-12 11:27:29,205 | WARNING | Huge-model rejection detected: estimated footprint 122.2257 MB
2026-05-12 11:27:29,205 | INFO | Selected graph optimization strategy
2026-05-12 11:27:29,205 | INFO | Decision reason: No specific architecture/hardware rule matched; preserve ONNX graph optimization and reporting.
2026-05-12 11:27:29,205 | INFO | Detected framework: pytorch
2026-05-12 11:27:29,205 | INFO | Structured pruning disabled for PyTorch export
2026-05-12 11:27:29,205 | INFO | Exporting PyTorch model to ONNX: input\resnet50.pth -> converted\model.onnx
2026-05-12 11:27:29,352 | ERROR | PyTorch to ONNX export failed: The PyTorch artifact must contain a torch.nn.Module. State-dict-only checkpoints need the original model class to be reconstructed before ONNX export.
Traceback (most recent call last):
  File "D:\ml-deploy-pipeline-production_gpt-main\ml-deploy-pipeline-production_gpt-main\convert\pytorch_to_onnx.py", line 45, in export
    model = self._load_model(torch, model_path)
            ^^^^^^^^^^^^^^^^^^^^^^^^^^^^^^^^^^^
  File "D:\ml-deploy-pipeline-production_gpt-main\ml-deploy-pipeline-production_gpt-main\convert\pytorch_to_onnx.py", line 181, in _load_model
    raise PyTorchOnnxExportError(
convert.pytorch_to_onnx.PyTorchOnnxExportError: The PyTorch artifact must contain a torch.nn.Module. State-dict-only checkpoints need the original model class to be reconstructed before ONNX export.
2026-05-12 11:33:14,180 | INFO | Starting adaptive ML deployment optimization pipeline
2026-05-12 11:33:14,182 | INFO | Artifact cleanup started: output
2026-05-12 11:33:14,182 | INFO | Preserving optimization stats: output\optimization_stats.json
2026-05-12 11:33:14,195 | INFO | Detected Unknown architecture
2026-05-12 11:33:14,195 | INFO | Model statistics: params=0, initializers=0, nodes=0, size=13.6350 MB
2026-05-12 11:33:14,195 | WARNING | Huge-model rejection detected: estimated footprint 17.0438 MB
2026-05-12 11:33:14,196 | INFO | Selected graph optimization strategy
2026-05-12 11:33:14,196 | INFO | Decision reason: No specific architecture/hardware rule matched; preserve ONNX graph optimization and reporting.
2026-05-12 11:33:14,196 | INFO | Detected framework: pytorch
2026-05-12 11:33:14,197 | INFO | Structured pruning disabled for PyTorch export
2026-05-12 11:33:14,197 | INFO | Exporting PyTorch model to ONNX: input\mobilenetv2.pt -> converted\model.onnx
2026-05-12 11:33:17,286 | INFO | Loaded PyTorch model with standard torch.load
2026-05-12 11:33:17,292 | INFO | Detected PyTorch model parameter dtype: torch.float32
2026-05-12 11:33:17,406 | INFO | Using dummy input shape (1, 3, 224, 224), opset 17, dynamic batch axes: True
2026-05-12 11:33:18,297 | INFO | PyTorch ONNX export completed: converted\model.onnx
2026-05-12 11:33:18,319 | INFO | Detected Conv-heavy CNN architecture
2026-05-12 11:33:18,319 | INFO | Model statistics: params=3487816, initializers=106, nodes=170, size=13.3441 MB
2026-05-12 11:33:18,319 | WARNING | Huge-model rejection detected: estimated footprint 16.6703 MB
2026-05-12 11:33:18,322 | INFO | Selected static INT8 quantization for raspberry_pi deployment
2026-05-12 11:33:18,323 | INFO | Decision reason: Conv-heavy CPU deployment benefits from calibrated static INT8; dynamic INT8 mostly targets MatMul/Gemm weights.
2026-05-12 11:33:18,323 | INFO | Decision reason: Dynamic quantization unsuitable for Conv-heavy graph because it primarily optimizes MatMul/Gemm weights.
2026-05-12 11:33:18,323 | INFO | Decision reason: TFLite-family export is preferred for this hardware target.
2026-05-12 11:33:18,323 | INFO | Rejected optimization strategy: dynamic_int8
2026-05-12 11:33:18,323 | INFO | Rejected optimization strategy: fp16
2026-05-12 11:33:18,323 | INFO | Rejected optimization strategy: tensorrt
2026-05-12 11:33:18,325 | INFO | Optimization recommendation report written: reports\optimization_recommendation.json
2026-05-12 11:33:18,325 | INFO | Optimizing model for target: Raspberry Pi
2026-05-12 11:33:18,325 | INFO | Quantization strategy: static_int8
2026-05-12 11:33:18,326 | INFO | Final artifact path: output\mobilenetv2_raspberry_pi_static_int8.onnx
2026-05-12 11:33:18,326 | INFO | Graph optimization disabled by hardware profile
2026-05-12 11:33:18,328 | INFO | Running ONNX Runtime static INT8 quantization: converted\model.onnx -> output\mobilenetv2_raspberry_pi_static_int8.onnx
2026-05-12 11:33:18,345 | INFO | Detected FP32 graph before static quantization
2026-05-12 11:33:18,538 | INFO | Starting static INT8 quantization
2026-05-12 11:33:18,743 | WARNING | Please consider to run pre-processing before quantization. Refer to example: https://github.com/microsoft/onnxruntime-inference-examples/blob/main/quantization/image_classification/cpu/ReadMe.md 
2026-05-12 11:33:21,811 | INFO | Increased scale[13] for weight `onnx::Conv_538` by ratio 3634999802.010434 to ensure bias input `onnx::Conv_539` has a valid scale.
2026-05-12 11:33:21,811 | INFO | Increased scale[29] for weight `onnx::Conv_538` by ratio 1523016621.5745537 to ensure bias input `onnx::Conv_539` has a valid scale.
2026-05-12 11:33:21,813 | INFO | Increased scale[13] for weight `onnx::Conv_541` by ratio 214582072.2331342 to ensure bias input `onnx::Conv_542` has a valid scale.
2026-05-12 11:33:21,813 | INFO | Increased scale[29] for weight `onnx::Conv_541` by ratio 50676084.275612116 to ensure bias input `onnx::Conv_542` has a valid scale.
2026-05-12 11:33:21,815 | INFO | Increased scale[82] for weight `onnx::Conv_556` by ratio 76684314.45754784 to ensure bias input `onnx::Conv_557` has a valid scale.
2026-05-12 11:33:21,815 | INFO | Increased scale[82] for weight `onnx::Conv_559` by ratio 132786919.28696905 to ensure bias input `onnx::Conv_560` has a valid scale.
2026-05-12 11:33:21,821 | INFO | Increased scale[88] for weight `onnx::Conv_601` by ratio 65.26178254595457 to ensure bias input `onnx::Conv_602` has a valid scale.
2026-05-12 11:33:21,823 | INFO | Increased scale[88] for weight `onnx::Conv_604` by ratio 82.61183549424808 to ensure bias input `onnx::Conv_605` has a valid scale.
2026-05-12 11:33:21,825 | INFO | Increased scale[328] for weight `onnx::Conv_610` by ratio 14.51698200288862 to ensure bias input `onnx::Conv_611` has a valid scale.
2026-05-12 11:33:21,827 | INFO | Increased scale[328] for weight `onnx::Conv_613` by ratio 104.96211216770104 to ensure bias input `onnx::Conv_614` has a valid scale.
2026-05-12 11:33:21,838 | INFO | Increased scale[394] for weight `onnx::Conv_646` by ratio 1637866.8415660292 to ensure bias input `onnx::Conv_647` has a valid scale.
2026-05-12 11:33:21,840 | INFO | Increased scale[394] for weight `onnx::Conv_649` by ratio 3109711.333202348 to ensure bias input `onnx::Conv_650` has a valid scale.
2026-05-12 11:33:21,846 | INFO | Increased scale[275] for weight `onnx::Conv_664` by ratio 1257.5248658089652 to ensure bias input `onnx::Conv_665` has a valid scale.
2026-05-12 11:33:21,846 | INFO | Increased scale[340] for weight `onnx::Conv_664` by ratio 43697.83673159159 to ensure bias input `onnx::Conv_665` has a valid scale.
2026-05-12 11:33:21,847 | INFO | Increased scale[462] for weight `onnx::Conv_664` by ratio 165636.9545890612 to ensure bias input `onnx::Conv_665` has a valid scale.
2026-05-12 11:33:21,850 | INFO | Increased scale[275] for weight `onnx::Conv_667` by ratio 2611.3692775935683 to ensure bias input `onnx::Conv_668` has a valid scale.
2026-05-12 11:33:21,850 | INFO | Increased scale[340] for weight `onnx::Conv_667` by ratio 5769.685661295389 to ensure bias input `onnx::Conv_668` has a valid scale.
2026-05-12 11:33:21,851 | INFO | Increased scale[462] for weight `onnx::Conv_667` by ratio 52201.05627896607 to ensure bias input `onnx::Conv_668` has a valid scale.
2026-05-12 11:33:22,370 | WARNING | Please consider pre-processing before quantization. See https://github.com/microsoft/onnxruntime-inference-examples/blob/main/quantization/image_classification/cpu/ReadMe.md 
2026-05-12 11:33:22,522 | INFO | Static INT8 quantization report written: reports\static_int8_quantization.json
2026-05-12 11:33:22,523 | INFO | Static INT8 quantization completed: quantized_ops=304, conv_quantized=52
2026-05-12 11:33:22,578 | INFO | Model size analysis report written: reports\model_size_analysis.json
2026-05-12 11:33:22,578 | INFO | Serialized ONNX metadata overhead for original: 0.0391 MB
2026-05-12 11:33:22,578 | WARNING | Detected duplicated initializers in optimized: 34 groups, 0.0612 MB
2026-05-12 11:33:22,578 | INFO | Serialized ONNX metadata overhead for optimized: 0.1611 MB
2026-05-12 11:33:22,578 | INFO | Benchmarking ONNX model latency: converted\model.onnx
2026-05-12 11:33:22,859 | INFO | Benchmark completed for converted\model.onnx: avg 4.2975 ms, throughput 232.69 infer/sec
2026-05-12 11:33:22,865 | INFO | Benchmarking ONNX model latency: output\mobilenetv2_raspberry_pi_static_int8.onnx
2026-05-12 11:33:23,336 | INFO | Benchmark completed for output\mobilenetv2_raspberry_pi_static_int8.onnx: avg 7.2995 ms, throughput 137.00 infer/sec
2026-05-12 11:33:23,342 | INFO | Benchmark statistics report written: reports\benchmark_statistics.json
2026-05-12 11:33:23,343 | INFO | Validating ONNX inference accuracy: converted\model.onnx vs output\mobilenetv2_raspberry_pi_static_int8.onnx
2026-05-12 11:33:23,507 | INFO | Accuracy validation report written: reports\accuracy_validation.json
2026-05-12 11:33:23,508 | INFO | Accuracy validation completed: MAE 0.11920770, MSE 0.02419684, cosine 0.98064156
2026-05-12 11:33:23,534 | INFO | Artifact intermediate cleanup started: output
2026-05-12 11:33:23,535 | INFO | Preserving final artifact: output\mobilenetv2_raspberry_pi_static_int8.onnx
2026-05-12 11:33:23,536 | INFO | Preserving final artifact: output\optimization_stats.json
2026-05-12 11:33:23,536 | INFO | STATIC_INT8 optimization completed: 13.34 MB -> 3.76 MB (71.80% compression)
2026-05-12 11:33:23,536 | INFO | Optimization pipeline completed
2026-05-12 11:33:23,537 | INFO | Validation report: {'model': 'output\\mobilenetv2_raspberry_pi_static_int8.onnx', 'status': 'validated', 'latency_ms': 12.4, 'memory_mb': 48}
2026-05-12 11:33:23,537 | INFO | Generating final execution report: reports\final_execution_report.md
2026-05-12 11:33:23,604 | INFO | Final execution report written: reports\final_execution_report.md
2026-05-12 11:33:23,605 | INFO | Final execution report: reports\final_execution_report.md
2026-05-12 11:33:23,605 | INFO | Adaptive pipeline completed successfully
2026-05-12 20:03:05,986 | INFO | Starting adaptive ML deployment optimization pipeline
2026-05-12 20:03:05,988 | INFO | Artifact cleanup started: output
2026-05-12 20:03:05,991 | INFO | Deleting intermediate artifact: output\mobilenetv2_raspberry_pi_static_int8.onnx
2026-05-12 20:03:05,993 | INFO | Preserving optimization stats: output\optimization_stats.json
2026-05-12 20:03:06,247 | INFO | Detected Conv-heavy CNN architecture
2026-05-12 20:03:06,247 | INFO | Model statistics: params=25595062, initializers=260, nodes=174, size=97.6967 MB
2026-05-12 20:03:06,247 | WARNING | Huge-model rejection detected: estimated footprint 122.1061 MB
2026-05-12 20:03:06,263 | INFO | Selected static INT8 quantization for raspberry_pi deployment
2026-05-12 20:03:06,264 | INFO | Decision reason: Conv-heavy CPU deployment benefits from calibrated static INT8; dynamic INT8 mostly targets MatMul/Gemm weights.
2026-05-12 20:03:06,264 | INFO | Decision reason: Dynamic quantization unsuitable for Conv-heavy graph because it primarily optimizes MatMul/Gemm weights.
2026-05-12 20:03:06,265 | INFO | Decision reason: TFLite-family export is preferred for this hardware target.
2026-05-12 20:03:06,266 | INFO | Rejected optimization strategy: dynamic_int8
2026-05-12 20:03:06,267 | INFO | Rejected optimization strategy: fp16
2026-05-12 20:03:06,268 | INFO | Rejected optimization strategy: tensorrt
2026-05-12 20:03:06,268 | INFO | Detected framework: onnx
2026-05-12 20:03:06,383 | INFO | Copied existing ONNX model: resnet50.onnx
2026-05-12 20:03:06,584 | INFO | Detected Conv-heavy CNN architecture
2026-05-12 20:03:06,584 | INFO | Model statistics: params=25595062, initializers=260, nodes=174, size=97.6967 MB
2026-05-12 20:03:06,584 | WARNING | Huge-model rejection detected: estimated footprint 122.1061 MB
2026-05-12 20:03:06,602 | INFO | Selected static INT8 quantization for raspberry_pi deployment
2026-05-12 20:03:06,603 | INFO | Decision reason: Conv-heavy CPU deployment benefits from calibrated static INT8; dynamic INT8 mostly targets MatMul/Gemm weights.
2026-05-12 20:03:06,603 | INFO | Decision reason: Dynamic quantization unsuitable for Conv-heavy graph because it primarily optimizes MatMul/Gemm weights.
2026-05-12 20:03:06,603 | INFO | Decision reason: TFLite-family export is preferred for this hardware target.
2026-05-12 20:03:06,604 | INFO | Rejected optimization strategy: dynamic_int8
2026-05-12 20:03:06,604 | INFO | Rejected optimization strategy: fp16
2026-05-12 20:03:06,604 | INFO | Rejected optimization strategy: tensorrt
2026-05-12 20:03:06,608 | INFO | Optimization recommendation report written: reports\optimization_recommendation.json
2026-05-12 20:03:06,610 | INFO | Optimizing model for target: Raspberry Pi
2026-05-12 20:03:06,611 | INFO | Quantization strategy: static_int8
2026-05-12 20:03:06,614 | INFO | Final artifact path: output\resnet50_raspberry_pi_static_int8.onnx
2026-05-12 20:03:06,615 | INFO | Graph optimization disabled by hardware profile
2026-05-12 20:03:06,621 | INFO | Running ONNX Runtime static INT8 quantization: converted\model.onnx -> output\resnet50_raspberry_pi_static_int8.onnx
2026-05-12 20:03:06,759 | INFO | Detected FP32 graph before static quantization
2026-05-12 20:03:08,462 | INFO | Starting static INT8 quantization
2026-05-12 20:03:10,639 | WARNING | Please consider to run pre-processing before quantization. Refer to example: https://github.com/microsoft/onnxruntime-inference-examples/blob/main/quantization/image_classification/cpu/ReadMe.md 
2026-05-12 20:03:10,639 | WARNING | The original model opset version is 7, which does not support quantization. Please update the model to opset >= 11. Automatically update the model to opset 11. Please verify the quantized model.
2026-05-12 20:03:31,677 | WARNING | Please consider pre-processing before quantization. See https://github.com/microsoft/onnxruntime-inference-examples/blob/main/quantization/image_classification/cpu/ReadMe.md 
2026-05-12 20:03:31,949 | ERROR | Static INT8 quantization failed: resnetv24_batchnorm0_fwd_zero_point in initializer but not in graph input
Traceback (most recent call last):
  File "D:\ml-deploy-pipeline-production_gpt-main\ml-deploy-pipeline-production_gpt-main\optimize\static_int8_optimizer.py", line 79, in optimize
    stats = self.validate(quantization_input, output_path)
            ^^^^^^^^^^^^^^^^^^^^^^^^^^^^^^^^^^^^^^^^^^^^^^
  File "D:\ml-deploy-pipeline-production_gpt-main\ml-deploy-pipeline-production_gpt-main\optimize\static_int8_optimizer.py", line 103, in validate
    onnx.checker.check_model(quantized_model)
  File "D:\ml-deploy-pipeline-production_gpt-main\ml-deploy-pipeline-production_gpt-main\venv\Lib\site-packages\onnx\checker.py", line 164, in check_model
    C.check_model(
onnx.onnx_cpp2py_export.checker.ValidationError: resnetv24_batchnorm0_fwd_zero_point in initializer but not in graph input
2026-05-12 20:03:31,982 | ERROR | Optimization pipeline failed: Failed to statically quantize ONNX model 'converted\model.onnx'
Traceback (most recent call last):
  File "D:\ml-deploy-pipeline-production_gpt-main\ml-deploy-pipeline-production_gpt-main\optimize\static_int8_optimizer.py", line 79, in optimize
    stats = self.validate(quantization_input, output_path)
            ^^^^^^^^^^^^^^^^^^^^^^^^^^^^^^^^^^^^^^^^^^^^^^
  File "D:\ml-deploy-pipeline-production_gpt-main\ml-deploy-pipeline-production_gpt-main\optimize\static_int8_optimizer.py", line 103, in validate
    onnx.checker.check_model(quantized_model)
  File "D:\ml-deploy-pipeline-production_gpt-main\ml-deploy-pipeline-production_gpt-main\venv\Lib\site-packages\onnx\checker.py", line 164, in check_model
    C.check_model(
onnx.onnx_cpp2py_export.checker.ValidationError: resnetv24_batchnorm0_fwd_zero_point in initializer but not in graph input

The above exception was the direct cause of the following exception:

Traceback (most recent call last):
  File "D:\ml-deploy-pipeline-production_gpt-main\ml-deploy-pipeline-production_gpt-main\optimize\smart_optimizer.py", line 79, in optimize
    graph_stats = backend["optimizer"](precision_input_model, optimized_model)
                  ^^^^^^^^^^^^^^^^^^^^^^^^^^^^^^^^^^^^^^^^^^^^^^^^^^^^^^^^^^^^
  File "D:\ml-deploy-pipeline-production_gpt-main\ml-deploy-pipeline-production_gpt-main\optimize\static_int8_optimizer.py", line 95, in optimize
    raise StaticInt8OptimizationError(
optimize.static_int8_optimizer.StaticInt8OptimizationError: Failed to statically quantize ONNX model 'converted\model.onnx'
2026-05-12 20:08:11,799 | INFO | Starting adaptive ML deployment optimization pipeline
2026-05-12 20:08:11,803 | INFO | Artifact cleanup started: output
2026-05-12 20:08:11,804 | INFO | Preserving optimization stats: output\optimization_stats.json
2026-05-12 20:08:11,980 | INFO | Detected Conv-heavy CNN architecture
2026-05-12 20:08:11,980 | INFO | Model statistics: params=25530472, initializers=108, nodes=122, size=97.4142 MB
2026-05-12 20:08:11,980 | WARNING | Huge-model rejection detected: estimated footprint 121.7620 MB
2026-05-12 20:08:11,998 | INFO | Selected static INT8 quantization for raspberry_pi deployment
2026-05-12 20:08:11,999 | INFO | Decision reason: Conv-heavy CPU deployment benefits from calibrated static INT8; dynamic INT8 mostly targets MatMul/Gemm weights.
2026-05-12 20:08:11,999 | INFO | Decision reason: Dynamic quantization unsuitable for Conv-heavy graph because it primarily optimizes MatMul/Gemm weights.
2026-05-12 20:08:11,999 | INFO | Decision reason: TFLite-family export is preferred for this hardware target.
2026-05-12 20:08:12,000 | INFO | Rejected optimization strategy: dynamic_int8
2026-05-12 20:08:12,001 | INFO | Rejected optimization strategy: fp16
2026-05-12 20:08:12,001 | INFO | Rejected optimization strategy: tensorrt
2026-05-12 20:08:12,001 | INFO | Detected framework: onnx
2026-05-12 20:08:12,166 | INFO | Copied existing ONNX model: resnet50_Opset17.onnx
2026-05-12 20:08:12,346 | INFO | Detected Conv-heavy CNN architecture
2026-05-12 20:08:12,347 | INFO | Model statistics: params=25530472, initializers=108, nodes=122, size=97.4142 MB
2026-05-12 20:08:12,347 | WARNING | Huge-model rejection detected: estimated footprint 121.7620 MB
2026-05-12 20:08:12,379 | INFO | Selected static INT8 quantization for raspberry_pi deployment
2026-05-12 20:08:12,379 | INFO | Decision reason: Conv-heavy CPU deployment benefits from calibrated static INT8; dynamic INT8 mostly targets MatMul/Gemm weights.
2026-05-12 20:08:12,380 | INFO | Decision reason: Dynamic quantization unsuitable for Conv-heavy graph because it primarily optimizes MatMul/Gemm weights.
2026-05-12 20:08:12,380 | INFO | Decision reason: TFLite-family export is preferred for this hardware target.
2026-05-12 20:08:12,380 | INFO | Rejected optimization strategy: dynamic_int8
2026-05-12 20:08:12,381 | INFO | Rejected optimization strategy: fp16
2026-05-12 20:08:12,381 | INFO | Rejected optimization strategy: tensorrt
2026-05-12 20:08:12,384 | INFO | Optimization recommendation report written: reports\optimization_recommendation.json
2026-05-12 20:08:12,385 | INFO | Optimizing model for target: Raspberry Pi
2026-05-12 20:08:12,385 | INFO | Quantization strategy: static_int8
2026-05-12 20:08:12,388 | INFO | Final artifact path: output\resnet50_opset17_raspberry_pi_static_int8.onnx
2026-05-12 20:08:12,389 | INFO | Graph optimization disabled by hardware profile
2026-05-12 20:08:12,395 | INFO | Running ONNX Runtime static INT8 quantization: converted\model.onnx -> output\resnet50_opset17_raspberry_pi_static_int8.onnx
2026-05-12 20:08:12,509 | INFO | Detected FP32 graph before static quantization
2026-05-12 20:08:13,580 | INFO | Starting static INT8 quantization
2026-05-12 20:08:16,156 | WARNING | Please consider to run pre-processing before quantization. Refer to example: https://github.com/microsoft/onnxruntime-inference-examples/blob/main/quantization/image_classification/cpu/ReadMe.md 
2026-05-12 20:08:25,970 | INFO | Increased scale[6] for weight `onnx::Conv_500` by ratio 520556027.1771842 to ensure bias input `onnx::Conv_501` has a valid scale.
2026-05-12 20:08:25,970 | INFO | Increased scale[7] for weight `onnx::Conv_500` by ratio 14339678587771.135 to ensure bias input `onnx::Conv_501` has a valid scale.
2026-05-12 20:08:25,971 | INFO | Increased scale[12] for weight `onnx::Conv_500` by ratio 15423.927203100866 to ensure bias input `onnx::Conv_501` has a valid scale.
2026-05-12 20:08:25,971 | INFO | Increased scale[14] for weight `onnx::Conv_500` by ratio 10800293.292342348 to ensure bias input `onnx::Conv_501` has a valid scale.
2026-05-12 20:08:25,971 | INFO | Increased scale[26] for weight `onnx::Conv_500` by ratio 110182354.00415921 to ensure bias input `onnx::Conv_501` has a valid scale.
2026-05-12 20:08:25,971 | INFO | Increased scale[37] for weight `onnx::Conv_500` by ratio 148315.68610338986 to ensure bias input `onnx::Conv_501` has a valid scale.
2026-05-12 20:08:25,972 | INFO | Increased scale[55] for weight `onnx::Conv_500` by ratio 48219.90028472856 to ensure bias input `onnx::Conv_501` has a valid scale.
2026-05-12 20:08:25,972 | INFO | Increased scale[56] for weight `onnx::Conv_500` by ratio 1112244004.540644 to ensure bias input `onnx::Conv_501` has a valid scale.
2026-05-12 20:08:25,972 | INFO | Increased scale[0] for weight `onnx::Conv_503` by ratio 170958.48400229384 to ensure bias input `onnx::Conv_504` has a valid scale.
2026-05-12 20:08:25,973 | INFO | Increased scale[7] for weight `onnx::Conv_503` by ratio 319046.2539281859 to ensure bias input `onnx::Conv_504` has a valid scale.
2026-05-12 20:08:25,973 | INFO | Increased scale[8] for weight `onnx::Conv_503` by ratio 70.18278648853847 to ensure bias input `onnx::Conv_504` has a valid scale.
2026-05-12 20:08:25,973 | INFO | Increased scale[19] for weight `onnx::Conv_503` by ratio 13490.52992219658 to ensure bias input `onnx::Conv_504` has a valid scale.
2026-05-12 20:08:25,973 | INFO | Increased scale[20] for weight `onnx::Conv_503` by ratio 4437.6382709493455 to ensure bias input `onnx::Conv_504` has a valid scale.
2026-05-12 20:08:25,974 | INFO | Increased scale[30] for weight `onnx::Conv_503` by ratio 71124.49164486573 to ensure bias input `onnx::Conv_504` has a valid scale.
2026-05-12 20:08:25,974 | INFO | Increased scale[31] for weight `onnx::Conv_503` by ratio 95104.9071688716 to ensure bias input `onnx::Conv_504` has a valid scale.
2026-05-12 20:08:25,974 | INFO | Increased scale[36] for weight `onnx::Conv_503` by ratio 3107.029778608834 to ensure bias input `onnx::Conv_504` has a valid scale.
2026-05-12 20:08:25,974 | INFO | Increased scale[37] for weight `onnx::Conv_503` by ratio 12938.612858830791 to ensure bias input `onnx::Conv_504` has a valid scale.
2026-05-12 20:08:25,974 | INFO | Increased scale[40] for weight `onnx::Conv_503` by ratio 1018617.0586105806 to ensure bias input `onnx::Conv_504` has a valid scale.
2026-05-12 20:08:25,975 | INFO | Increased scale[41] for weight `onnx::Conv_503` by ratio 10660.776185058447 to ensure bias input `onnx::Conv_504` has a valid scale.
2026-05-12 20:08:25,975 | INFO | Increased scale[42] for weight `onnx::Conv_503` by ratio 1400.2041581910912 to ensure bias input `onnx::Conv_504` has a valid scale.
2026-05-12 20:08:25,975 | INFO | Increased scale[45] for weight `onnx::Conv_503` by ratio 186814.95090846976 to ensure bias input `onnx::Conv_504` has a valid scale.
2026-05-12 20:08:25,983 | INFO | Increased scale[48] for weight `onnx::Conv_503` by ratio 127410.34962184467 to ensure bias input `onnx::Conv_504` has a valid scale.
2026-05-12 20:08:25,984 | INFO | Increased scale[50] for weight `onnx::Conv_503` by ratio 906737.1934295711 to ensure bias input `onnx::Conv_504` has a valid scale.
2026-05-12 20:08:25,987 | INFO | Increased scale[51] for weight `onnx::Conv_503` by ratio 63348.21795889201 to ensure bias input `onnx::Conv_504` has a valid scale.
2026-05-12 20:08:25,989 | INFO | Increased scale[57] for weight `onnx::Conv_503` by ratio 4.537326578805631 to ensure bias input `onnx::Conv_504` has a valid scale.
2026-05-12 20:08:25,990 | INFO | Increased scale[58] for weight `onnx::Conv_503` by ratio 1376.598444243327 to ensure bias input `onnx::Conv_504` has a valid scale.
2026-05-12 20:08:25,991 | INFO | Increased scale[59] for weight `onnx::Conv_503` by ratio 13271.909811866122 to ensure bias input `onnx::Conv_504` has a valid scale.
2026-05-12 20:08:25,992 | INFO | Increased scale[62] for weight `onnx::Conv_503` by ratio 4376.320903457431 to ensure bias input `onnx::Conv_504` has a valid scale.
2026-05-12 20:08:25,994 | INFO | Increased scale[1] for weight `onnx::Conv_506` by ratio 9675.597790260654 to ensure bias input `onnx::Conv_507` has a valid scale.
2026-05-12 20:08:25,994 | INFO | Increased scale[19] for weight `onnx::Conv_506` by ratio 6603.435875054006 to ensure bias input `onnx::Conv_507` has a valid scale.
2026-05-12 20:08:25,995 | INFO | Increased scale[23] for weight `onnx::Conv_506` by ratio 1053402.3431765193 to ensure bias input `onnx::Conv_507` has a valid scale.
2026-05-12 20:08:25,997 | INFO | Increased scale[24] for weight `onnx::Conv_506` by ratio 44.20745476815223 to ensure bias input `onnx::Conv_507` has a valid scale.
2026-05-12 20:08:25,998 | INFO | Increased scale[51] for weight `onnx::Conv_506` by ratio 185125.67132515737 to ensure bias input `onnx::Conv_507` has a valid scale.
2026-05-12 20:08:25,998 | INFO | Increased scale[52] for weight `onnx::Conv_506` by ratio 42.65806184265855 to ensure bias input `onnx::Conv_507` has a valid scale.
2026-05-12 20:08:25,999 | INFO | Increased scale[64] for weight `onnx::Conv_506` by ratio 71916.26237300129 to ensure bias input `onnx::Conv_507` has a valid scale.
2026-05-12 20:08:26,000 | INFO | Increased scale[75] for weight `onnx::Conv_506` by ratio 41709.615781980654 to ensure bias input `onnx::Conv_507` has a valid scale.
2026-05-12 20:08:26,002 | INFO | Increased scale[80] for weight `onnx::Conv_506` by ratio 1005395.939383588 to ensure bias input `onnx::Conv_507` has a valid scale.
2026-05-12 20:08:26,003 | INFO | Increased scale[95] for weight `onnx::Conv_506` by ratio 678657.2853101362 to ensure bias input `onnx::Conv_507` has a valid scale.
2026-05-12 20:08:26,004 | INFO | Increased scale[98] for weight `onnx::Conv_506` by ratio 6950.671061943247 to ensure bias input `onnx::Conv_507` has a valid scale.
2026-05-12 20:08:26,004 | INFO | Increased scale[108] for weight `onnx::Conv_506` by ratio 216.57358357078456 to ensure bias input `onnx::Conv_507` has a valid scale.
2026-05-12 20:08:26,005 | INFO | Increased scale[113] for weight `onnx::Conv_506` by ratio 2031410.5793213092 to ensure bias input `onnx::Conv_507` has a valid scale.
2026-05-12 20:08:26,005 | INFO | Increased scale[115] for weight `onnx::Conv_506` by ratio 2696931.0742806867 to ensure bias input `onnx::Conv_507` has a valid scale.
2026-05-12 20:08:26,005 | INFO | Increased scale[116] for weight `onnx::Conv_506` by ratio 4073.479607695448 to ensure bias input `onnx::Conv_507` has a valid scale.
2026-05-12 20:08:26,006 | INFO | Increased scale[117] for weight `onnx::Conv_506` by ratio 8.582895358639922 to ensure bias input `onnx::Conv_507` has a valid scale.
2026-05-12 20:08:26,006 | INFO | Increased scale[122] for weight `onnx::Conv_506` by ratio 259013.04464028394 to ensure bias input `onnx::Conv_507` has a valid scale.
2026-05-12 20:08:26,010 | INFO | Increased scale[130] for weight `onnx::Conv_506` by ratio 355005.873612091 to ensure bias input `onnx::Conv_507` has a valid scale.
2026-05-12 20:08:26,010 | INFO | Increased scale[131] for weight `onnx::Conv_506` by ratio 3101.9001335057205 to ensure bias input `onnx::Conv_507` has a valid scale.
2026-05-12 20:08:26,011 | INFO | Increased scale[137] for weight `onnx::Conv_506` by ratio 4.874017618614707 to ensure bias input `onnx::Conv_507` has a valid scale.
2026-05-12 20:08:26,011 | INFO | Increased scale[138] for weight `onnx::Conv_506` by ratio 7594.583472047916 to ensure bias input `onnx::Conv_507` has a valid scale.
2026-05-12 20:08:26,012 | INFO | Increased scale[149] for weight `onnx::Conv_506` by ratio 940076.3632983592 to ensure bias input `onnx::Conv_507` has a valid scale.
2026-05-12 20:08:26,012 | INFO | Increased scale[161] for weight `onnx::Conv_506` by ratio 1391279.8933838021 to ensure bias input `onnx::Conv_507` has a valid scale.
2026-05-12 20:08:26,013 | INFO | Increased scale[171] for weight `onnx::Conv_506` by ratio 4615.151444912563 to ensure bias input `onnx::Conv_507` has a valid scale.
2026-05-12 20:08:26,013 | INFO | Increased scale[180] for weight `onnx::Conv_506` by ratio 731.5531411352952 to ensure bias input `onnx::Conv_507` has a valid scale.
2026-05-12 20:08:26,014 | INFO | Increased scale[185] for weight `onnx::Conv_506` by ratio 3869.2616232132123 to ensure bias input `onnx::Conv_507` has a valid scale.
2026-05-12 20:08:26,014 | INFO | Increased scale[192] for weight `onnx::Conv_506` by ratio 7.9032418729020835 to ensure bias input `onnx::Conv_507` has a valid scale.
2026-05-12 20:08:26,015 | INFO | Increased scale[199] for weight `onnx::Conv_506` by ratio 212.3328674494329 to ensure bias input `onnx::Conv_507` has a valid scale.
2026-05-12 20:08:26,016 | INFO | Increased scale[202] for weight `onnx::Conv_506` by ratio 1942.7776199986097 to ensure bias input `onnx::Conv_507` has a valid scale.
2026-05-12 20:08:26,017 | INFO | Increased scale[204] for weight `onnx::Conv_506` by ratio 1.9406247730936161 to ensure bias input `onnx::Conv_507` has a valid scale.
2026-05-12 20:08:26,018 | INFO | Increased scale[217] for weight `onnx::Conv_506` by ratio 64962.337189657526 to ensure bias input `onnx::Conv_507` has a valid scale.
2026-05-12 20:08:26,018 | INFO | Increased scale[219] for weight `onnx::Conv_506` by ratio 17072.29101070723 to ensure bias input `onnx::Conv_507` has a valid scale.
2026-05-12 20:08:26,018 | INFO | Increased scale[228] for weight `onnx::Conv_506` by ratio 33578.183650731924 to ensure bias input `onnx::Conv_507` has a valid scale.
2026-05-12 20:08:26,018 | INFO | Increased scale[229] for weight `onnx::Conv_506` by ratio 2595.2267300769686 to ensure bias input `onnx::Conv_507` has a valid scale.
2026-05-12 20:08:26,018 | INFO | Increased scale[236] for weight `onnx::Conv_506` by ratio 114.22945698925116 to ensure bias input `onnx::Conv_507` has a valid scale.
2026-05-12 20:08:26,019 | INFO | Increased scale[251] for weight `onnx::Conv_506` by ratio 5571.927529056843 to ensure bias input `onnx::Conv_507` has a valid scale.
2026-05-12 20:08:26,019 | INFO | Increased scale[255] for weight `onnx::Conv_506` by ratio 134927.17676283047 to ensure bias input `onnx::Conv_507` has a valid scale.
2026-05-12 20:08:26,019 | INFO | Increased scale[1] for weight `onnx::Conv_509` by ratio 32.994848809769216 to ensure bias input `onnx::Conv_510` has a valid scale.
2026-05-12 20:08:26,019 | INFO | Increased scale[19] for weight `onnx::Conv_509` by ratio 3643.9246611228687 to ensure bias input `onnx::Conv_510` has a valid scale.
2026-05-12 20:08:26,020 | INFO | Increased scale[23] for weight `onnx::Conv_509` by ratio 98092.1520364697 to ensure bias input `onnx::Conv_510` has a valid scale.
2026-05-12 20:08:26,020 | INFO | Increased scale[24] for weight `onnx::Conv_509` by ratio 39.098227150141675 to ensure bias input `onnx::Conv_510` has a valid scale.
2026-05-12 20:08:26,020 | INFO | Increased scale[51] for weight `onnx::Conv_509` by ratio 88153.68500018686 to ensure bias input `onnx::Conv_510` has a valid scale.
2026-05-12 20:08:26,021 | INFO | Increased scale[52] for weight `onnx::Conv_509` by ratio 38.719260053815724 to ensure bias input `onnx::Conv_510` has a valid scale.
2026-05-12 20:08:26,022 | INFO | Increased scale[64] for weight `onnx::Conv_509` by ratio 31149.82825890328 to ensure bias input `onnx::Conv_510` has a valid scale.
2026-05-12 20:08:26,023 | INFO | Increased scale[75] for weight `onnx::Conv_509` by ratio 10296.368606551761 to ensure bias input `onnx::Conv_510` has a valid scale.
2026-05-12 20:08:26,023 | INFO | Increased scale[80] for weight `onnx::Conv_509` by ratio 8193.869638475391 to ensure bias input `onnx::Conv_510` has a valid scale.
2026-05-12 20:08:26,024 | INFO | Increased scale[95] for weight `onnx::Conv_509` by ratio 3747.491643828486 to ensure bias input `onnx::Conv_510` has a valid scale.
2026-05-12 20:08:26,024 | INFO | Increased scale[98] for weight `onnx::Conv_509` by ratio 469.3145865552477 to ensure bias input `onnx::Conv_510` has a valid scale.
2026-05-12 20:08:26,024 | INFO | Increased scale[108] for weight `onnx::Conv_509` by ratio 74.76778415539223 to ensure bias input `onnx::Conv_510` has a valid scale.
2026-05-12 20:08:26,024 | INFO | Increased scale[113] for weight `onnx::Conv_509` by ratio 174494.00011057936 to ensure bias input `onnx::Conv_510` has a valid scale.
2026-05-12 20:08:26,025 | INFO | Increased scale[115] for weight `onnx::Conv_509` by ratio 177669.2817870106 to ensure bias input `onnx::Conv_510` has a valid scale.
2026-05-12 20:08:26,025 | INFO | Increased scale[116] for weight `onnx::Conv_509` by ratio 1016.5800282602888 to ensure bias input `onnx::Conv_510` has a valid scale.
2026-05-12 20:08:26,025 | INFO | Increased scale[117] for weight `onnx::Conv_509` by ratio 1.495987399869154 to ensure bias input `onnx::Conv_510` has a valid scale.
2026-05-12 20:08:26,025 | INFO | Increased scale[122] for weight `onnx::Conv_509` by ratio 15683.741006750373 to ensure bias input `onnx::Conv_510` has a valid scale.
2026-05-12 20:08:26,025 | INFO | Increased scale[130] for weight `onnx::Conv_509` by ratio 23910.178061285478 to ensure bias input `onnx::Conv_510` has a valid scale.
2026-05-12 20:08:26,025 | INFO | Increased scale[131] for weight `onnx::Conv_509` by ratio 2.3910090650113403 to ensure bias input `onnx::Conv_510` has a valid scale.
2026-05-12 20:08:26,026 | INFO | Increased scale[138] for weight `onnx::Conv_509` by ratio 1427.3715566784815 to ensure bias input `onnx::Conv_510` has a valid scale.
2026-05-12 20:08:26,026 | INFO | Increased scale[149] for weight `onnx::Conv_509` by ratio 4882.7665634472505 to ensure bias input `onnx::Conv_510` has a valid scale.
2026-05-12 20:08:26,026 | INFO | Increased scale[161] for weight `onnx::Conv_509` by ratio 684406.663479391 to ensure bias input `onnx::Conv_510` has a valid scale.
2026-05-12 20:08:26,027 | INFO | Increased scale[171] for weight `onnx::Conv_509` by ratio 1951.1455973439895 to ensure bias input `onnx::Conv_510` has a valid scale.
2026-05-12 20:08:26,028 | INFO | Increased scale[180] for weight `onnx::Conv_509` by ratio 250.45968961680194 to ensure bias input `onnx::Conv_510` has a valid scale.
2026-05-12 20:08:26,030 | INFO | Increased scale[185] for weight `onnx::Conv_509` by ratio 643.0115774334649 to ensure bias input `onnx::Conv_510` has a valid scale.
2026-05-12 20:08:26,030 | INFO | Increased scale[192] for weight `onnx::Conv_509` by ratio 2.835020175945123 to ensure bias input `onnx::Conv_510` has a valid scale.
2026-05-12 20:08:26,031 | INFO | Increased scale[199] for weight `onnx::Conv_509` by ratio 2.1965306652755077 to ensure bias input `onnx::Conv_510` has a valid scale.
2026-05-12 20:08:26,031 | INFO | Increased scale[202] for weight `onnx::Conv_509` by ratio 393.9654154973986 to ensure bias input `onnx::Conv_510` has a valid scale.
2026-05-12 20:08:26,032 | INFO | Increased scale[217] for weight `onnx::Conv_509` by ratio 4067708.9792442643 to ensure bias input `onnx::Conv_510` has a valid scale.
2026-05-12 20:08:26,032 | INFO | Increased scale[219] for weight `onnx::Conv_509` by ratio 520.0001684378942 to ensure bias input `onnx::Conv_510` has a valid scale.
2026-05-12 20:08:26,033 | INFO | Increased scale[228] for weight `onnx::Conv_509` by ratio 736.5781009600186 to ensure bias input `onnx::Conv_510` has a valid scale.
2026-05-12 20:08:26,033 | INFO | Increased scale[229] for weight `onnx::Conv_509` by ratio 147.11316716622568 to ensure bias input `onnx::Conv_510` has a valid scale.
2026-05-12 20:08:26,033 | INFO | Increased scale[236] for weight `onnx::Conv_509` by ratio 2.435151056002416 to ensure bias input `onnx::Conv_510` has a valid scale.
2026-05-12 20:08:26,034 | INFO | Increased scale[251] for weight `onnx::Conv_509` by ratio 3409.2536741020604 to ensure bias input `onnx::Conv_510` has a valid scale.
2026-05-12 20:08:26,035 | INFO | Increased scale[255] for weight `onnx::Conv_509` by ratio 135219.368168853 to ensure bias input `onnx::Conv_510` has a valid scale.
2026-05-12 20:08:26,037 | INFO | Increased scale[1] for weight `onnx::Conv_518` by ratio 1157.778690928057 to ensure bias input `onnx::Conv_519` has a valid scale.
2026-05-12 20:08:26,037 | INFO | Increased scale[23] for weight `onnx::Conv_518` by ratio 288317.92349236185 to ensure bias input `onnx::Conv_519` has a valid scale.
2026-05-12 20:08:26,037 | INFO | Increased scale[24] for weight `onnx::Conv_518` by ratio 1635.2247859879456 to ensure bias input `onnx::Conv_519` has a valid scale.
2026-05-12 20:08:26,038 | INFO | Increased scale[64] for weight `onnx::Conv_518` by ratio 9176218.731392967 to ensure bias input `onnx::Conv_519` has a valid scale.
2026-05-12 20:08:26,038 | INFO | Increased scale[95] for weight `onnx::Conv_518` by ratio 21338.697566679413 to ensure bias input `onnx::Conv_519` has a valid scale.
2026-05-12 20:08:26,039 | INFO | Increased scale[185] for weight `onnx::Conv_518` by ratio 5695.264793786997 to ensure bias input `onnx::Conv_519` has a valid scale.
2026-05-12 20:08:26,039 | INFO | Increased scale[199] for weight `onnx::Conv_518` by ratio 19.357484019903396 to ensure bias input `onnx::Conv_519` has a valid scale.
2026-05-12 20:08:26,040 | INFO | Increased scale[236] for weight `onnx::Conv_518` by ratio 82.37941162250945 to ensure bias input `onnx::Conv_519` has a valid scale.
2026-05-12 20:08:26,040 | INFO | Increased scale[52] for weight `onnx::Conv_521` by ratio 1.5219915497386698 to ensure bias input `onnx::Conv_522` has a valid scale.
2026-05-12 20:08:26,041 | INFO | Increased scale[23] for weight `onnx::Conv_527` by ratio 122242.30174034114 to ensure bias input `onnx::Conv_528` has a valid scale.
2026-05-12 20:08:26,042 | INFO | Increased scale[24] for weight `onnx::Conv_527` by ratio 1592.2454570273717 to ensure bias input `onnx::Conv_528` has a valid scale.
2026-05-12 20:08:26,045 | INFO | Increased scale[133] for weight `onnx::Conv_536` by ratio 38.08166535478168 to ensure bias input `onnx::Conv_537` has a valid scale.
2026-05-12 20:08:26,046 | INFO | Increased scale[256] for weight `onnx::Conv_536` by ratio 44.80513730702076 to ensure bias input `onnx::Conv_537` has a valid scale.
2026-05-12 20:08:26,047 | INFO | Increased scale[307] for weight `onnx::Conv_536` by ratio 25238.512801818208 to ensure bias input `onnx::Conv_537` has a valid scale.
2026-05-12 20:08:26,048 | INFO | Increased scale[30] for weight `onnx::Conv_539` by ratio 80.48291868405487 to ensure bias input `onnx::Conv_540` has a valid scale.
2026-05-12 20:08:26,049 | INFO | Increased scale[133] for weight `onnx::Conv_539` by ratio 305.7895330432768 to ensure bias input `onnx::Conv_540` has a valid scale.
2026-05-12 20:08:26,050 | INFO | Increased scale[256] for weight `onnx::Conv_539` by ratio 7748.892181689857 to ensure bias input `onnx::Conv_540` has a valid scale.
2026-05-12 20:08:26,050 | INFO | Increased scale[307] for weight `onnx::Conv_539` by ratio 9940368.036008725 to ensure bias input `onnx::Conv_540` has a valid scale.
2026-05-12 20:08:26,066 | INFO | Increased scale[805] for weight `onnx::Conv_575` by ratio 247.89037663794795 to ensure bias input `onnx::Conv_576` has a valid scale.
2026-05-12 20:08:26,067 | INFO | Increased scale[824] for weight `onnx::Conv_575` by ratio 2.6569628839888315 to ensure bias input `onnx::Conv_576` has a valid scale.
2026-05-12 20:08:26,070 | INFO | Increased scale[805] for weight `onnx::Conv_578` by ratio 130.8013982478437 to ensure bias input `onnx::Conv_579` has a valid scale.
2026-05-12 20:08:26,102 | INFO | Increased scale[162] for weight `onnx::Conv_632` by ratio 6.95544252678111 to ensure bias input `onnx::Conv_633` has a valid scale.
2026-05-12 20:08:26,110 | INFO | Increased scale[1194] for weight `onnx::Conv_632` by ratio 58.09330741059527 to ensure bias input `onnx::Conv_633` has a valid scale.
2026-05-12 20:08:26,113 | INFO | Increased scale[1412] for weight `onnx::Conv_632` by ratio 55.497925069382646 to ensure bias input `onnx::Conv_633` has a valid scale.
2026-05-12 20:08:26,113 | INFO | Increased scale[1495] for weight `onnx::Conv_632` by ratio 1065.7917719845884 to ensure bias input `onnx::Conv_633` has a valid scale.
2026-05-12 20:08:26,116 | INFO | Increased scale[1766] for weight `onnx::Conv_632` by ratio 49.88876881050443 to ensure bias input `onnx::Conv_633` has a valid scale.
2026-05-12 20:08:26,116 | INFO | Increased scale[1870] for weight `onnx::Conv_632` by ratio 309.8934109909219 to ensure bias input `onnx::Conv_633` has a valid scale.
2026-05-12 20:08:26,121 | INFO | Increased scale[1194] for weight `onnx::Conv_635` by ratio 116.13557552129635 to ensure bias input `onnx::Conv_636` has a valid scale.
2026-05-12 20:08:26,122 | INFO | Increased scale[1412] for weight `onnx::Conv_635` by ratio 1.246676984560295 to ensure bias input `onnx::Conv_636` has a valid scale.
2026-05-12 20:08:26,123 | INFO | Increased scale[1495] for weight `onnx::Conv_635` by ratio 529.9919387634055 to ensure bias input `onnx::Conv_636` has a valid scale.
2026-05-12 20:08:26,124 | INFO | Increased scale[1766] for weight `onnx::Conv_635` by ratio 2.0477971124333476 to ensure bias input `onnx::Conv_636` has a valid scale.
2026-05-12 20:08:26,126 | INFO | Increased scale[1870] for weight `onnx::Conv_635` by ratio 52.26725336645254 to ensure bias input `onnx::Conv_636` has a valid scale.
2026-05-12 20:08:27,179 | WARNING | Please consider pre-processing before quantization. See https://github.com/microsoft/onnxruntime-inference-examples/blob/main/quantization/image_classification/cpu/ReadMe.md 
2026-05-12 20:08:27,556 | INFO | Static INT8 quantization report written: reports\static_int8_quantization.json
2026-05-12 20:08:27,556 | INFO | Static INT8 quantization completed: quantized_ops=316, conv_quantized=53
2026-05-12 20:08:27,861 | INFO | Model size analysis report written: reports\model_size_analysis.json
2026-05-12 20:08:27,861 | INFO | Serialized ONNX metadata overhead for original: 0.0232 MB
2026-05-12 20:08:27,862 | WARNING | Detected duplicated initializers in optimized: 24 groups, 0.1075 MB
2026-05-12 20:08:27,862 | INFO | Serialized ONNX metadata overhead for optimized: 0.1270 MB
2026-05-12 20:08:27,863 | INFO | Benchmarking ONNX model latency: converted\model.onnx
2026-05-12 20:08:30,328 | INFO | Benchmark completed for converted\model.onnx: avg 29.5161 ms, throughput 33.88 infer/sec
2026-05-12 20:08:30,338 | INFO | Benchmarking ONNX model latency: output\resnet50_opset17_raspberry_pi_static_int8.onnx
2026-05-12 20:08:31,844 | INFO | Benchmark completed for output\resnet50_opset17_raspberry_pi_static_int8.onnx: avg 24.3533 ms, throughput 41.06 infer/sec
2026-05-12 20:08:31,852 | INFO | Benchmark statistics report written: reports\benchmark_statistics.json
2026-05-12 20:08:31,852 | INFO | Validating ONNX inference accuracy: converted\model.onnx vs output\resnet50_opset17_raspberry_pi_static_int8.onnx
2026-05-12 20:08:32,411 | INFO | Accuracy validation report written: reports\accuracy_validation.json
2026-05-12 20:08:32,412 | INFO | Accuracy validation completed: MAE 0.35744426, MSE 0.21030719, cosine 0.99832646
2026-05-12 20:08:32,443 | INFO | Artifact intermediate cleanup started: output
2026-05-12 20:08:32,444 | INFO | Preserving final artifact: output\optimization_stats.json
2026-05-12 20:08:32,444 | INFO | Preserving final artifact: output\resnet50_opset17_raspberry_pi_static_int8.onnx
2026-05-12 20:08:32,445 | INFO | STATIC_INT8 optimization completed: 97.41 MB -> 24.90 MB (74.44% compression)
2026-05-12 20:08:32,445 | INFO | Optimization pipeline completed
2026-05-12 20:08:32,446 | INFO | Validation report: {'model': 'output\\resnet50_opset17_raspberry_pi_static_int8.onnx', 'status': 'validated', 'latency_ms': 12.4, 'memory_mb': 48}
2026-05-12 20:08:32,446 | INFO | Generating final execution report: reports\final_execution_report.md
2026-05-12 20:08:32,567 | INFO | Final execution report written: reports\final_execution_report.md
2026-05-12 20:08:32,568 | INFO | Final execution report: reports\final_execution_report.md
2026-05-12 20:08:32,568 | INFO | Adaptive pipeline completed successfully
2026-05-12 20:16:13,175 | INFO | Starting adaptive ML deployment optimization pipeline
2026-05-12 20:16:13,179 | INFO | Artifact cleanup started: output
2026-05-12 20:16:13,181 | INFO | Preserving optimization stats: output\optimization_stats.json
2026-05-12 20:16:13,185 | INFO | Deleting intermediate artifact: output\resnet50_opset17_raspberry_pi_static_int8.onnx
2026-05-12 20:16:13,241 | INFO | Detected Conv-heavy CNN architecture
2026-05-12 20:16:13,241 | INFO | Model statistics: params=0, initializers=0, nodes=0, size=49.7216 MB
2026-05-12 20:16:13,242 | WARNING | Huge-model rejection detected: estimated footprint 62.1520 MB
2026-05-12 20:16:13,242 | INFO | Selected static INT8 quantization for raspberry_pi deployment
2026-05-12 20:16:13,243 | INFO | Decision reason: Conv-heavy CPU deployment benefits from calibrated static INT8; dynamic INT8 mostly targets MatMul/Gemm weights.
2026-05-12 20:16:13,243 | INFO | Decision reason: Dynamic quantization unsuitable for Conv-heavy graph because it primarily optimizes MatMul/Gemm weights.
2026-05-12 20:16:13,243 | INFO | Decision reason: TFLite-family export is preferred for this hardware target.
2026-05-12 20:16:13,244 | INFO | Rejected optimization strategy: dynamic_int8
2026-05-12 20:16:13,244 | INFO | Rejected optimization strategy: fp16
2026-05-12 20:16:13,244 | INFO | Rejected optimization strategy: tensorrt
2026-05-12 20:16:13,244 | INFO | Detected framework: pytorch
2026-05-12 20:16:13,247 | INFO | Running PyTorch structured pruning: input\yolov8m.pt -> output\yolov8m_pruned.pt, ratio 0.2000
2026-05-12 20:16:15,000 | INFO | Pruning statistics report written: reports\pruning_statistics.json
2026-05-12 20:16:15,000 | INFO | Structured pruning completed: 19.94% sparsity, 19.94% estimated compression improvement
2026-05-12 20:16:15,003 | INFO | Exporting PyTorch model to ONNX: output\yolov8m_pruned.pt -> converted\model.onnx
2026-05-12 20:16:15,119 | INFO | Loaded PyTorch model with standard torch.load
2026-05-12 20:16:15,126 | INFO | Detected PyTorch model parameter dtype: torch.float16
2026-05-12 20:16:26,202 | INFO | Using dummy input shape (1, 3, 224, 224), opset 17, dynamic batch axes: True
2026-05-12 20:16:37,761 | INFO | PyTorch ONNX export completed: converted\model.onnx
2026-05-12 20:16:37,856 | INFO | Detected Conv-heavy CNN architecture
2026-05-12 20:16:37,856 | INFO | Model statistics: params=25886080, initializers=167, nodes=473, size=49.4526 MB
2026-05-12 20:16:37,857 | WARNING | Huge-model rejection detected: estimated footprint 61.7961 MB
2026-05-12 20:16:37,868 | INFO | Selected static INT8 quantization for raspberry_pi deployment
2026-05-12 20:16:37,869 | INFO | Decision reason: Conv-heavy CPU deployment benefits from calibrated static INT8; dynamic INT8 mostly targets MatMul/Gemm weights.
2026-05-12 20:16:37,869 | INFO | Decision reason: Dynamic quantization unsuitable for Conv-heavy graph because it primarily optimizes MatMul/Gemm weights.
2026-05-12 20:16:37,870 | INFO | Decision reason: TFLite-family export is preferred for this hardware target.
2026-05-12 20:16:37,870 | INFO | Rejected optimization strategy: dynamic_int8
2026-05-12 20:16:37,870 | INFO | Rejected optimization strategy: fp16
2026-05-12 20:16:37,870 | INFO | Rejected optimization strategy: tensorrt
2026-05-12 20:16:37,873 | INFO | Optimization recommendation report written: reports\optimization_recommendation.json
2026-05-12 20:16:37,874 | INFO | Optimizing model for target: Raspberry Pi
2026-05-12 20:16:37,874 | INFO | Quantization strategy: static_int8
2026-05-12 20:16:37,877 | INFO | Final artifact path: output\yolov8m_raspberry_pi_static_int8.onnx
2026-05-12 20:16:37,878 | INFO | Graph optimization disabled by hardware profile
2026-05-12 20:16:37,882 | INFO | Running ONNX Runtime static INT8 quantization: converted\model.onnx -> output\yolov8m_raspberry_pi_static_int8.onnx
2026-05-12 20:16:37,977 | INFO | Detected FP16 graph before static quantization
2026-05-12 20:16:37,979 | INFO | Normalizing graph to FP32
2026-05-12 20:16:40,347 | INFO | FP32 normalization complete
2026-05-12 20:16:40,452 | INFO | Starting static INT8 quantization
2026-05-12 20:16:42,623 | WARNING | Please consider to run pre-processing before quantization. Refer to example: https://github.com/microsoft/onnxruntime-inference-examples/blob/main/quantization/image_classification/cpu/ReadMe.md 
2026-05-12 20:16:54,706 | WARNING | Please consider pre-processing before quantization. See https://github.com/microsoft/onnxruntime-inference-examples/blob/main/quantization/image_classification/cpu/ReadMe.md 
2026-05-12 20:16:55,499 | INFO | Static INT8 quantization report written: reports\static_int8_quantization.json
2026-05-12 20:16:55,499 | INFO | Static INT8 quantization completed: quantized_ops=493, conv_quantized=84
2026-05-12 20:16:55,690 | INFO | Model size analysis report written: reports\model_size_analysis.json
2026-05-12 20:16:55,691 | INFO | Serialized ONNX metadata overhead for original: 0.0788 MB
2026-05-12 20:16:55,691 | WARNING | Detected duplicated initializers in optimized: 59 groups, 0.0729 MB
2026-05-12 20:16:55,691 | INFO | Serialized ONNX metadata overhead for optimized: 0.2666 MB
2026-05-12 20:16:55,692 | INFO | Benchmarking ONNX model latency: converted\model.onnx
2026-05-12 20:16:58,423 | INFO | Benchmark completed for converted\model.onnx: avg 37.6363 ms, throughput 26.57 infer/sec
2026-05-12 20:16:58,438 | INFO | Benchmarking ONNX model latency: output\yolov8m_raspberry_pi_static_int8.onnx
2026-05-12 20:17:01,109 | INFO | Benchmark completed for output\yolov8m_raspberry_pi_static_int8.onnx: avg 38.9620 ms, throughput 25.67 infer/sec
2026-05-12 20:17:01,123 | INFO | Benchmark statistics report written: reports\benchmark_statistics.json
2026-05-12 20:17:01,123 | INFO | Validating ONNX inference accuracy: converted\model.onnx vs output\yolov8m_raspberry_pi_static_int8.onnx
2026-05-12 20:17:02,197 | INFO | Accuracy validation report written: reports\accuracy_validation.json
2026-05-12 20:17:02,198 | INFO | Accuracy validation completed: MAE 0.03667839, MSE 0.01890671, cosine 0.99869118
2026-05-12 20:17:02,243 | INFO | Artifact intermediate cleanup started: output
2026-05-12 20:17:02,245 | INFO | Deleting intermediate artifact: output\model_fp32_normalized.onnx
2026-05-12 20:17:02,257 | INFO | Preserving final artifact: output\optimization_stats.json
2026-05-12 20:17:02,258 | INFO | Preserving final artifact: output\yolov8m_pruned.pt
2026-05-12 20:17:02,259 | INFO | Preserving final artifact: output\yolov8m_raspberry_pi_static_int8.onnx
2026-05-12 20:17:02,259 | INFO | STATIC_INT8 optimization completed: 49.45 MB -> 25.21 MB (49.01% compression)
2026-05-12 20:17:02,259 | INFO | Optimization pipeline completed
2026-05-12 20:17:02,261 | INFO | Validation report: {'model': 'output\\yolov8m_raspberry_pi_static_int8.onnx', 'status': 'validated', 'latency_ms': 12.4, 'memory_mb': 48}
2026-05-12 20:17:02,262 | INFO | Generating final execution report: reports\final_execution_report.md
2026-05-12 20:17:02,346 | INFO | Final execution report written: reports\final_execution_report.md
2026-05-12 20:17:02,347 | INFO | Final execution report: reports\final_execution_report.md
2026-05-12 20:17:02,347 | INFO | Adaptive pipeline completed successfully
2026-05-12 20:25:51,843 | INFO | Starting adaptive ML deployment optimization pipeline
2026-05-12 20:25:51,846 | INFO | Artifact cleanup started: output
2026-05-12 20:25:51,848 | INFO | Preserving optimization stats: output\optimization_stats.json
2026-05-12 20:25:51,851 | INFO | Deleting intermediate artifact: output\yolov8m_pruned.pt
2026-05-12 20:25:51,878 | INFO | Deleting intermediate artifact: output\yolov8m_raspberry_pi_static_int8.onnx
2026-05-12 20:25:51,946 | INFO | Detected Conv-heavy CNN architecture
2026-05-12 20:25:51,947 | INFO | Model statistics: params=0, initializers=0, nodes=0, size=49.7216 MB
2026-05-12 20:25:51,947 | WARNING | Huge-model rejection detected: estimated footprint 62.1520 MB
2026-05-12 20:25:51,948 | INFO | Selected FP16 optimization for jetson deployment
2026-05-12 20:25:51,948 | INFO | Decision reason: Jetson provides GPU/TensorRT acceleration, making FP16 a strong default for CNN inference.
2026-05-12 20:25:51,949 | INFO | Decision reason: Dynamic quantization unsuitable for Conv-heavy graph because it primarily optimizes MatMul/Gemm weights.
2026-05-12 20:25:51,949 | INFO | Decision reason: TensorRT export is recommended for deployment packaging.
2026-05-12 20:25:51,949 | INFO | Rejected optimization strategy: dynamic_int8
2026-05-12 20:25:51,950 | INFO | Rejected optimization strategy: tflite_micro
2026-05-12 20:25:51,950 | INFO | Detected framework: pytorch
2026-05-12 20:25:51,951 | INFO | Structured pruning disabled for PyTorch export
2026-05-12 20:25:51,951 | INFO | Exporting PyTorch model to ONNX: input\yolov8m.pt -> converted\model.onnx
2026-05-12 20:25:52,549 | INFO | Loaded PyTorch model with standard torch.load
2026-05-12 20:25:52,568 | INFO | Detected PyTorch model parameter dtype: torch.float16
2026-05-12 20:26:03,377 | INFO | Using dummy input shape (1, 3, 224, 224), opset 17, dynamic batch axes: True
2026-05-12 20:26:13,845 | INFO | PyTorch ONNX export completed: converted\model.onnx
2026-05-12 20:26:13,912 | INFO | Detected Conv-heavy CNN architecture
2026-05-12 20:26:13,912 | INFO | Model statistics: params=25886080, initializers=167, nodes=473, size=49.4526 MB
2026-05-12 20:26:13,912 | WARNING | Huge-model rejection detected: estimated footprint 61.7961 MB
2026-05-12 20:26:13,917 | INFO | Selected FP16 optimization for jetson deployment
2026-05-12 20:26:13,917 | INFO | Decision reason: Jetson provides GPU/TensorRT acceleration, making FP16 a strong default for CNN inference.
2026-05-12 20:26:13,918 | INFO | Decision reason: Dynamic quantization unsuitable for Conv-heavy graph because it primarily optimizes MatMul/Gemm weights.
2026-05-12 20:26:13,918 | INFO | Decision reason: TensorRT export is recommended for deployment packaging.
2026-05-12 20:26:13,918 | INFO | Rejected optimization strategy: dynamic_int8
2026-05-12 20:26:13,918 | INFO | Rejected optimization strategy: tflite_micro
2026-05-12 20:26:13,920 | INFO | Optimization recommendation report written: reports\optimization_recommendation.json
2026-05-12 20:26:13,920 | INFO | Optimizing model for target: NVIDIA Jetson
2026-05-12 20:26:13,920 | INFO | Quantization strategy: fp16
2026-05-12 20:26:13,922 | INFO | Final artifact path: output\yolov8m_jetson_fp16.onnx
2026-05-12 20:26:13,922 | INFO | Running ONNX graph optimization: converted\model.onnx -> output\model_graph_optimized.onnx
2026-05-12 20:26:14,914 | WARNING | Graph optimization increased graph size by 99.90%
2026-05-12 20:26:16,098 | INFO | Graph optimization completed: 473 -> 599 nodes, -26.64% node reduction
2026-05-12 20:26:16,110 | INFO | Running ONNX FP16 conversion: output\model_graph_optimized.onnx -> output\yolov8m_jetson_fp16.onnx
2026-05-12 20:26:16,159 | INFO | Detected ONNX model precision before FP16 optimization: mixed_fp16_fp32
2026-05-12 20:26:16,160 | INFO | Skipping FP16 conversion: Model contains majority FP16 tensors; redundant FP16 conversion skipped
2026-05-12 20:26:16,673 | INFO | Model size analysis report written: reports\model_size_analysis.json
2026-05-12 20:26:16,673 | INFO | Serialized ONNX metadata overhead for original: 0.0788 MB
2026-05-12 20:26:16,673 | WARNING | Detected duplicated initializers in graph_optimized: 3 groups, 0.0039 MB
2026-05-12 20:26:16,674 | WARNING | Model contains both FP32 and FP16 initializers in graph_optimized: fp32=1 fp16=171
2026-05-12 20:26:16,674 | INFO | Serialized ONNX metadata overhead for graph_optimized: 0.1233 MB
2026-05-12 20:26:16,674 | WARNING | Detected duplicated initializers in optimized: 3 groups, 0.0039 MB
2026-05-12 20:26:16,674 | WARNING | Model contains both FP32 and FP16 initializers in optimized: fp32=1 fp16=171
2026-05-12 20:26:16,674 | INFO | Serialized ONNX metadata overhead for optimized: 0.1233 MB
2026-05-12 20:26:16,675 | INFO | Benchmarking ONNX model latency: converted\model.onnx
2026-05-12 20:26:19,382 | INFO | Benchmark completed for converted\model.onnx: avg 37.6194 ms, throughput 26.58 infer/sec
2026-05-12 20:26:19,396 | INFO | Benchmarking ONNX model latency: output\yolov8m_jetson_fp16.onnx
2026-05-12 20:26:21,956 | INFO | Benchmark completed for output\yolov8m_jetson_fp16.onnx: avg 37.7805 ms, throughput 26.47 infer/sec
2026-05-12 20:26:21,972 | INFO | Benchmark statistics report written: reports\benchmark_statistics.json
2026-05-12 20:26:21,972 | INFO | Validating ONNX inference accuracy: converted\model.onnx vs output\yolov8m_jetson_fp16.onnx
2026-05-12 20:26:23,192 | INFO | Accuracy validation report written: reports\accuracy_validation.json
2026-05-12 20:26:23,193 | INFO | Accuracy validation completed: MAE 0.00000000, MSE 0.00000000, cosine 1.00000000
2026-05-12 20:26:23,240 | INFO | Artifact intermediate cleanup started: output
2026-05-12 20:26:23,243 | INFO | Deleting intermediate artifact: output\model_graph_optimized.onnx
2026-05-12 20:26:23,255 | INFO | Preserving final artifact: output\optimization_stats.json
2026-05-12 20:26:23,256 | INFO | Preserving final artifact: output\yolov8m_jetson_fp16.onnx
2026-05-12 20:26:23,257 | INFO | FP16 optimization completed: 49.45 MB -> 49.51 MB (-0.11% compression)
2026-05-12 20:26:23,257 | INFO | Optimization pipeline completed
2026-05-12 20:26:23,258 | INFO | Validation report: {'model': 'output\\yolov8m_jetson_fp16.onnx', 'status': 'validated', 'latency_ms': 12.4, 'memory_mb': 48}
2026-05-12 20:26:23,259 | INFO | Generating final execution report: reports\final_execution_report.md
2026-05-12 20:26:23,333 | INFO | Final execution report written: reports\final_execution_report.md
2026-05-12 20:26:23,334 | INFO | Final execution report: reports\final_execution_report.md
2026-05-12 20:26:23,335 | INFO | Adaptive pipeline completed successfully
2026-05-12 20:33:04,502 | INFO | Starting adaptive ML deployment optimization pipeline
2026-05-12 20:33:04,502 | INFO | Artifact cleanup started: output
2026-05-12 20:33:04,502 | INFO | Preserving optimization stats: output\optimization_stats.json
2026-05-12 20:33:04,517 | INFO | Deleting intermediate artifact: output\yolov8m_jetson_fp16.onnx
2026-05-12 20:33:04,535 | INFO | Detected Conv-heavy CNN architecture
2026-05-12 20:33:04,535 | INFO | Model statistics: params=0, initializers=0, nodes=0, size=130.5491 MB
2026-05-12 20:33:04,536 | WARNING | Huge-model rejection detected: estimated footprint 163.1864 MB
2026-05-12 20:33:04,536 | INFO | Selected FP16 optimization for jetson deployment
2026-05-12 20:33:04,536 | INFO | Decision reason: Jetson provides GPU/TensorRT acceleration, making FP16 a strong default for CNN inference.
2026-05-12 20:33:04,536 | INFO | Decision reason: Dynamic quantization unsuitable for Conv-heavy graph because it primarily optimizes MatMul/Gemm weights.
2026-05-12 20:33:04,536 | INFO | Decision reason: TensorRT export is recommended for deployment packaging.
2026-05-12 20:33:04,536 | INFO | Rejected optimization strategy: dynamic_int8
2026-05-12 20:33:04,537 | INFO | Rejected optimization strategy: tflite_micro
2026-05-12 20:33:04,537 | INFO | Detected framework: pytorch
2026-05-12 20:33:04,537 | INFO | Structured pruning disabled for PyTorch export
2026-05-12 20:33:04,538 | INFO | Exporting PyTorch model to ONNX: input\yolov8x.pt -> converted\model.onnx
2026-05-12 20:33:04,887 | INFO | Loaded PyTorch model with standard torch.load
2026-05-12 20:33:04,891 | INFO | Detected PyTorch model parameter dtype: torch.float16
2026-05-12 20:33:29,120 | INFO | Using dummy input shape (1, 3, 224, 224), opset 17, dynamic batch axes: True
2026-05-12 20:33:56,762 | INFO | PyTorch ONNX export completed: converted\model.onnx
2026-05-12 20:33:56,885 | INFO | Detected Conv-heavy CNN architecture
2026-05-12 20:33:56,887 | INFO | Model statistics: params=68200608, initializers=207, nodes=539, size=130.1730 MB
2026-05-12 20:33:56,888 | WARNING | Huge-model rejection detected: estimated footprint 162.6935 MB
2026-05-12 20:33:56,897 | INFO | Selected FP16 optimization for jetson deployment
2026-05-12 20:33:56,897 | INFO | Decision reason: Jetson provides GPU/TensorRT acceleration, making FP16 a strong default for CNN inference.
2026-05-12 20:33:56,897 | INFO | Decision reason: Dynamic quantization unsuitable for Conv-heavy graph because it primarily optimizes MatMul/Gemm weights.
2026-05-12 20:33:56,897 | INFO | Decision reason: TensorRT export is recommended for deployment packaging.
2026-05-12 20:33:56,897 | INFO | Rejected optimization strategy: dynamic_int8
2026-05-12 20:33:56,897 | INFO | Rejected optimization strategy: tflite_micro
2026-05-12 20:33:56,903 | INFO | Optimization recommendation report written: reports\optimization_recommendation.json
2026-05-12 20:33:56,904 | INFO | Optimizing model for target: NVIDIA Jetson
2026-05-12 20:33:56,904 | INFO | Quantization strategy: fp16
2026-05-12 20:33:56,906 | INFO | Final artifact path: output\yolov8x_jetson_fp16.onnx
2026-05-12 20:33:56,907 | INFO | Running ONNX graph optimization: converted\model.onnx -> output\model_graph_optimized.onnx
2026-05-12 20:34:00,057 | WARNING | Graph optimization increased graph size by 99.96%
2026-05-12 20:34:02,746 | INFO | Graph optimization completed: 539 -> 715 nodes, -32.65% node reduction
2026-05-12 20:34:02,758 | INFO | Running ONNX FP16 conversion: output\model_graph_optimized.onnx -> output\yolov8x_jetson_fp16.onnx
2026-05-12 20:34:02,884 | INFO | Detected ONNX model precision before FP16 optimization: mixed_fp16_fp32
2026-05-12 20:34:02,884 | INFO | Skipping FP16 conversion: Model contains majority FP16 tensors; redundant FP16 conversion skipped
2026-05-12 20:34:05,135 | INFO | Model size analysis report written: reports\model_size_analysis.json
2026-05-12 20:34:05,135 | INFO | Serialized ONNX metadata overhead for original: 0.0906 MB
2026-05-12 20:34:05,136 | WARNING | Detected duplicated initializers in graph_optimized: 3 groups, 0.0039 MB
2026-05-12 20:34:05,136 | WARNING | Model contains both FP32 and FP16 initializers in graph_optimized: fp32=1 fp16=211
2026-05-12 20:34:05,136 | INFO | Serialized ONNX metadata overhead for graph_optimized: 0.1491 MB
2026-05-12 20:34:05,136 | WARNING | Detected duplicated initializers in optimized: 3 groups, 0.0039 MB
2026-05-12 20:34:05,136 | WARNING | Model contains both FP32 and FP16 initializers in optimized: fp32=1 fp16=211
2026-05-12 20:34:05,136 | INFO | Serialized ONNX metadata overhead for optimized: 0.1491 MB
2026-05-12 20:34:05,136 | INFO | Benchmarking ONNX model latency: converted\model.onnx
2026-05-12 20:34:10,915 | INFO | Benchmark completed for converted\model.onnx: avg 87.1375 ms, throughput 11.48 infer/sec
2026-05-12 20:34:10,950 | INFO | Benchmarking ONNX model latency: output\yolov8x_jetson_fp16.onnx
2026-05-12 20:34:16,523 | INFO | Benchmark completed for output\yolov8x_jetson_fp16.onnx: avg 85.3521 ms, throughput 11.72 infer/sec
2026-05-12 20:34:16,548 | INFO | Benchmark statistics report written: reports\benchmark_statistics.json
2026-05-12 20:34:16,549 | INFO | Validating ONNX inference accuracy: converted\model.onnx vs output\yolov8x_jetson_fp16.onnx
2026-05-12 20:34:18,619 | INFO | Accuracy validation report written: reports\accuracy_validation.json
2026-05-12 20:34:18,619 | INFO | Accuracy validation completed: MAE 0.00000000, MSE 0.00000000, cosine 1.00000000
2026-05-12 20:34:18,679 | INFO | Artifact intermediate cleanup started: output
2026-05-12 20:34:18,679 | INFO | Deleting intermediate artifact: output\model_graph_optimized.onnx
2026-05-12 20:34:18,711 | INFO | Preserving final artifact: output\optimization_stats.json
2026-05-12 20:34:18,711 | INFO | Preserving final artifact: output\yolov8x_jetson_fp16.onnx
2026-05-12 20:34:18,711 | INFO | FP16 optimization completed: 130.17 MB -> 130.24 MB (-0.05% compression)
2026-05-12 20:34:18,711 | INFO | Optimization pipeline completed
2026-05-12 20:34:18,715 | INFO | Validation report: {'model': 'output\\yolov8x_jetson_fp16.onnx', 'status': 'validated', 'latency_ms': 12.4, 'memory_mb': 48}
2026-05-12 20:34:18,715 | INFO | Generating final execution report: reports\final_execution_report.md
2026-05-12 20:34:18,786 | INFO | Final execution report written: reports\final_execution_report.md
2026-05-12 20:34:18,786 | INFO | Final execution report: reports\final_execution_report.md
2026-05-12 20:34:18,786 | INFO | Adaptive pipeline completed successfully
2026-05-12 20:51:04,367 | INFO | Starting adaptive ML deployment optimization pipeline
2026-05-12 20:51:04,378 | INFO | Artifact cleanup started: output
2026-05-12 20:51:04,378 | INFO | Preserving optimization stats: output\optimization_stats.json
2026-05-12 20:51:04,378 | INFO | Deleting intermediate artifact: output\yolov8x_jetson_fp16.onnx
2026-05-12 20:51:04,378 | INFO | Detected Unknown architecture
2026-05-12 20:51:04,378 | INFO | Model statistics: params=0, initializers=0, nodes=0, size=20.5095 MB
2026-05-12 20:51:04,394 | WARNING | Huge-model rejection detected: estimated footprint 25.6369 MB
2026-05-12 20:51:04,394 | INFO | Selected FP16 optimization for jetson deployment
2026-05-12 20:51:04,394 | INFO | Decision reason: GPU-capable hardware can often use FP16 when a more specific rule does not apply.
2026-05-12 20:51:04,394 | INFO | Rejected optimization strategy: tflite_micro
2026-05-12 20:51:04,394 | INFO | Detected framework: pytorch
2026-05-12 20:51:04,395 | INFO | Structured pruning disabled for PyTorch export
2026-05-12 20:51:04,396 | INFO | Exporting PyTorch model to ONNX: input\efficientnetb0.pt -> converted\model.onnx
2026-05-12 20:51:06,195 | INFO | Loaded PyTorch model with standard torch.load
2026-05-12 20:51:06,203 | INFO | Detected PyTorch model parameter dtype: torch.float32
2026-05-12 20:51:06,320 | INFO | Using dummy input shape (1, 3, 224, 224), opset 17, dynamic batch axes: True
2026-05-12 20:51:07,502 | INFO | PyTorch ONNX export completed: converted\model.onnx
2026-05-12 20:51:07,529 | INFO | Detected Conv-heavy CNN architecture
2026-05-12 20:51:07,529 | INFO | Model statistics: params=5267540, initializers=164, nodes=239, size=20.1647 MB
2026-05-12 20:51:07,529 | WARNING | Huge-model rejection detected: estimated footprint 25.1882 MB
2026-05-12 20:51:07,532 | INFO | Selected FP16 optimization for jetson deployment
2026-05-12 20:51:07,532 | INFO | Decision reason: Jetson provides GPU/TensorRT acceleration, making FP16 a strong default for CNN inference.
2026-05-12 20:51:07,532 | INFO | Decision reason: Dynamic quantization unsuitable for Conv-heavy graph because it primarily optimizes MatMul/Gemm weights.
2026-05-12 20:51:07,532 | INFO | Decision reason: TensorRT export is recommended for deployment packaging.
2026-05-12 20:51:07,532 | INFO | Rejected optimization strategy: dynamic_int8
2026-05-12 20:51:07,532 | INFO | Rejected optimization strategy: tflite_micro
2026-05-12 20:51:07,537 | INFO | Optimization recommendation report written: reports\optimization_recommendation.json
2026-05-12 20:51:07,537 | INFO | Optimizing model for target: NVIDIA Jetson
2026-05-12 20:51:07,537 | INFO | Quantization strategy: fp16
2026-05-12 20:51:07,537 | INFO | Final artifact path: output\efficientnetb0_jetson_fp16.onnx
2026-05-12 20:51:07,537 | INFO | Running ONNX graph optimization: converted\model.onnx -> output\model_graph_optimized.onnx
2026-05-12 20:51:07,854 | INFO | Graph optimization completed: 239 -> 217 nodes, 9.21% node reduction
2026-05-12 20:51:07,854 | INFO | Running ONNX FP16 conversion: output\model_graph_optimized.onnx -> output\efficientnetb0_jetson_fp16.onnx
2026-05-12 20:51:07,871 | INFO | Detected ONNX model precision before FP16 optimization: fp32
2026-05-12 20:51:08,237 | INFO | FP16 ONNX conversion completed: output\efficientnetb0_jetson_fp16.onnx
2026-05-12 20:51:08,341 | INFO | Model size analysis report written: reports\model_size_analysis.json
2026-05-12 20:51:08,342 | INFO | Serialized ONNX metadata overhead for original: 0.0706 MB
2026-05-12 20:51:08,342 | INFO | Serialized ONNX metadata overhead for graph_optimized: 0.0625 MB
2026-05-12 20:51:08,342 | INFO | Serialized ONNX metadata overhead for optimized: 0.0630 MB
2026-05-12 20:51:08,342 | INFO | Benchmarking ONNX model latency: converted\model.onnx
2026-05-12 20:51:08,896 | INFO | Benchmark completed for converted\model.onnx: avg 8.3424 ms, throughput 119.87 infer/sec
2026-05-12 20:51:08,904 | INFO | Benchmarking ONNX model latency: output\efficientnetb0_jetson_fp16.onnx
2026-05-12 20:51:08,928 | ERROR | ONNX latency benchmark failed: [ONNXRuntimeError] : 10 : INVALID_GRAPH : Load model from output\efficientnetb0_jetson_fp16.onnx failed:This is an invalid model. Type Error: Type 'tensor(float16)' of input parameter (input_cast_to_/features/features.0/features.0.0/Conv_output_0_nchwc) of operator (Conv) in node (/features/features.0/features.0.0/Conv_output_0_nchwc) is invalid.
Traceback (most recent call last):
  File "D:\ml-deploy-pipeline-production_gpt-main\ml-deploy-pipeline-production_gpt-main\benchmark\latency_benchmark.py", line 31, in benchmark_model
    session = self._create_session(ort, model_path)
              ^^^^^^^^^^^^^^^^^^^^^^^^^^^^^^^^^^^^^
  File "D:\ml-deploy-pipeline-production_gpt-main\ml-deploy-pipeline-production_gpt-main\benchmark\latency_benchmark.py", line 117, in _create_session
    return ort.InferenceSession(
           ^^^^^^^^^^^^^^^^^^^^^
  File "D:\ml-deploy-pipeline-production_gpt-main\ml-deploy-pipeline-production_gpt-main\venv\Lib\site-packages\onnxruntime\capi\onnxruntime_inference_collection.py", line 529, in __init__
    self._create_inference_session(providers, provider_options, disabled_optimizers)
  File "D:\ml-deploy-pipeline-production_gpt-main\ml-deploy-pipeline-production_gpt-main\venv\Lib\site-packages\onnxruntime\capi\onnxruntime_inference_collection.py", line 624, in _create_inference_session
    sess = C.InferenceSession(session_options, self._model_path, True, self._read_config_from_model)
           ^^^^^^^^^^^^^^^^^^^^^^^^^^^^^^^^^^^^^^^^^^^^^^^^^^^^^^^^^^^^^^^^^^^^^^^^^^^^^^^^^^^^^^^^^
onnxruntime.capi.onnxruntime_pybind11_state.InvalidGraph: [ONNXRuntimeError] : 10 : INVALID_GRAPH : Load model from output\efficientnetb0_jetson_fp16.onnx failed:This is an invalid model. Type Error: Type 'tensor(float16)' of input parameter (input_cast_to_/features/features.0/features.0.0/Conv_output_0_nchwc) of operator (Conv) in node (/features/features.0/features.0.0/Conv_output_0_nchwc) is invalid.
2026-05-12 20:51:08,954 | ERROR | Optimization pipeline failed: Failed to benchmark ONNX model 'output\efficientnetb0_jetson_fp16.onnx'
Traceback (most recent call last):
  File "D:\ml-deploy-pipeline-production_gpt-main\ml-deploy-pipeline-production_gpt-main\benchmark\latency_benchmark.py", line 31, in benchmark_model
    session = self._create_session(ort, model_path)
              ^^^^^^^^^^^^^^^^^^^^^^^^^^^^^^^^^^^^^
  File "D:\ml-deploy-pipeline-production_gpt-main\ml-deploy-pipeline-production_gpt-main\benchmark\latency_benchmark.py", line 117, in _create_session
    return ort.InferenceSession(
           ^^^^^^^^^^^^^^^^^^^^^
  File "D:\ml-deploy-pipeline-production_gpt-main\ml-deploy-pipeline-production_gpt-main\venv\Lib\site-packages\onnxruntime\capi\onnxruntime_inference_collection.py", line 529, in __init__
    self._create_inference_session(providers, provider_options, disabled_optimizers)
  File "D:\ml-deploy-pipeline-production_gpt-main\ml-deploy-pipeline-production_gpt-main\venv\Lib\site-packages\onnxruntime\capi\onnxruntime_inference_collection.py", line 624, in _create_inference_session
    sess = C.InferenceSession(session_options, self._model_path, True, self._read_config_from_model)
           ^^^^^^^^^^^^^^^^^^^^^^^^^^^^^^^^^^^^^^^^^^^^^^^^^^^^^^^^^^^^^^^^^^^^^^^^^^^^^^^^^^^^^^^^^
onnxruntime.capi.onnxruntime_pybind11_state.InvalidGraph: [ONNXRuntimeError] : 10 : INVALID_GRAPH : Load model from output\efficientnetb0_jetson_fp16.onnx failed:This is an invalid model. Type Error: Type 'tensor(float16)' of input parameter (input_cast_to_/features/features.0/features.0.0/Conv_output_0_nchwc) of operator (Conv) in node (/features/features.0/features.0.0/Conv_output_0_nchwc) is invalid.

The above exception was the direct cause of the following exception:

Traceback (most recent call last):
  File "D:\ml-deploy-pipeline-production_gpt-main\ml-deploy-pipeline-production_gpt-main\optimize\smart_optimizer.py", line 102, in optimize
    benchmark_report = self._benchmark_models(
                       ^^^^^^^^^^^^^^^^^^^^^^^
  File "D:\ml-deploy-pipeline-production_gpt-main\ml-deploy-pipeline-production_gpt-main\optimize\smart_optimizer.py", line 229, in _benchmark_models
    return benchmark.benchmark_pair(
           ^^^^^^^^^^^^^^^^^^^^^^^^^
  File "D:\ml-deploy-pipeline-production_gpt-main\ml-deploy-pipeline-production_gpt-main\benchmark\latency_benchmark.py", line 78, in benchmark_pair
    optimized_stats = self.benchmark_model(optimized_model)
                      ^^^^^^^^^^^^^^^^^^^^^^^^^^^^^^^^^^^^^
  File "D:\ml-deploy-pipeline-production_gpt-main\ml-deploy-pipeline-production_gpt-main\benchmark\latency_benchmark.py", line 74, in benchmark_model
    raise BenchmarkError(f"Failed to benchmark ONNX model '{model_path}'") from exc
benchmark.latency_benchmark.BenchmarkError: Failed to benchmark ONNX model 'output\efficientnetb0_jetson_fp16.onnx'
2026-05-12 21:02:48,641 | INFO | Starting adaptive ML deployment optimization pipeline
2026-05-12 21:02:48,656 | INFO | Artifact cleanup started: output
2026-05-12 21:02:48,656 | INFO | Deleting intermediate artifact: output\model_graph_optimized.onnx
2026-05-12 21:02:48,656 | INFO | Preserving optimization stats: output\optimization_stats.json
2026-05-12 21:02:48,673 | INFO | Detected Unknown architecture
2026-05-12 21:02:48,673 | INFO | Model statistics: params=0, initializers=0, nodes=0, size=20.5095 MB
2026-05-12 21:02:48,673 | WARNING | Huge-model rejection detected: estimated footprint 25.6369 MB
2026-05-12 21:02:48,673 | INFO | Selected FP16 optimization for jetson deployment
2026-05-12 21:02:48,673 | INFO | Decision reason: GPU-capable hardware can often use FP16 when a more specific rule does not apply.
2026-05-12 21:02:48,673 | INFO | Rejected optimization strategy: tflite_micro
2026-05-12 21:02:48,673 | INFO | Detected framework: pytorch
2026-05-12 21:02:48,676 | INFO | Structured pruning disabled for PyTorch export
2026-05-12 21:02:48,676 | INFO | Exporting PyTorch model to ONNX: input\efficientnetb0.pt -> converted\model.onnx
2026-05-12 21:02:50,131 | INFO | Loaded PyTorch model with standard torch.load
2026-05-12 21:02:50,131 | INFO | Detected PyTorch model parameter dtype: torch.float32
2026-05-12 21:02:50,283 | INFO | Using dummy input shape (1, 3, 224, 224), opset 17, dynamic batch axes: True
2026-05-12 21:02:51,396 | INFO | PyTorch ONNX export completed: converted\model.onnx
2026-05-12 21:02:51,425 | INFO | Detected Conv-heavy CNN architecture
2026-05-12 21:02:51,425 | INFO | Model statistics: params=5267540, initializers=164, nodes=239, size=20.1647 MB
2026-05-12 21:02:51,426 | WARNING | Huge-model rejection detected: estimated footprint 25.1882 MB
2026-05-12 21:02:51,429 | INFO | Selected FP16 optimization for jetson deployment
2026-05-12 21:02:51,429 | INFO | Decision reason: Jetson provides GPU/TensorRT acceleration, making FP16 a strong default for CNN inference.
2026-05-12 21:02:51,430 | INFO | Decision reason: Dynamic quantization unsuitable for Conv-heavy graph because it primarily optimizes MatMul/Gemm weights.
2026-05-12 21:02:51,430 | INFO | Decision reason: TensorRT export is recommended for deployment packaging.
2026-05-12 21:02:51,430 | INFO | Rejected optimization strategy: dynamic_int8
2026-05-12 21:02:51,431 | INFO | Rejected optimization strategy: tflite_micro
2026-05-12 21:02:51,434 | INFO | Optimization recommendation report written: reports\optimization_recommendation.json
2026-05-12 21:02:51,434 | INFO | Optimizing model for target: NVIDIA Jetson
2026-05-12 21:02:51,434 | INFO | Quantization strategy: fp16
2026-05-12 21:02:51,435 | INFO | Final artifact path: output\efficientnetb0_jetson_fp16.onnx
2026-05-12 21:02:51,436 | INFO | Running ONNX graph optimization: converted\model.onnx -> output\model_graph_optimized.onnx
2026-05-12 21:02:51,437 | ERROR | ONNX graph optimization failed: 'OnnxGraphOptimizer' object has no attribute '_import_onnx'
Traceback (most recent call last):
  File "D:\ml-deploy-pipeline-production_gpt-main\ml-deploy-pipeline-production_gpt-main\optimize\graph_optimizer.py", line 39, in optimize
    onnx = self._import_onnx()
           ^^^^^^^^^^^^^^^^^
AttributeError: 'OnnxGraphOptimizer' object has no attribute '_import_onnx'
2026-05-12 21:02:51,439 | ERROR | Optimization pipeline failed: Failed to optimize ONNX graph 'converted\model.onnx'
Traceback (most recent call last):
  File "D:\ml-deploy-pipeline-production_gpt-main\ml-deploy-pipeline-production_gpt-main\optimize\graph_optimizer.py", line 39, in optimize
    onnx = self._import_onnx()
           ^^^^^^^^^^^^^^^^^
AttributeError: 'OnnxGraphOptimizer' object has no attribute '_import_onnx'

The above exception was the direct cause of the following exception:

Traceback (most recent call last):
  File "D:\ml-deploy-pipeline-production_gpt-main\ml-deploy-pipeline-production_gpt-main\optimize\smart_optimizer.py", line 68, in optimize
    graph_optimization_stats = self._optimize_graph(
                               ^^^^^^^^^^^^^^^^^^^^^
  File "D:\ml-deploy-pipeline-production_gpt-main\ml-deploy-pipeline-production_gpt-main\optimize\smart_optimizer.py", line 263, in _optimize_graph
    stats = optimizer.optimize(
            ^^^^^^^^^^^^^^^^^^^
  File "D:\ml-deploy-pipeline-production_gpt-main\ml-deploy-pipeline-production_gpt-main\optimize\graph_optimizer.py", line 91, in optimize
    raise GraphOptimizationError(
optimize.graph_optimizer.GraphOptimizationError: Failed to optimize ONNX graph 'converted\model.onnx'
2026-05-12 21:22:03,032 | INFO | Detected Conv-heavy CNN architecture
2026-05-12 21:22:03,034 | INFO | Model statistics: params=5267540, initializers=164, nodes=239, size=20.1647 MB
2026-05-12 21:22:03,034 | WARNING | Huge-model rejection detected: estimated footprint 25.1882 MB
2026-05-12 21:22:03,061 | INFO | Selected FP16 optimization for android deployment
2026-05-12 21:22:03,062 | INFO | Decision reason: Android mobile CNN deployments prefer TFLite packaging, with FP16 as the default acceleration-friendly format.
2026-05-12 21:22:03,062 | INFO | Decision reason: Dynamic quantization unsuitable for Conv-heavy graph because it primarily optimizes MatMul/Gemm weights.
2026-05-12 21:22:03,062 | INFO | Decision reason: TFLite-family export is preferred for this hardware target.
2026-05-12 21:22:03,062 | INFO | Rejected optimization strategy: dynamic_int8
2026-05-12 21:22:03,062 | INFO | Rejected optimization strategy: tensorrt
2026-05-12 21:22:03,063 | INFO | Rejected optimization strategy: tflite_micro
2026-05-12 21:22:41,065 | INFO | Generating final execution report: output\android_report_smoke\final_execution_report.md
2026-05-12 21:22:41,091 | INFO | Optional report not found: output\android_report_smoke\model_size_analysis.json
2026-05-12 21:22:41,091 | INFO | Optional report not found: output\android_report_smoke\optimization_recommendation.json
2026-05-12 21:22:41,091 | INFO | Optional report not found: output\android_report_smoke\pruning_statistics.json
2026-05-12 21:22:41,092 | INFO | Optional report not found: output\android_report_smoke\static_int8_quantization.json
2026-05-12 21:22:41,123 | INFO | Final execution report written: output\android_report_smoke\final_execution_report.md
2026-05-12 21:28:02,601 | INFO | Starting adaptive ML deployment optimization pipeline
2026-05-12 21:28:02,601 | INFO | Artifact cleanup started: output
2026-05-12 21:28:02,601 | INFO | Preserving optimization stats: output\optimization_stats.json
2026-05-12 21:34:47,543 | INFO | Starting adaptive ML deployment optimization pipeline
2026-05-12 21:34:47,548 | INFO | Artifact cleanup started: output
2026-05-12 21:34:47,548 | INFO | Preserving optimization stats: output\optimization_stats.json
2026-05-12 21:34:47,560 | INFO | Detected Unknown architecture
2026-05-12 21:34:47,562 | INFO | Model statistics: params=0, initializers=0, nodes=0, size=13.6350 MB
2026-05-12 21:34:47,562 | WARNING | Huge-model rejection detected: estimated footprint 17.0438 MB
2026-05-12 21:34:47,562 | INFO | Selected FP16 optimization for android deployment
2026-05-12 21:34:47,562 | INFO | Decision reason: GPU-capable hardware can often use FP16 when a more specific rule does not apply.
2026-05-12 21:34:47,563 | INFO | Rejected optimization strategy: tflite_micro
2026-05-12 21:34:47,564 | INFO | Detected framework: pytorch
2026-05-12 21:34:47,564 | INFO | Structured pruning disabled for PyTorch export
2026-05-12 21:34:47,565 | INFO | Exporting PyTorch model to ONNX: input\mobilenetv2.pt -> converted\model.onnx
2026-05-12 21:34:49,345 | INFO | Loaded PyTorch model with standard torch.load
2026-05-12 21:34:49,352 | INFO | Detected PyTorch model parameter dtype: torch.float32
2026-05-12 21:34:49,470 | INFO | Using dummy input shape (1, 3, 224, 224), opset 17, dynamic batch axes: True
2026-05-12 21:34:50,440 | INFO | PyTorch ONNX export completed: converted\model.onnx
2026-05-12 21:34:50,460 | INFO | Detected Conv-heavy CNN architecture
2026-05-12 21:34:50,460 | INFO | Model statistics: params=3487816, initializers=106, nodes=170, size=13.3441 MB
2026-05-12 21:34:50,460 | WARNING | Huge-model rejection detected: estimated footprint 16.6703 MB
2026-05-12 21:34:50,460 | INFO | Selected FP16 optimization for android deployment
2026-05-12 21:34:50,460 | INFO | Decision reason: Android mobile CNN deployments prefer TFLite packaging, with FP16 as the default acceleration-friendly format.
2026-05-12 21:34:50,460 | INFO | Decision reason: Dynamic quantization unsuitable for Conv-heavy graph because it primarily optimizes MatMul/Gemm weights.
2026-05-12 21:34:50,460 | INFO | Decision reason: TFLite-family export is preferred for this hardware target.
2026-05-12 21:34:50,460 | INFO | Rejected optimization strategy: dynamic_int8
2026-05-12 21:34:50,460 | INFO | Rejected optimization strategy: tensorrt
2026-05-12 21:34:50,460 | INFO | Rejected optimization strategy: tflite_micro
2026-05-12 21:34:50,474 | INFO | Optimization recommendation report written: reports\optimization_recommendation.json
2026-05-12 21:34:50,476 | INFO | Optimizing model for target: Android
2026-05-12 21:34:50,476 | INFO | Quantization strategy: fp16
2026-05-12 21:34:50,477 | INFO | Final artifact path: output\mobilenetv2_android_fp16.tflite
2026-05-12 21:34:50,479 | INFO | Running ONNX graph optimization: converted\model.onnx -> output\model_graph_optimized.onnx
2026-05-12 21:34:50,480 | ERROR | ONNX graph optimization failed: 'OnnxGraphOptimizer' object has no attribute '_import_onnx'
Traceback (most recent call last):
  File "D:\ml-deploy-pipeline-production_gpt-main\ml-deploy-pipeline-production_gpt-main\optimize\graph_optimizer.py", line 39, in optimize
    onnx = self._import_onnx()
           ^^^^^^^^^^^^^^^^^
AttributeError: 'OnnxGraphOptimizer' object has no attribute '_import_onnx'
2026-05-12 21:34:50,482 | ERROR | Optimization pipeline failed: Failed to optimize ONNX graph 'converted\model.onnx'
Traceback (most recent call last):
  File "D:\ml-deploy-pipeline-production_gpt-main\ml-deploy-pipeline-production_gpt-main\optimize\graph_optimizer.py", line 39, in optimize
    onnx = self._import_onnx()
           ^^^^^^^^^^^^^^^^^
AttributeError: 'OnnxGraphOptimizer' object has no attribute '_import_onnx'

The above exception was the direct cause of the following exception:

Traceback (most recent call last):
  File "D:\ml-deploy-pipeline-production_gpt-main\ml-deploy-pipeline-production_gpt-main\optimize\smart_optimizer.py", line 75, in optimize
    graph_optimization_stats = self._optimize_graph(
                               ^^^^^^^^^^^^^^^^^^^^^
  File "D:\ml-deploy-pipeline-production_gpt-main\ml-deploy-pipeline-production_gpt-main\optimize\smart_optimizer.py", line 303, in _optimize_graph
    stats = optimizer.optimize(
            ^^^^^^^^^^^^^^^^^^^
  File "D:\ml-deploy-pipeline-production_gpt-main\ml-deploy-pipeline-production_gpt-main\optimize\graph_optimizer.py", line 91, in optimize
    raise GraphOptimizationError(
optimize.graph_optimizer.GraphOptimizationError: Failed to optimize ONNX graph 'converted\model.onnx'
2026-05-12 21:47:20,001 | INFO | Starting adaptive ML deployment optimization pipeline
2026-05-12 21:47:20,001 | INFO | Artifact cleanup started: output
2026-05-12 21:47:20,012 | INFO | Preserving optimization stats: output\optimization_stats.json
2026-05-12 21:47:20,027 | INFO | Detected Unknown architecture
2026-05-12 21:47:20,028 | INFO | Model statistics: params=0, initializers=0, nodes=0, size=13.6350 MB
2026-05-12 21:47:20,028 | WARNING | Huge-model rejection detected: estimated footprint 17.0438 MB
2026-05-12 21:47:20,028 | INFO | Selected FP16 optimization for android deployment
2026-05-12 21:47:20,028 | INFO | Decision reason: GPU-capable hardware can often use FP16 when a more specific rule does not apply.
2026-05-12 21:47:20,028 | INFO | Rejected optimization strategy: tflite_micro
2026-05-12 21:47:20,028 | INFO | Detected framework: pytorch
2026-05-12 21:47:20,028 | INFO | Structured pruning disabled for PyTorch export
2026-05-12 21:47:20,028 | INFO | Exporting PyTorch model to ONNX: input\mobilenetv2.pt -> converted\model.onnx
2026-05-12 21:47:21,451 | INFO | Loaded PyTorch model with standard torch.load
2026-05-12 21:47:21,459 | INFO | Detected PyTorch model parameter dtype: torch.float32
2026-05-12 21:47:21,572 | INFO | Using dummy input shape (1, 3, 224, 224), opset 17, dynamic batch axes: True
2026-05-12 21:47:22,372 | INFO | PyTorch ONNX export completed: converted\model.onnx
2026-05-12 21:47:22,391 | INFO | Detected Conv-heavy CNN architecture
2026-05-12 21:47:22,391 | INFO | Model statistics: params=3487816, initializers=106, nodes=170, size=13.3441 MB
2026-05-12 21:47:22,391 | WARNING | Huge-model rejection detected: estimated footprint 16.6703 MB
2026-05-12 21:47:22,394 | INFO | Selected FP16 optimization for android deployment
2026-05-12 21:47:22,395 | INFO | Decision reason: Android mobile CNN deployments prefer TFLite packaging, with FP16 as the default acceleration-friendly format.
2026-05-12 21:47:22,395 | INFO | Decision reason: Dynamic quantization unsuitable for Conv-heavy graph because it primarily optimizes MatMul/Gemm weights.
2026-05-12 21:47:22,395 | INFO | Decision reason: TFLite-family export is preferred for this hardware target.
2026-05-12 21:47:22,395 | INFO | Rejected optimization strategy: dynamic_int8
2026-05-12 21:47:22,395 | INFO | Rejected optimization strategy: tensorrt
2026-05-12 21:47:22,396 | INFO | Rejected optimization strategy: tflite_micro
2026-05-12 21:47:22,398 | INFO | Optimization recommendation report written: reports\optimization_recommendation.json
2026-05-12 21:47:22,400 | INFO | Optimizing model for target: Android
2026-05-12 21:47:22,400 | INFO | Quantization strategy: fp16
2026-05-12 21:47:22,400 | INFO | Final artifact path: output\mobilenetv2_android_fp16.tflite
2026-05-12 21:47:22,449 | INFO | Running ONNX graph optimization: converted\model.onnx -> output\model_graph_optimized.onnx
2026-05-12 21:47:22,468 | INFO | Using ONNX Runtime graph optimization level: all
2026-05-12 21:47:22,673 | INFO | Graph optimization completed: 170 -> 65 nodes
2026-05-12 21:47:22,673 | INFO | Running ONNX FP16 conversion: output\model_graph_optimized.onnx -> output\mobilenetv2_android_fp16.onnx
2026-05-12 21:47:22,692 | INFO | Detected ONNX model precision before FP16 optimization: fp32
2026-05-12 21:47:22,969 | INFO | FP16 ONNX conversion completed: output\mobilenetv2_android_fp16.onnx
2026-05-12 21:47:22,969 | INFO | Converting ONNX to TFLite for Android: output\mobilenetv2_android_fp16.onnx -> output\mobilenetv2_android_fp16.tflite (fp16)
2026-05-12 21:47:22,983 | INFO | Starting onnx2tf conversion
2026-05-12 21:47:32,274 | INFO | onnx2tf conversion stderr: WARNING: All log messages before absl::InitializeLog() is called are written to STDERR
I0000 00:00:1778602644.168031    2008 port.cc:153] oneDNN custom operations are on. You may see slightly different numerical results due to floating-point round-off errors from different computation orders. To turn them off, set the environment variable `TF_ENABLE_ONEDNN_OPTS=0`.
WARNING: All log messages before absl::InitializeLog() is called are written to STDERR
I0000 00:00:1778602651.654389    2008 port.cc:153] oneDNN custom operations are on. You may see slightly different numerical results due to floating-point round-off errors from different computation orders. To turn them off, set the environment variable `TF_ENABLE_ONEDNN_OPTS=0`.
Traceback (most recent call last):
  File "<frozen runpy>", line 198, in _run_module_as_main
  File "<frozen runpy>", line 88, in _run_code
  File "D:\ml-deploy-pipeline-production_gpt-main\ml-deploy-pipeline-production_gpt-main\venv\Scripts\onnx2tf.exe\__main__.py", line 4, in <module>
  File "D:\ml-deploy-pipeline-production_gpt-main\ml-deploy-pipeline-production_gpt-main\venv\Lib\site-packages\onnx2tf\__init__.py", line 1, in <module>
    from onnx2tf.onnx2tf import convert, main
  File "D:\ml-deploy-pipeline-production_gpt-main\ml-deploy-pipeline-production_gpt-main\venv\Lib\site-packages\onnx2tf\onnx2tf.py", line 29, in <module>
    import tf_keras
ModuleNotFoundError: No module named 'tf_keras'
2026-05-12 21:47:32,275 | ERROR | Optimization pipeline failed: onnx2tf conversion failed with exit code 1
Traceback (most recent call last):
  File "D:\ml-deploy-pipeline-production_gpt-main\ml-deploy-pipeline-production_gpt-main\optimize\smart_optimizer.py", line 89, in optimize
    tflite_report = convert_onnx_to_tflite(
                    ^^^^^^^^^^^^^^^^^^^^^^^
  File "D:\ml-deploy-pipeline-production_gpt-main\ml-deploy-pipeline-production_gpt-main\convert\onnx_to_tflite.py", line 36, in convert_onnx_to_tflite
    _run_onnx2tf(input_onnx, saved_model_dir)
  File "D:\ml-deploy-pipeline-production_gpt-main\ml-deploy-pipeline-production_gpt-main\convert\onnx_to_tflite.py", line 81, in _run_onnx2tf
    _run_command(command, "onnx2tf conversion")
  File "D:\ml-deploy-pipeline-production_gpt-main\ml-deploy-pipeline-production_gpt-main\convert\onnx_to_tflite.py", line 145, in _run_command
    raise TFLiteConversionError(
convert.onnx_to_tflite.TFLiteConversionError: onnx2tf conversion failed with exit code 1
2026-05-12 21:48:59,830 | INFO | Starting adaptive ML deployment optimization pipeline
2026-05-12 21:48:59,830 | INFO | Artifact cleanup started: output
2026-05-12 21:48:59,830 | INFO | Deleting intermediate artifact: output\model_graph_optimized.onnx
2026-05-12 21:48:59,830 | INFO | Preserving optimization stats: output\optimization_stats.json
2026-05-12 21:48:59,849 | INFO | Detected Unknown architecture
2026-05-12 21:48:59,849 | INFO | Model statistics: params=0, initializers=0, nodes=0, size=13.6350 MB
2026-05-12 21:48:59,849 | WARNING | Huge-model rejection detected: estimated footprint 17.0438 MB
2026-05-12 21:48:59,849 | INFO | Selected FP16 optimization for android deployment
2026-05-12 21:48:59,849 | INFO | Decision reason: GPU-capable hardware can often use FP16 when a more specific rule does not apply.
2026-05-12 21:48:59,849 | INFO | Rejected optimization strategy: tflite_micro
2026-05-12 21:48:59,849 | INFO | Detected framework: pytorch
2026-05-12 21:48:59,849 | INFO | Structured pruning disabled for PyTorch export
2026-05-12 21:48:59,849 | INFO | Exporting PyTorch model to ONNX: input\mobilenetv2.pt -> converted\model.onnx
2026-05-12 21:49:01,081 | INFO | Loaded PyTorch model with standard torch.load
2026-05-12 21:49:01,081 | INFO | Detected PyTorch model parameter dtype: torch.float32
2026-05-12 21:49:01,123 | INFO | Using dummy input shape (1, 3, 224, 224), opset 17, dynamic batch axes: True
2026-05-12 21:49:01,926 | INFO | PyTorch ONNX export completed: converted\model.onnx
2026-05-12 21:49:01,943 | INFO | Detected Conv-heavy CNN architecture
2026-05-12 21:49:01,943 | INFO | Model statistics: params=3487816, initializers=106, nodes=170, size=13.3441 MB
2026-05-12 21:49:01,943 | WARNING | Huge-model rejection detected: estimated footprint 16.6703 MB
2026-05-12 21:49:01,946 | INFO | Selected FP16 optimization for android deployment
2026-05-12 21:49:01,946 | INFO | Decision reason: Android mobile CNN deployments prefer TFLite packaging, with FP16 as the default acceleration-friendly format.
2026-05-12 21:49:01,946 | INFO | Decision reason: Dynamic quantization unsuitable for Conv-heavy graph because it primarily optimizes MatMul/Gemm weights.
2026-05-12 21:49:01,946 | INFO | Decision reason: TFLite-family export is preferred for this hardware target.
2026-05-12 21:49:01,946 | INFO | Rejected optimization strategy: dynamic_int8
2026-05-12 21:49:01,946 | INFO | Rejected optimization strategy: tensorrt
2026-05-12 21:49:01,946 | INFO | Rejected optimization strategy: tflite_micro
2026-05-12 21:49:01,948 | INFO | Optimization recommendation report written: reports\optimization_recommendation.json
2026-05-12 21:49:01,948 | INFO | Optimizing model for target: Android
2026-05-12 21:49:01,948 | INFO | Quantization strategy: fp16
2026-05-12 21:49:01,950 | INFO | Final artifact path: output\mobilenetv2_android_fp16.tflite
2026-05-12 21:49:01,950 | INFO | Running ONNX graph optimization: converted\model.onnx -> output\model_graph_optimized.onnx
2026-05-12 21:49:01,965 | INFO | Using ONNX Runtime graph optimization level: all
2026-05-12 21:49:02,120 | INFO | Graph optimization completed: 170 -> 65 nodes
2026-05-12 21:49:02,120 | INFO | Running ONNX FP16 conversion: output\model_graph_optimized.onnx -> output\mobilenetv2_android_fp16.onnx
2026-05-12 21:49:02,143 | INFO | Detected ONNX model precision before FP16 optimization: fp32
2026-05-12 21:49:02,431 | INFO | FP16 ONNX conversion completed: output\mobilenetv2_android_fp16.onnx
2026-05-12 21:49:02,431 | INFO | Converting ONNX to TFLite for Android: output\mobilenetv2_android_fp16.onnx -> output\mobilenetv2_android_fp16.tflite (fp16)
2026-05-12 21:49:02,431 | INFO | Starting onnx2tf conversion
2026-05-12 21:49:10,673 | INFO | onnx2tf conversion stderr: WARNING: All log messages before absl::InitializeLog() is called are written to STDERR
I0000 00:00:1778602742.780830    1076 port.cc:153] oneDNN custom operations are on. You may see slightly different numerical results due to floating-point round-off errors from different computation orders. To turn them off, set the environment variable `TF_ENABLE_ONEDNN_OPTS=0`.
WARNING: All log messages before absl::InitializeLog() is called are written to STDERR
I0000 00:00:1778602746.231346    1076 port.cc:153] oneDNN custom operations are on. You may see slightly different numerical results due to floating-point round-off errors from different computation orders. To turn them off, set the environment variable `TF_ENABLE_ONEDNN_OPTS=0`.
WARNING:tensorflow:From D:\ml-deploy-pipeline-production_gpt-main\ml-deploy-pipeline-production_gpt-main\venv\Lib\site-packages\tf_keras\src\losses.py:2976: The name tf.losses.sparse_softmax_cross_entropy is deprecated. Please use tf.compat.v1.losses.sparse_softmax_cross_entropy instead.

Traceback (most recent call last):
  File "<frozen runpy>", line 198, in _run_module_as_main
  File "<frozen runpy>", line 88, in _run_code
  File "D:\ml-deploy-pipeline-production_gpt-main\ml-deploy-pipeline-production_gpt-main\venv\Scripts\onnx2tf.exe\__main__.py", line 4, in <module>
  File "D:\ml-deploy-pipeline-production_gpt-main\ml-deploy-pipeline-production_gpt-main\venv\Lib\site-packages\onnx2tf\__init__.py", line 1, in <module>
    from onnx2tf.onnx2tf import convert, main
  File "D:\ml-deploy-pipeline-production_gpt-main\ml-deploy-pipeline-production_gpt-main\venv\Lib\site-packages\onnx2tf\onnx2tf.py", line 39, in <module>
    import onnx_graphsurgeon as gs
ModuleNotFoundError: No module named 'onnx_graphsurgeon'
2026-05-12 21:49:10,673 | ERROR | Optimization pipeline failed: onnx2tf conversion failed with exit code 1
Traceback (most recent call last):
  File "D:\ml-deploy-pipeline-production_gpt-main\ml-deploy-pipeline-production_gpt-main\optimize\smart_optimizer.py", line 89, in optimize
    tflite_report = convert_onnx_to_tflite(
                    ^^^^^^^^^^^^^^^^^^^^^^^
  File "D:\ml-deploy-pipeline-production_gpt-main\ml-deploy-pipeline-production_gpt-main\convert\onnx_to_tflite.py", line 36, in convert_onnx_to_tflite
    _run_onnx2tf(input_onnx, saved_model_dir)
  File "D:\ml-deploy-pipeline-production_gpt-main\ml-deploy-pipeline-production_gpt-main\convert\onnx_to_tflite.py", line 81, in _run_onnx2tf
    _run_command(command, "onnx2tf conversion")
  File "D:\ml-deploy-pipeline-production_gpt-main\ml-deploy-pipeline-production_gpt-main\convert\onnx_to_tflite.py", line 145, in _run_command
    raise TFLiteConversionError(
convert.onnx_to_tflite.TFLiteConversionError: onnx2tf conversion failed with exit code 1
2026-05-12 21:51:28,535 | INFO | Starting adaptive ML deployment optimization pipeline
2026-05-12 21:51:28,535 | INFO | Artifact cleanup started: output
2026-05-12 21:51:28,551 | INFO | Deleting intermediate artifact: output\model_graph_optimized.onnx
2026-05-12 21:51:28,551 | INFO | Preserving optimization stats: output\optimization_stats.json
2026-05-12 21:51:28,566 | INFO | Detected Unknown architecture
2026-05-12 21:51:28,567 | INFO | Model statistics: params=0, initializers=0, nodes=0, size=13.6350 MB
2026-05-12 21:51:28,567 | WARNING | Huge-model rejection detected: estimated footprint 17.0438 MB
2026-05-12 21:51:28,567 | INFO | Selected FP16 optimization for android deployment
2026-05-12 21:51:28,567 | INFO | Decision reason: GPU-capable hardware can often use FP16 when a more specific rule does not apply.
2026-05-12 21:51:28,568 | INFO | Rejected optimization strategy: tflite_micro
2026-05-12 21:51:28,568 | INFO | Detected framework: pytorch
2026-05-12 21:51:28,568 | INFO | Structured pruning disabled for PyTorch export
2026-05-12 21:51:28,569 | INFO | Exporting PyTorch model to ONNX: input\mobilenetv2.pt -> converted\model.onnx
2026-05-12 21:51:29,818 | INFO | Loaded PyTorch model with standard torch.load
2026-05-12 21:51:29,818 | INFO | Detected PyTorch model parameter dtype: torch.float32
2026-05-12 21:51:29,874 | INFO | Using dummy input shape (1, 3, 224, 224), opset 17, dynamic batch axes: True
2026-05-12 21:51:30,618 | INFO | PyTorch ONNX export completed: converted\model.onnx
2026-05-12 21:51:30,640 | INFO | Detected Conv-heavy CNN architecture
2026-05-12 21:51:30,640 | INFO | Model statistics: params=3487816, initializers=106, nodes=170, size=13.3441 MB
2026-05-12 21:51:30,640 | WARNING | Huge-model rejection detected: estimated footprint 16.6703 MB
2026-05-12 21:51:30,644 | INFO | Selected FP16 optimization for android deployment
2026-05-12 21:51:30,644 | INFO | Decision reason: Android mobile CNN deployments prefer TFLite packaging, with FP16 as the default acceleration-friendly format.
2026-05-12 21:51:30,644 | INFO | Decision reason: Dynamic quantization unsuitable for Conv-heavy graph because it primarily optimizes MatMul/Gemm weights.
2026-05-12 21:51:30,644 | INFO | Decision reason: TFLite-family export is preferred for this hardware target.
2026-05-12 21:51:30,644 | INFO | Rejected optimization strategy: dynamic_int8
2026-05-12 21:51:30,644 | INFO | Rejected optimization strategy: tensorrt
2026-05-12 21:51:30,644 | INFO | Rejected optimization strategy: tflite_micro
2026-05-12 21:51:30,647 | INFO | Optimization recommendation report written: reports\optimization_recommendation.json
2026-05-12 21:51:30,647 | INFO | Optimizing model for target: Android
2026-05-12 21:51:30,647 | INFO | Quantization strategy: fp16
2026-05-12 21:51:30,650 | INFO | Final artifact path: output\mobilenetv2_android_fp16.tflite
2026-05-12 21:51:30,651 | INFO | Running ONNX graph optimization: converted\model.onnx -> output\model_graph_optimized.onnx
2026-05-12 21:51:30,672 | INFO | Using ONNX Runtime graph optimization level: all
2026-05-12 21:51:30,859 | INFO | Graph optimization completed: 170 -> 65 nodes
2026-05-12 21:51:30,859 | INFO | Running ONNX FP16 conversion: output\model_graph_optimized.onnx -> output\mobilenetv2_android_fp16.onnx
2026-05-12 21:51:30,880 | INFO | Detected ONNX model precision before FP16 optimization: fp32
2026-05-12 21:51:31,102 | INFO | FP16 ONNX conversion completed: output\mobilenetv2_android_fp16.onnx
2026-05-12 21:51:31,102 | INFO | Converting ONNX to TFLite for Android: output\mobilenetv2_android_fp16.onnx -> output\mobilenetv2_android_fp16.tflite (fp16)
2026-05-12 21:51:31,124 | INFO | Starting onnx2tf conversion
2026-05-12 21:51:36,700 | INFO | onnx2tf conversion stderr: WARNING: All log messages before absl::InitializeLog() is called are written to STDERR
I0000 00:00:1778602891.459640   20928 port.cc:153] oneDNN custom operations are on. You may see slightly different numerical results due to floating-point round-off errors from different computation orders. To turn them off, set the environment variable `TF_ENABLE_ONEDNN_OPTS=0`.
WARNING: All log messages before absl::InitializeLog() is called are written to STDERR
I0000 00:00:1778602894.003872   20928 port.cc:153] oneDNN custom operations are on. You may see slightly different numerical results due to floating-point round-off errors from different computation orders. To turn them off, set the environment variable `TF_ENABLE_ONEDNN_OPTS=0`.
WARNING:tensorflow:From D:\ml-deploy-pipeline-production_gpt-main\ml-deploy-pipeline-production_gpt-main\venv\Lib\site-packages\tf_keras\src\losses.py:2976: The name tf.losses.sparse_softmax_cross_entropy is deprecated. Please use tf.compat.v1.losses.sparse_softmax_cross_entropy instead.

Traceback (most recent call last):
  File "<frozen runpy>", line 198, in _run_module_as_main
  File "<frozen runpy>", line 88, in _run_code
  File "D:\ml-deploy-pipeline-production_gpt-main\ml-deploy-pipeline-production_gpt-main\venv\Scripts\onnx2tf.exe\__main__.py", line 4, in <module>
  File "D:\ml-deploy-pipeline-production_gpt-main\ml-deploy-pipeline-production_gpt-main\venv\Lib\site-packages\onnx2tf\__init__.py", line 1, in <module>
    from onnx2tf.onnx2tf import convert, main
  File "D:\ml-deploy-pipeline-production_gpt-main\ml-deploy-pipeline-production_gpt-main\venv\Lib\site-packages\onnx2tf\onnx2tf.py", line 44, in <module>
    from onnx2tf.utils.common_functions import (
  File "D:\ml-deploy-pipeline-production_gpt-main\ml-deploy-pipeline-production_gpt-main\venv\Lib\site-packages\onnx2tf\utils\common_functions.py", line 20, in <module>
    from ai_edge_litert.interpreter import Interpreter
ModuleNotFoundError: No module named 'ai_edge_litert'
2026-05-12 21:51:36,700 | ERROR | Optimization pipeline failed: onnx2tf conversion failed with exit code 1
Traceback (most recent call last):
  File "D:\ml-deploy-pipeline-production_gpt-main\ml-deploy-pipeline-production_gpt-main\optimize\smart_optimizer.py", line 89, in optimize
    tflite_report = convert_onnx_to_tflite(
                    ^^^^^^^^^^^^^^^^^^^^^^^
  File "D:\ml-deploy-pipeline-production_gpt-main\ml-deploy-pipeline-production_gpt-main\convert\onnx_to_tflite.py", line 36, in convert_onnx_to_tflite
    _run_onnx2tf(input_onnx, saved_model_dir)
  File "D:\ml-deploy-pipeline-production_gpt-main\ml-deploy-pipeline-production_gpt-main\convert\onnx_to_tflite.py", line 81, in _run_onnx2tf
    _run_command(command, "onnx2tf conversion")
  File "D:\ml-deploy-pipeline-production_gpt-main\ml-deploy-pipeline-production_gpt-main\convert\onnx_to_tflite.py", line 145, in _run_command
    raise TFLiteConversionError(
convert.onnx_to_tflite.TFLiteConversionError: onnx2tf conversion failed with exit code 1
2026-05-12 21:54:17,948 | INFO | Starting adaptive ML deployment optimization pipeline
2026-05-12 21:54:17,948 | INFO | Artifact cleanup started: output
2026-05-12 21:54:17,948 | INFO | Deleting intermediate artifact: output\model_graph_optimized.onnx
2026-05-12 21:54:17,948 | INFO | Preserving optimization stats: output\optimization_stats.json
2026-05-12 21:54:17,964 | INFO | Detected Unknown architecture
2026-05-12 21:54:17,964 | INFO | Model statistics: params=0, initializers=0, nodes=0, size=13.6350 MB
2026-05-12 21:54:17,964 | WARNING | Huge-model rejection detected: estimated footprint 17.0438 MB
2026-05-12 21:54:17,964 | INFO | Selected FP16 optimization for android deployment
2026-05-12 21:54:17,964 | INFO | Decision reason: GPU-capable hardware can often use FP16 when a more specific rule does not apply.
2026-05-12 21:54:17,964 | INFO | Rejected optimization strategy: tflite_micro
2026-05-12 21:54:17,964 | INFO | Detected framework: pytorch
2026-05-12 21:54:17,964 | INFO | Structured pruning disabled for PyTorch export
2026-05-12 21:54:17,964 | INFO | Exporting PyTorch model to ONNX: input\mobilenetv2.pt -> converted\model.onnx
2026-05-12 21:54:19,168 | INFO | Loaded PyTorch model with standard torch.load
2026-05-12 21:54:19,170 | INFO | Detected PyTorch model parameter dtype: torch.float32
2026-05-12 21:54:19,214 | INFO | Using dummy input shape (1, 3, 224, 224), opset 17, dynamic batch axes: True
2026-05-12 21:54:19,973 | INFO | PyTorch ONNX export completed: converted\model.onnx
2026-05-12 21:54:19,991 | INFO | Detected Conv-heavy CNN architecture
2026-05-12 21:54:19,991 | INFO | Model statistics: params=3487816, initializers=106, nodes=170, size=13.3441 MB
2026-05-12 21:54:19,991 | WARNING | Huge-model rejection detected: estimated footprint 16.6703 MB
2026-05-12 21:54:19,997 | INFO | Selected FP16 optimization for android deployment
2026-05-12 21:54:19,998 | INFO | Decision reason: Android mobile CNN deployments prefer TFLite packaging, with FP16 as the default acceleration-friendly format.
2026-05-12 21:54:19,998 | INFO | Decision reason: Dynamic quantization unsuitable for Conv-heavy graph because it primarily optimizes MatMul/Gemm weights.
2026-05-12 21:54:19,999 | INFO | Decision reason: TFLite-family export is preferred for this hardware target.
2026-05-12 21:54:19,999 | INFO | Rejected optimization strategy: dynamic_int8
2026-05-12 21:54:19,999 | INFO | Rejected optimization strategy: tensorrt
2026-05-12 21:54:19,999 | INFO | Rejected optimization strategy: tflite_micro
2026-05-12 21:54:20,001 | INFO | Optimization recommendation report written: reports\optimization_recommendation.json
2026-05-12 21:54:20,002 | INFO | Optimizing model for target: Android
2026-05-12 21:54:20,002 | INFO | Quantization strategy: fp16
2026-05-12 21:54:20,003 | INFO | Final artifact path: output\mobilenetv2_android_fp16.tflite
2026-05-12 21:54:20,004 | INFO | Running ONNX graph optimization: converted\model.onnx -> output\model_graph_optimized.onnx
2026-05-12 21:54:20,024 | INFO | Using ONNX Runtime graph optimization level: all
2026-05-12 21:54:20,185 | INFO | Graph optimization completed: 170 -> 65 nodes
2026-05-12 21:54:20,191 | INFO | Running ONNX FP16 conversion: output\model_graph_optimized.onnx -> output\mobilenetv2_android_fp16.onnx
2026-05-12 21:54:20,201 | INFO | Detected ONNX model precision before FP16 optimization: fp32
2026-05-12 21:54:20,426 | INFO | FP16 ONNX conversion completed: output\mobilenetv2_android_fp16.onnx
2026-05-12 21:54:20,426 | INFO | Converting ONNX to TFLite for Android: output\mobilenetv2_android_fp16.onnx -> output\mobilenetv2_android_fp16.tflite (fp16)
2026-05-12 21:54:20,426 | INFO | Starting onnx2tf conversion
2026-05-12 21:54:26,473 | INFO | onnx2tf conversion stderr: WARNING: All log messages before absl::InitializeLog() is called are written to STDERR
I0000 00:00:1778603060.800453   18588 port.cc:153] oneDNN custom operations are on. You may see slightly different numerical results due to floating-point round-off errors from different computation orders. To turn them off, set the environment variable `TF_ENABLE_ONEDNN_OPTS=0`.
WARNING: All log messages before absl::InitializeLog() is called are written to STDERR
I0000 00:00:1778603063.675286   18588 port.cc:153] oneDNN custom operations are on. You may see slightly different numerical results due to floating-point round-off errors from different computation orders. To turn them off, set the environment variable `TF_ENABLE_ONEDNN_OPTS=0`.
WARNING:tensorflow:From D:\ml-deploy-pipeline-production_gpt-main\ml-deploy-pipeline-production_gpt-main\venv\Lib\site-packages\tf_keras\src\losses.py:2976: The name tf.losses.sparse_softmax_cross_entropy is deprecated. Please use tf.compat.v1.losses.sparse_softmax_cross_entropy instead.

Traceback (most recent call last):
  File "<frozen runpy>", line 198, in _run_module_as_main
  File "<frozen runpy>", line 88, in _run_code
  File "D:\ml-deploy-pipeline-production_gpt-main\ml-deploy-pipeline-production_gpt-main\venv\Scripts\onnx2tf.exe\__main__.py", line 4, in <module>
  File "D:\ml-deploy-pipeline-production_gpt-main\ml-deploy-pipeline-production_gpt-main\venv\Lib\site-packages\onnx2tf\__init__.py", line 1, in <module>
    from onnx2tf.onnx2tf import convert, main
  File "D:\ml-deploy-pipeline-production_gpt-main\ml-deploy-pipeline-production_gpt-main\venv\Lib\site-packages\onnx2tf\onnx2tf.py", line 63, in <module>
    from sng4onnx import generate as op_name_auto_generate
ModuleNotFoundError: No module named 'sng4onnx'
2026-05-12 21:54:26,473 | ERROR | Optimization pipeline failed: onnx2tf conversion failed with exit code 1
Traceback (most recent call last):
  File "D:\ml-deploy-pipeline-production_gpt-main\ml-deploy-pipeline-production_gpt-main\optimize\smart_optimizer.py", line 89, in optimize
    tflite_report = convert_onnx_to_tflite(
                    ^^^^^^^^^^^^^^^^^^^^^^^
  File "D:\ml-deploy-pipeline-production_gpt-main\ml-deploy-pipeline-production_gpt-main\convert\onnx_to_tflite.py", line 36, in convert_onnx_to_tflite
    _run_onnx2tf(input_onnx, saved_model_dir)
  File "D:\ml-deploy-pipeline-production_gpt-main\ml-deploy-pipeline-production_gpt-main\convert\onnx_to_tflite.py", line 81, in _run_onnx2tf
    _run_command(command, "onnx2tf conversion")
  File "D:\ml-deploy-pipeline-production_gpt-main\ml-deploy-pipeline-production_gpt-main\convert\onnx_to_tflite.py", line 145, in _run_command
    raise TFLiteConversionError(
convert.onnx_to_tflite.TFLiteConversionError: onnx2tf conversion failed with exit code 1
2026-05-12 22:52:53,277 | INFO | Starting adaptive ML deployment optimization pipeline
2026-05-12 22:52:53,277 | INFO | Artifact cleanup started: output
2026-05-12 22:52:53,277 | INFO | Deleting intermediate artifact: output\model_graph_optimized.onnx
2026-05-12 22:52:53,277 | INFO | Preserving optimization stats: output\optimization_stats.json
2026-05-12 22:52:53,303 | INFO | Detected Unknown architecture
2026-05-12 22:52:53,303 | INFO | Model statistics: params=0, initializers=0, nodes=0, size=527.8104 MB
2026-05-12 22:52:53,303 | WARNING | Huge-model rejection detected: estimated footprint 659.7630 MB
2026-05-12 22:52:53,303 | INFO | Selected graph optimization strategy
2026-05-12 22:52:53,303 | INFO | Decision reason: No specific architecture/hardware rule matched; preserve ONNX graph optimization and reporting.
2026-05-12 22:52:53,303 | INFO | Detected framework: pytorch
2026-05-12 22:52:53,303 | INFO | Structured pruning disabled for PyTorch export
2026-05-12 22:52:53,303 | INFO | Exporting PyTorch model to ONNX: input\vgg16.pt -> converted\model.onnx
2026-05-12 22:52:55,505 | INFO | Loaded PyTorch model with standard torch.load
2026-05-12 22:52:55,505 | INFO | Detected PyTorch model parameter dtype: torch.float32
2026-05-12 22:52:55,795 | INFO | Using dummy input shape (1, 3, 224, 224), opset 17, dynamic batch axes: True
2026-05-12 22:53:10,327 | INFO | PyTorch ONNX export completed: converted\model.onnx
2026-05-12 22:53:11,191 | INFO | Detected Conv-heavy CNN architecture
2026-05-12 22:53:11,193 | INFO | Model statistics: params=138357544, initializers=32, nodes=38, size=527.7997 MB
2026-05-12 22:53:11,194 | WARNING | Huge-model rejection detected: estimated footprint 659.7477 MB
2026-05-12 22:53:11,229 | INFO | Selected static INT8 quantization for raspberry_pi deployment
2026-05-12 22:53:11,229 | INFO | Decision reason: Conv-heavy CPU deployment benefits from calibrated static INT8; dynamic INT8 mostly targets MatMul/Gemm weights.
2026-05-12 22:53:11,229 | INFO | Decision reason: Dynamic quantization unsuitable for Conv-heavy graph because it primarily optimizes MatMul/Gemm weights.
2026-05-12 22:53:11,229 | INFO | Decision reason: TFLite-family export is preferred for this hardware target.
2026-05-12 22:53:11,229 | INFO | Rejected optimization strategy: dynamic_int8
2026-05-12 22:53:11,229 | INFO | Rejected optimization strategy: fp16
2026-05-12 22:53:11,229 | INFO | Rejected optimization strategy: tensorrt
2026-05-12 22:53:11,242 | INFO | Optimization recommendation report written: reports\optimization_recommendation.json
2026-05-12 22:53:11,245 | INFO | Optimizing model for target: Raspberry Pi
2026-05-12 22:53:11,246 | INFO | Quantization strategy: static_int8
2026-05-12 22:53:11,250 | INFO | Final artifact path: output\vgg16_raspberry_pi_static_int8.onnx
2026-05-12 22:53:11,251 | INFO | Graph optimization disabled by hardware profile
2026-05-12 22:53:11,271 | INFO | Running ONNX Runtime static INT8 quantization: converted\model.onnx -> output\vgg16_raspberry_pi_static_int8.onnx
2026-05-12 22:53:11,643 | INFO | Detected FP32 graph before static quantization
2026-05-12 22:53:15,701 | INFO | Starting static INT8 quantization
2026-05-12 22:53:24,195 | WARNING | Please consider to run pre-processing before quantization. Refer to example: https://github.com/microsoft/onnxruntime-inference-examples/blob/main/quantization/image_classification/cpu/ReadMe.md 
2026-05-12 22:53:52,701 | WARNING | Please consider pre-processing before quantization. See https://github.com/microsoft/onnxruntime-inference-examples/blob/main/quantization/image_classification/cpu/ReadMe.md 
2026-05-12 22:53:54,447 | INFO | Static INT8 quantization report written: reports\static_int8_quantization.json
2026-05-12 22:53:54,447 | INFO | Static INT8 quantization completed: quantized_ops=96, conv_quantized=13
2026-05-12 22:53:55,551 | INFO | Model size analysis report written: reports\model_size_analysis.json
2026-05-12 22:53:55,551 | INFO | Serialized ONNX metadata overhead for original: 0.0075 MB
2026-05-12 22:53:55,551 | WARNING | Detected duplicated initializers in optimized: 13 groups, 0.0351 MB
2026-05-12 22:53:55,551 | INFO | Serialized ONNX metadata overhead for optimized: 0.0390 MB
2026-05-12 22:53:55,551 | INFO | Benchmarking ONNX model latency: converted\model.onnx
2026-05-12 22:54:02,259 | INFO | Benchmark completed for converted\model.onnx: avg 99.7784 ms, throughput 10.02 infer/sec
2026-05-12 22:54:02,299 | INFO | Benchmarking ONNX model latency: output\vgg16_raspberry_pi_static_int8.onnx
2026-05-12 22:54:06,670 | INFO | Benchmark completed for output\vgg16_raspberry_pi_static_int8.onnx: avg 72.6417 ms, throughput 13.77 infer/sec
2026-05-12 22:54:06,672 | INFO | Benchmark statistics report written: reports\benchmark_statistics.json
2026-05-12 22:54:06,688 | INFO | Validating ONNX inference accuracy: converted\model.onnx vs output\vgg16_raspberry_pi_static_int8.onnx
2026-05-12 22:54:08,523 | INFO | Accuracy validation report written: reports\accuracy_validation.json
2026-05-12 22:54:08,523 | INFO | Accuracy validation completed: MAE 0.15338905, MSE 0.03747595, cosine 0.98901087
2026-05-12 22:54:08,587 | INFO | Artifact intermediate cleanup started: output
2026-05-12 22:54:08,587 | INFO | Preserving final artifact: output\optimization_stats.json
2026-05-12 22:54:08,587 | INFO | Preserving final artifact: output\vgg16_raspberry_pi_static_int8.onnx
2026-05-12 22:54:08,587 | INFO | STATIC_INT8 optimization completed: 527.80 MB -> 132.19 MB (74.95% compression)
2026-05-12 22:54:08,587 | INFO | Optimization pipeline completed
2026-05-12 22:54:08,587 | INFO | Validation report: {'model': 'output\\vgg16_raspberry_pi_static_int8.onnx', 'status': 'validated', 'latency_ms': 12.4, 'memory_mb': 48}
2026-05-12 22:54:08,587 | INFO | Generating final execution report: reports\final_execution_report.md
2026-05-12 22:54:08,710 | INFO | Optional report not found: reports\tflite_conversion.json
2026-05-12 22:54:08,732 | INFO | Final execution report written: reports\final_execution_report.md
2026-05-12 22:54:08,737 | INFO | Final execution report: reports\final_execution_report.md
2026-05-12 22:54:08,737 | INFO | Adaptive pipeline completed successfully
2026-05-12 23:17:58,502 | INFO | Starting adaptive ML deployment optimization pipeline
2026-05-12 23:17:58,502 | INFO | Artifact cleanup started: output
2026-05-12 23:17:58,502 | INFO | Preserving optimization stats: output\optimization_stats.json
2026-05-12 23:17:58,502 | INFO | Deleting intermediate artifact: output\qwen2_onnx
2026-05-12 23:17:58,524 | INFO | Deleting intermediate artifact: output\vgg16_raspberry_pi_static_int8.onnx
2026-05-12 23:29:01,227 | INFO | Starting adaptive ML deployment optimization pipeline
2026-05-12 23:29:01,227 | INFO | Artifact cleanup started: output
2026-05-12 23:29:01,231 | INFO | Preserving optimization stats: output\optimization_stats.json
2026-05-12 23:29:06,743 | INFO | Detected Attention-heavy Transformer architecture
2026-05-12 23:29:06,915 | INFO | Model statistics: params=630167424, initializers=291, nodes=6039, size=1.0733 MB
2026-05-12 23:29:06,915 | WARNING | Huge-model rejection detected: estimated footprint 3004.8724 MB
2026-05-12 23:29:07,163 | INFO | Selected graph optimization strategy
2026-05-12 23:29:07,170 | INFO | Decision reason: No specific architecture/hardware rule matched; preserve ONNX graph optimization and reporting.
2026-05-12 23:29:07,179 | INFO | Optimization recommendation report written: reports\optimization_recommendation.json
2026-05-12 23:45:24,466 | INFO | Starting adaptive ML deployment optimization pipeline
2026-05-12 23:45:24,466 | INFO | Artifact cleanup started: output
2026-05-12 23:45:24,466 | INFO | Preserving optimization stats: output\optimization_stats.json
2026-05-12 23:45:25,263 | INFO | Detected Attention-heavy Transformer architecture
2026-05-12 23:45:25,263 | INFO | Model statistics: params=120509952, initializers=77, nodes=1383, size=459.9116 MB
2026-05-12 23:45:25,263 | WARNING | Huge-model rejection detected: estimated footprint 574.8388 MB
2026-05-12 23:45:25,323 | INFO | Selected graph optimization strategy
2026-05-12 23:45:25,323 | INFO | Decision reason: No specific architecture/hardware rule matched; preserve ONNX graph optimization and reporting.
2026-05-12 23:45:25,323 | INFO | Detected framework: onnx
2026-05-12 23:45:27,345 | INFO | Copied existing ONNX model: model.onnx
2026-05-12 23:45:27,963 | INFO | Detected Attention-heavy Transformer architecture
2026-05-12 23:45:27,963 | INFO | Model statistics: params=120509952, initializers=77, nodes=1383, size=459.9116 MB
2026-05-12 23:45:27,963 | WARNING | Huge-model rejection detected: estimated footprint 574.8388 MB
2026-05-12 23:45:28,023 | INFO | Selected graph optimization strategy
2026-05-12 23:45:28,024 | INFO | Decision reason: No specific architecture/hardware rule matched; preserve ONNX graph optimization and reporting.
2026-05-12 23:45:28,026 | INFO | Optimization recommendation report written: reports\optimization_recommendation.json
2026-05-12 23:45:28,027 | INFO | Optimizing model for target: Raspberry Pi
2026-05-12 23:45:28,027 | INFO | Quantization strategy: graph
2026-05-12 23:45:28,028 | INFO | Final artifact path: output\model_raspberry_pi_graph.onnx
2026-05-12 23:45:28,029 | INFO | Running ONNX graph optimization: converted\model.onnx -> output\model_graph_optimized.onnx
2026-05-12 23:45:28,473 | INFO | Using ONNX Runtime graph optimization level: all
2026-05-12 23:45:40,019 | INFO | Graph optimization completed: 1383 -> 633 nodes
2026-05-12 23:45:40,148 | INFO | Preserving ONNX graph-optimized artifact without precision quantization: output\model_graph_optimized.onnx -> output\model_raspberry_pi_graph.onnx
2026-05-12 23:45:49,172 | INFO | Model size analysis report written: reports\model_size_analysis.json
2026-05-12 23:45:49,172 | INFO | Serialized ONNX metadata overhead for original: 0.2026 MB
2026-05-12 23:45:49,172 | WARNING | Detected duplicated initializers in graph_optimized: 6 groups, 0.0004 MB
2026-05-12 23:45:49,172 | INFO | Serialized ONNX metadata overhead for graph_optimized: 0.1204 MB
2026-05-12 23:45:49,172 | WARNING | Detected duplicated initializers in optimized: 6 groups, 0.0004 MB
2026-05-12 23:45:49,172 | INFO | Serialized ONNX metadata overhead for optimized: 0.1204 MB
2026-05-12 23:45:49,172 | INFO | Benchmarking ONNX model latency: converted\model.onnx
2026-05-12 23:45:51,078 | ERROR | ONNX latency benchmark failed: [ONNXRuntimeError] : 2 : INVALID_ARGUMENT : Non-zero status code returned while running Gather node. Name:'/transformer/Gather_7' Status Message: indices element out of data bounds, idx=1 must be within the inclusive range [-1,0]
Traceback (most recent call last):
  File "D:\ml-deploy-pipeline-production_gpt-main\ml-deploy-pipeline-production_gpt-main\benchmark\latency_benchmark.py", line 35, in benchmark_model
    session.run(None, inputs)
  File "D:\ml-deploy-pipeline-production_gpt-main\ml-deploy-pipeline-production_gpt-main\venv\Lib\site-packages\onnxruntime\capi\onnxruntime_inference_collection.py", line 321, in run
    return self._sess.run(output_names, input_feed, run_options)
           ^^^^^^^^^^^^^^^^^^^^^^^^^^^^^^^^^^^^^^^^^^^^^^^^^^^^^
onnxruntime.capi.onnxruntime_pybind11_state.InvalidArgument: [ONNXRuntimeError] : 2 : INVALID_ARGUMENT : Non-zero status code returned while running Gather node. Name:'/transformer/Gather_7' Status Message: indices element out of data bounds, idx=1 must be within the inclusive range [-1,0]
2026-05-12 23:45:51,170 | ERROR | Optimization pipeline failed: Failed to benchmark ONNX model 'converted\model.onnx'
Traceback (most recent call last):
  File "D:\ml-deploy-pipeline-production_gpt-main\ml-deploy-pipeline-production_gpt-main\benchmark\latency_benchmark.py", line 35, in benchmark_model
    session.run(None, inputs)
  File "D:\ml-deploy-pipeline-production_gpt-main\ml-deploy-pipeline-production_gpt-main\venv\Lib\site-packages\onnxruntime\capi\onnxruntime_inference_collection.py", line 321, in run
    return self._sess.run(output_names, input_feed, run_options)
           ^^^^^^^^^^^^^^^^^^^^^^^^^^^^^^^^^^^^^^^^^^^^^^^^^^^^^
onnxruntime.capi.onnxruntime_pybind11_state.InvalidArgument: [ONNXRuntimeError] : 2 : INVALID_ARGUMENT : Non-zero status code returned while running Gather node. Name:'/transformer/Gather_7' Status Message: indices element out of data bounds, idx=1 must be within the inclusive range [-1,0]

The above exception was the direct cause of the following exception:

Traceback (most recent call last):
  File "D:\ml-deploy-pipeline-production_gpt-main\ml-deploy-pipeline-production_gpt-main\optimize\smart_optimizer.py", line 132, in optimize
    benchmark_report = self._benchmark_models(
                       ^^^^^^^^^^^^^^^^^^^^^^^
  File "D:\ml-deploy-pipeline-production_gpt-main\ml-deploy-pipeline-production_gpt-main\optimize\smart_optimizer.py", line 269, in _benchmark_models
    return benchmark.benchmark_pair(
           ^^^^^^^^^^^^^^^^^^^^^^^^^
  File "D:\ml-deploy-pipeline-production_gpt-main\ml-deploy-pipeline-production_gpt-main\benchmark\latency_benchmark.py", line 77, in benchmark_pair
    original_stats = self.benchmark_model(original_model)
                     ^^^^^^^^^^^^^^^^^^^^^^^^^^^^^^^^^^^^
  File "D:\ml-deploy-pipeline-production_gpt-main\ml-deploy-pipeline-production_gpt-main\benchmark\latency_benchmark.py", line 74, in benchmark_model
    raise BenchmarkError(f"Failed to benchmark ONNX model '{model_path}'") from exc
benchmark.latency_benchmark.BenchmarkError: Failed to benchmark ONNX model 'converted\model.onnx'
2026-05-13 00:06:31,531 | INFO | Starting adaptive ML deployment optimization pipeline
2026-05-13 00:06:31,531 | INFO | Artifact cleanup started: output
2026-05-13 00:06:31,531 | INFO | Deleting intermediate artifact: output\model_graph_optimized.onnx
2026-05-13 00:06:31,531 | INFO | Preserving optimization stats: output\optimization_stats.json
2026-05-13 00:06:32,430 | INFO | Detected Attention-heavy Transformer architecture
2026-05-13 00:06:32,432 | INFO | Model statistics: params=120509952, initializers=77, nodes=1383, size=459.9116 MB
2026-05-13 00:06:32,432 | WARNING | Huge-model rejection detected: estimated footprint 574.8388 MB
2026-05-13 00:06:32,488 | INFO | Selected graph optimization strategy
2026-05-13 00:06:32,488 | INFO | Decision reason: No specific architecture/hardware rule matched; preserve ONNX graph optimization and reporting.
2026-05-13 00:06:32,488 | INFO | Detected framework: onnx
2026-05-13 00:06:35,236 | INFO | Copied existing ONNX model: model.onnx
2026-05-13 00:06:36,410 | INFO | Detected Attention-heavy Transformer architecture
2026-05-13 00:06:36,410 | INFO | Model statistics: params=120509952, initializers=77, nodes=1383, size=459.9116 MB
2026-05-13 00:06:36,410 | WARNING | Huge-model rejection detected: estimated footprint 574.8388 MB
2026-05-13 00:06:36,477 | INFO | Selected graph optimization strategy
2026-05-13 00:06:36,477 | INFO | Decision reason: No specific architecture/hardware rule matched; preserve ONNX graph optimization and reporting.
2026-05-13 00:06:36,477 | INFO | Optimization recommendation report written: reports\optimization_recommendation.json
2026-05-13 00:06:36,477 | INFO | Optimizing model for target: Raspberry Pi
2026-05-13 00:06:36,477 | INFO | Quantization strategy: graph
2026-05-13 00:06:36,492 | INFO | Final artifact path: output\model_raspberry_pi_graph.onnx
2026-05-13 00:06:36,492 | INFO | Running ONNX graph optimization: converted\model.onnx -> output\model_graph_optimized.onnx
2026-05-13 00:06:37,295 | INFO | Using ONNX Runtime graph optimization level: all
2026-05-13 00:06:54,999 | INFO | Graph optimization completed: 1383 -> 633 nodes
2026-05-13 00:06:55,097 | INFO | Preserving ONNX graph-optimized artifact without precision quantization: output\model_graph_optimized.onnx -> output\model_raspberry_pi_graph.onnx
2026-05-13 00:07:02,843 | INFO | Model size analysis report written: reports\model_size_analysis.json
2026-05-13 00:07:02,843 | INFO | Serialized ONNX metadata overhead for original: 0.2026 MB
2026-05-13 00:07:02,843 | WARNING | Detected duplicated initializers in graph_optimized: 6 groups, 0.0004 MB
2026-05-13 00:07:02,843 | INFO | Serialized ONNX metadata overhead for graph_optimized: 0.1204 MB
2026-05-13 00:07:02,843 | WARNING | Detected duplicated initializers in optimized: 6 groups, 0.0004 MB
2026-05-13 00:07:02,843 | INFO | Serialized ONNX metadata overhead for optimized: 0.1204 MB
2026-05-13 00:07:02,853 | INFO | Benchmarking ONNX model latency: converted\model.onnx
2026-05-13 00:07:04,402 | ERROR | ONNX latency benchmark failed: [ONNXRuntimeError] : 2 : INVALID_ARGUMENT : Non-zero status code returned while running Gather node. Name:'/transformer/Gather_7' Status Message: indices element out of data bounds, idx=1 must be within the inclusive range [-1,0]
Traceback (most recent call last):
  File "D:\ml-deploy-pipeline-production_gpt-main\ml-deploy-pipeline-production_gpt-main\benchmark\latency_benchmark.py", line 35, in benchmark_model
    session.run(None, inputs)
  File "D:\ml-deploy-pipeline-production_gpt-main\ml-deploy-pipeline-production_gpt-main\venv\Lib\site-packages\onnxruntime\capi\onnxruntime_inference_collection.py", line 321, in run
    return self._sess.run(output_names, input_feed, run_options)
           ^^^^^^^^^^^^^^^^^^^^^^^^^^^^^^^^^^^^^^^^^^^^^^^^^^^^^
onnxruntime.capi.onnxruntime_pybind11_state.InvalidArgument: [ONNXRuntimeError] : 2 : INVALID_ARGUMENT : Non-zero status code returned while running Gather node. Name:'/transformer/Gather_7' Status Message: indices element out of data bounds, idx=1 must be within the inclusive range [-1,0]
2026-05-13 00:07:04,542 | ERROR | Optimization pipeline failed: Failed to benchmark ONNX model 'converted\model.onnx'
Traceback (most recent call last):
  File "D:\ml-deploy-pipeline-production_gpt-main\ml-deploy-pipeline-production_gpt-main\benchmark\latency_benchmark.py", line 35, in benchmark_model
    session.run(None, inputs)
  File "D:\ml-deploy-pipeline-production_gpt-main\ml-deploy-pipeline-production_gpt-main\venv\Lib\site-packages\onnxruntime\capi\onnxruntime_inference_collection.py", line 321, in run
    return self._sess.run(output_names, input_feed, run_options)
           ^^^^^^^^^^^^^^^^^^^^^^^^^^^^^^^^^^^^^^^^^^^^^^^^^^^^^
onnxruntime.capi.onnxruntime_pybind11_state.InvalidArgument: [ONNXRuntimeError] : 2 : INVALID_ARGUMENT : Non-zero status code returned while running Gather node. Name:'/transformer/Gather_7' Status Message: indices element out of data bounds, idx=1 must be within the inclusive range [-1,0]

The above exception was the direct cause of the following exception:

Traceback (most recent call last):
  File "D:\ml-deploy-pipeline-production_gpt-main\ml-deploy-pipeline-production_gpt-main\optimize\smart_optimizer.py", line 132, in optimize
    benchmark_report = self._benchmark_models(
                       ^^^^^^^^^^^^^^^^^^^^^^^
  File "D:\ml-deploy-pipeline-production_gpt-main\ml-deploy-pipeline-production_gpt-main\optimize\smart_optimizer.py", line 269, in _benchmark_models
    return benchmark.benchmark_pair(
           ^^^^^^^^^^^^^^^^^^^^^^^^^
  File "D:\ml-deploy-pipeline-production_gpt-main\ml-deploy-pipeline-production_gpt-main\benchmark\latency_benchmark.py", line 76, in benchmark_pair
    original_stats = self.benchmark_model(original_model)
                     ^^^^^^^^^^^^^^^^^^^^^^^^^^^^^^^^^^^^
  File "D:\ml-deploy-pipeline-production_gpt-main\ml-deploy-pipeline-production_gpt-main\benchmark\latency_benchmark.py", line 73, in benchmark_model
    raise BenchmarkError(f"Failed to benchmark ONNX model '{model_path}'") from exc
benchmark.latency_benchmark.BenchmarkError: Failed to benchmark ONNX model 'converted\model.onnx'
2026-05-13 00:24:48,273 | INFO | Starting adaptive ML deployment optimization pipeline
2026-05-13 00:24:48,276 | INFO | Artifact cleanup started: output
2026-05-13 00:24:48,276 | INFO | Deleting intermediate artifact: output\model_graph_optimized.onnx
2026-05-13 00:24:48,279 | INFO | Preserving optimization stats: output\optimization_stats.json
2026-05-13 00:24:49,388 | INFO | Detected Attention-heavy Transformer architecture
2026-05-13 00:24:49,388 | INFO | Model statistics: params=120509952, initializers=77, nodes=1383, size=459.9116 MB
2026-05-13 00:24:49,388 | WARNING | Huge-model rejection detected: estimated footprint 574.8388 MB
2026-05-13 00:24:49,486 | INFO | Selected graph optimization strategy
2026-05-13 00:24:49,487 | INFO | Decision reason: No specific architecture/hardware rule matched; preserve ONNX graph optimization and reporting.
2026-05-13 00:24:49,488 | INFO | Detected framework: onnx
2026-05-13 00:24:52,993 | INFO | Copied existing ONNX model: model.onnx
2026-05-13 00:24:54,811 | INFO | Detected Attention-heavy Transformer architecture
2026-05-13 00:24:54,811 | INFO | Model statistics: params=120509952, initializers=77, nodes=1383, size=459.9116 MB
2026-05-13 00:24:54,813 | WARNING | Huge-model rejection detected: estimated footprint 574.8388 MB
2026-05-13 00:24:54,909 | INFO | Selected graph optimization strategy
2026-05-13 00:24:54,911 | INFO | Decision reason: No specific architecture/hardware rule matched; preserve ONNX graph optimization and reporting.
2026-05-13 00:24:54,923 | INFO | Optimization recommendation report written: reports\optimization_recommendation.json
2026-05-13 00:24:54,926 | INFO | Optimizing model for target: Raspberry Pi
2026-05-13 00:24:54,926 | INFO | Quantization strategy: graph
2026-05-13 00:24:54,934 | INFO | Final artifact path: output\model_raspberry_pi_graph.onnx
2026-05-13 00:24:54,936 | INFO | Running ONNX graph optimization: converted\model.onnx -> output\model_graph_optimized.onnx
2026-05-13 00:24:55,894 | INFO | Using ONNX Runtime graph optimization level: all
2026-05-13 00:25:20,371 | INFO | Graph optimization completed: 1383 -> 633 nodes
2026-05-13 00:25:20,504 | INFO | Preserving ONNX graph-optimized artifact without precision quantization: output\model_graph_optimized.onnx -> output\model_raspberry_pi_graph.onnx
2026-05-13 00:25:29,739 | INFO | Model size analysis report written: reports\model_size_analysis.json
2026-05-13 00:25:29,739 | INFO | Serialized ONNX metadata overhead for original: 0.2026 MB
2026-05-13 00:25:29,739 | WARNING | Detected duplicated initializers in graph_optimized: 6 groups, 0.0004 MB
2026-05-13 00:25:29,739 | INFO | Serialized ONNX metadata overhead for graph_optimized: 0.1204 MB
2026-05-13 00:25:29,739 | WARNING | Detected duplicated initializers in optimized: 6 groups, 0.0004 MB
2026-05-13 00:25:29,739 | INFO | Serialized ONNX metadata overhead for optimized: 0.1204 MB
2026-05-13 00:25:29,758 | INFO | Benchmarking ONNX model latency: converted\model.onnx
2026-05-13 00:25:31,468 | ERROR | ONNX latency benchmark failed: [ONNXRuntimeError] : 2 : INVALID_ARGUMENT : Non-zero status code returned while running Gather node. Name:'/transformer/Gather_7' Status Message: indices element out of data bounds, idx=1 must be within the inclusive range [-1,0]
Traceback (most recent call last):
  File "D:\ml-deploy-pipeline-production_gpt-main\ml-deploy-pipeline-production_gpt-main\benchmark\latency_benchmark.py", line 35, in benchmark_model
    session.run(None, inputs)
  File "D:\ml-deploy-pipeline-production_gpt-main\ml-deploy-pipeline-production_gpt-main\venv\Lib\site-packages\onnxruntime\capi\onnxruntime_inference_collection.py", line 321, in run
    return self._sess.run(output_names, input_feed, run_options)
           ^^^^^^^^^^^^^^^^^^^^^^^^^^^^^^^^^^^^^^^^^^^^^^^^^^^^^
onnxruntime.capi.onnxruntime_pybind11_state.InvalidArgument: [ONNXRuntimeError] : 2 : INVALID_ARGUMENT : Non-zero status code returned while running Gather node. Name:'/transformer/Gather_7' Status Message: indices element out of data bounds, idx=1 must be within the inclusive range [-1,0]
2026-05-13 00:25:31,625 | WARNING | Benchmark skipped for transformer-style model: Failed to benchmark ONNX model 'converted\model.onnx'
2026-05-13 00:25:31,684 | INFO | Validating ONNX inference accuracy: converted\model.onnx vs output\model_raspberry_pi_graph.onnx
2026-05-13 00:25:35,635 | ERROR | ONNX accuracy validation failed: [ONNXRuntimeError] : 2 : INVALID_ARGUMENT : Non-zero status code returned while running Gather node. Name:'/transformer/Gather_7' Status Message: indices element out of data bounds, idx=1 must be within the inclusive range [-1,0]
Traceback (most recent call last):
  File "D:\ml-deploy-pipeline-production_gpt-main\ml-deploy-pipeline-production_gpt-main\benchmark\accuracy_validator.py", line 39, in validate_pair
    original_outputs = original_session.run(None, inputs)
                       ^^^^^^^^^^^^^^^^^^^^^^^^^^^^^^^^^^
  File "D:\ml-deploy-pipeline-production_gpt-main\ml-deploy-pipeline-production_gpt-main\venv\Lib\site-packages\onnxruntime\capi\onnxruntime_inference_collection.py", line 321, in run
    return self._sess.run(output_names, input_feed, run_options)
           ^^^^^^^^^^^^^^^^^^^^^^^^^^^^^^^^^^^^^^^^^^^^^^^^^^^^^
onnxruntime.capi.onnxruntime_pybind11_state.InvalidArgument: [ONNXRuntimeError] : 2 : INVALID_ARGUMENT : Non-zero status code returned while running Gather node. Name:'/transformer/Gather_7' Status Message: indices element out of data bounds, idx=1 must be within the inclusive range [-1,0]
2026-05-13 00:25:35,664 | ERROR | Optimization pipeline failed: Failed to validate optimized ONNX inference accuracy
Traceback (most recent call last):
  File "D:\ml-deploy-pipeline-production_gpt-main\ml-deploy-pipeline-production_gpt-main\benchmark\accuracy_validator.py", line 39, in validate_pair
    original_outputs = original_session.run(None, inputs)
                       ^^^^^^^^^^^^^^^^^^^^^^^^^^^^^^^^^^
  File "D:\ml-deploy-pipeline-production_gpt-main\ml-deploy-pipeline-production_gpt-main\venv\Lib\site-packages\onnxruntime\capi\onnxruntime_inference_collection.py", line 321, in run
    return self._sess.run(output_names, input_feed, run_options)
           ^^^^^^^^^^^^^^^^^^^^^^^^^^^^^^^^^^^^^^^^^^^^^^^^^^^^^
onnxruntime.capi.onnxruntime_pybind11_state.InvalidArgument: [ONNXRuntimeError] : 2 : INVALID_ARGUMENT : Non-zero status code returned while running Gather node. Name:'/transformer/Gather_7' Status Message: indices element out of data bounds, idx=1 must be within the inclusive range [-1,0]

The above exception was the direct cause of the following exception:

Traceback (most recent call last):
  File "D:\ml-deploy-pipeline-production_gpt-main\ml-deploy-pipeline-production_gpt-main\optimize\smart_optimizer.py", line 161, in optimize
    accuracy_report = self._validate_accuracy(
                      ^^^^^^^^^^^^^^^^^^^^^^^^
  File "D:\ml-deploy-pipeline-production_gpt-main\ml-deploy-pipeline-production_gpt-main\optimize\smart_optimizer.py", line 287, in _validate_accuracy
    return validator.validate_pair(
           ^^^^^^^^^^^^^^^^^^^^^^^^
  File "D:\ml-deploy-pipeline-production_gpt-main\ml-deploy-pipeline-production_gpt-main\benchmark\accuracy_validator.py", line 78, in validate_pair
    raise AccuracyValidationError(
benchmark.accuracy_validator.AccuracyValidationError: Failed to validate optimized ONNX inference accuracy
2026-05-13 00:31:32,915 | INFO | Starting adaptive ML deployment optimization pipeline
2026-05-13 00:31:32,917 | INFO | Artifact cleanup started: output
2026-05-13 00:31:32,917 | INFO | Deleting intermediate artifact: output\model_graph_optimized.onnx
2026-05-13 00:31:32,918 | INFO | Preserving optimization stats: output\optimization_stats.json
2026-05-13 00:31:34,032 | INFO | Detected Attention-heavy Transformer architecture
2026-05-13 00:31:34,035 | INFO | Model statistics: params=120509952, initializers=77, nodes=1383, size=459.9116 MB
2026-05-13 00:31:34,037 | WARNING | Huge-model rejection detected: estimated footprint 574.8388 MB
2026-05-13 00:31:34,130 | INFO | Selected graph optimization strategy
2026-05-13 00:31:34,130 | INFO | Decision reason: No specific architecture/hardware rule matched; preserve ONNX graph optimization and reporting.
2026-05-13 00:31:34,130 | INFO | Detected framework: onnx
2026-05-13 00:31:36,974 | INFO | Copied existing ONNX model: model.onnx
2026-05-13 00:31:38,555 | INFO | Detected Attention-heavy Transformer architecture
2026-05-13 00:31:38,555 | INFO | Model statistics: params=120509952, initializers=77, nodes=1383, size=459.9116 MB
2026-05-13 00:31:38,555 | WARNING | Huge-model rejection detected: estimated footprint 574.8388 MB
2026-05-13 00:31:38,640 | INFO | Selected graph optimization strategy
2026-05-13 00:31:38,640 | INFO | Decision reason: No specific architecture/hardware rule matched; preserve ONNX graph optimization and reporting.
2026-05-13 00:31:38,673 | INFO | Optimization recommendation report written: reports\optimization_recommendation.json
2026-05-13 00:31:38,680 | INFO | Optimizing model for target: Raspberry Pi
2026-05-13 00:31:38,682 | INFO | Quantization strategy: graph
2026-05-13 00:31:38,695 | INFO | Final artifact path: output\model_raspberry_pi_graph.onnx
2026-05-13 00:31:38,698 | INFO | Running ONNX graph optimization: converted\model.onnx -> output\model_graph_optimized.onnx
2026-05-13 00:31:39,979 | INFO | Using ONNX Runtime graph optimization level: all
2026-05-13 00:31:56,208 | INFO | Graph optimization completed: 1383 -> 633 nodes
2026-05-13 00:31:56,365 | INFO | Preserving ONNX graph-optimized artifact without precision quantization: output\model_graph_optimized.onnx -> output\model_raspberry_pi_graph.onnx
2026-05-13 00:32:04,752 | INFO | Model size analysis report written: reports\model_size_analysis.json
2026-05-13 00:32:04,752 | INFO | Serialized ONNX metadata overhead for original: 0.2026 MB
2026-05-13 00:32:04,752 | WARNING | Detected duplicated initializers in graph_optimized: 6 groups, 0.0004 MB
2026-05-13 00:32:04,752 | INFO | Serialized ONNX metadata overhead for graph_optimized: 0.1204 MB
2026-05-13 00:32:04,752 | WARNING | Detected duplicated initializers in optimized: 6 groups, 0.0004 MB
2026-05-13 00:32:04,752 | INFO | Serialized ONNX metadata overhead for optimized: 0.1204 MB
2026-05-13 00:32:04,763 | INFO | Benchmarking ONNX model latency: converted\model.onnx
2026-05-13 00:32:06,453 | ERROR | ONNX latency benchmark failed: [ONNXRuntimeError] : 2 : INVALID_ARGUMENT : Non-zero status code returned while running Gather node. Name:'/transformer/Gather_7' Status Message: indices element out of data bounds, idx=1 must be within the inclusive range [-1,0]
Traceback (most recent call last):
  File "D:\ml-deploy-pipeline-production_gpt-main\ml-deploy-pipeline-production_gpt-main\benchmark\latency_benchmark.py", line 35, in benchmark_model
    session.run(None, inputs)
  File "D:\ml-deploy-pipeline-production_gpt-main\ml-deploy-pipeline-production_gpt-main\venv\Lib\site-packages\onnxruntime\capi\onnxruntime_inference_collection.py", line 321, in run
    return self._sess.run(output_names, input_feed, run_options)
           ^^^^^^^^^^^^^^^^^^^^^^^^^^^^^^^^^^^^^^^^^^^^^^^^^^^^^
onnxruntime.capi.onnxruntime_pybind11_state.InvalidArgument: [ONNXRuntimeError] : 2 : INVALID_ARGUMENT : Non-zero status code returned while running Gather node. Name:'/transformer/Gather_7' Status Message: indices element out of data bounds, idx=1 must be within the inclusive range [-1,0]
2026-05-13 00:32:06,519 | WARNING | Benchmark skipped for transformer-style model: Failed to benchmark ONNX model 'converted\model.onnx'
2026-05-13 00:32:06,597 | INFO | Validating ONNX inference accuracy: converted\model.onnx vs output\model_raspberry_pi_graph.onnx
2026-05-13 00:32:10,054 | ERROR | ONNX accuracy validation failed: [ONNXRuntimeError] : 2 : INVALID_ARGUMENT : Non-zero status code returned while running Gather node. Name:'/transformer/Gather_7' Status Message: indices element out of data bounds, idx=1 must be within the inclusive range [-1,0]
Traceback (most recent call last):
  File "D:\ml-deploy-pipeline-production_gpt-main\ml-deploy-pipeline-production_gpt-main\benchmark\accuracy_validator.py", line 39, in validate_pair
    original_outputs = original_session.run(None, inputs)
                       ^^^^^^^^^^^^^^^^^^^^^^^^^^^^^^^^^^
  File "D:\ml-deploy-pipeline-production_gpt-main\ml-deploy-pipeline-production_gpt-main\venv\Lib\site-packages\onnxruntime\capi\onnxruntime_inference_collection.py", line 321, in run
    return self._sess.run(output_names, input_feed, run_options)
           ^^^^^^^^^^^^^^^^^^^^^^^^^^^^^^^^^^^^^^^^^^^^^^^^^^^^^
onnxruntime.capi.onnxruntime_pybind11_state.InvalidArgument: [ONNXRuntimeError] : 2 : INVALID_ARGUMENT : Non-zero status code returned while running Gather node. Name:'/transformer/Gather_7' Status Message: indices element out of data bounds, idx=1 must be within the inclusive range [-1,0]
2026-05-13 00:32:10,065 | WARNING | Accuracy validation skipped for transformer-style model: Failed to validate optimized ONNX inference accuracy
2026-05-13 00:32:10,196 | INFO | Artifact intermediate cleanup started: output
2026-05-13 00:32:10,198 | INFO | Deleting intermediate artifact: output\model_graph_optimized.onnx
2026-05-13 00:32:10,205 | INFO | Preserving final artifact: output\model_raspberry_pi_graph.onnx
2026-05-13 00:32:10,205 | INFO | Preserving final artifact: output\optimization_stats.json
2026-05-13 00:32:10,205 | INFO | GRAPH optimization completed: 459.91 MB -> 459.83 MB (0.02% compression)
2026-05-13 00:32:10,205 | INFO | Optimization pipeline completed
2026-05-13 00:32:10,205 | INFO | Validation report: {'model': 'output\\model_raspberry_pi_graph.onnx', 'status': 'validated', 'latency_ms': 12.4, 'memory_mb': 48}
2026-05-13 00:32:10,205 | INFO | Generating final execution report: reports\final_execution_report.md
2026-05-13 00:32:10,346 | INFO | Optional report not found: reports\tflite_conversion.json
2026-05-13 00:32:10,371 | INFO | Final execution report written: reports\final_execution_report.md
2026-05-13 00:32:10,371 | INFO | Final execution report: reports\final_execution_report.md
2026-05-13 00:32:10,372 | INFO | Adaptive pipeline completed successfully
2026-05-30 20:34:59,375 | INFO | Starting adaptive ML deployment optimization pipeline
2026-05-30 20:34:59,375 | INFO | Artifact cleanup started: output
2026-05-30 20:34:59,375 | INFO | Deleting intermediate artifact: output\model_raspberry_pi_graph.onnx
2026-05-30 20:34:59,386 | INFO | Preserving optimization stats: output\optimization_stats.json
2026-05-30 20:34:59,412 | INFO | No legacy hardware YAML found for cpu; using decision-engine profile
2026-05-30 20:34:59,425 | INFO | Detected Unknown architecture
2026-05-30 20:34:59,425 | INFO | Model statistics: params=0, initializers=0, nodes=0, size=97.8175 MB
2026-05-30 20:34:59,425 | WARNING | Huge-model rejection detected: estimated footprint 122.2719 MB
2026-05-30 20:34:59,425 | INFO | Selected dynamic INT8 optimization for cpu deployment
2026-05-30 20:34:59,425 | INFO | Decision reason: Generic CPU fallback keeps the existing ONNX Runtime dynamic INT8 workflow.
2026-05-30 20:34:59,425 | INFO | Rejected optimization strategy: fp16
2026-05-30 20:34:59,425 | INFO | Rejected optimization strategy: tensorrt
2026-05-30 20:34:59,425 | INFO | Rejected optimization strategy: tflite_micro
2026-05-30 20:34:59,425 | INFO | Detected framework: pytorch
2026-05-30 20:34:59,425 | INFO | Structured pruning disabled for PyTorch export
2026-05-30 20:34:59,425 | INFO | Exporting PyTorch model to ONNX: input\resnet50.pt -> converted\model.onnx
2026-05-30 20:35:01,029 | INFO | Loaded PyTorch model with standard torch.load
2026-05-30 20:35:01,045 | INFO | Detected PyTorch model parameter dtype: torch.float32
2026-05-30 20:35:01,230 | INFO | Using dummy input shape (1, 3, 224, 224), opset 17, dynamic batch axes: True
2026-05-30 20:35:04,528 | INFO | PyTorch ONNX export completed: converted\model.onnx
2026-05-30 20:35:04,618 | INFO | Detected Conv-heavy CNN architecture
2026-05-30 20:35:04,618 | INFO | Model statistics: params=25530472, initializers=108, nodes=122, size=97.4144 MB
2026-05-30 20:35:04,618 | WARNING | Huge-model rejection detected: estimated footprint 121.7621 MB
2026-05-30 20:35:04,627 | INFO | Selected dynamic INT8 optimization for cpu deployment
2026-05-30 20:35:04,627 | INFO | Decision reason: Generic CPU fallback keeps the existing ONNX Runtime dynamic INT8 workflow.
2026-05-30 20:35:04,627 | INFO | Rejected optimization strategy: fp16
2026-05-30 20:35:04,627 | INFO | Rejected optimization strategy: tensorrt
2026-05-30 20:35:04,627 | INFO | Rejected optimization strategy: tflite_micro
2026-05-30 20:35:04,632 | INFO | Optimization recommendation report written: reports\optimization_recommendation.json
2026-05-30 20:35:04,633 | INFO | Optimizing model for target: Generic CPU
2026-05-30 20:35:04,633 | INFO | Quantization strategy: int8
2026-05-30 20:35:04,635 | INFO | Final artifact path: output\resnet50_cpu_dynamic_int8.onnx
2026-05-30 20:35:04,636 | INFO | Running ONNX graph optimization: converted\model.onnx -> output\model_graph_optimized.onnx
2026-05-30 20:35:04,706 | INFO | Using ONNX Runtime graph optimization level: all
2026-05-30 20:35:06,111 | INFO | Graph optimization completed: 122 -> 89 nodes
2026-05-30 20:35:06,133 | INFO | Running ONNX Runtime dynamic INT8 quantization: output\model_graph_optimized.onnx -> output\resnet50_cpu_dynamic_int8.onnx
2026-05-30 20:35:07,474 | WARNING | Please consider to run pre-processing before quantization. Refer to example: https://github.com/microsoft/onnxruntime-inference-examples/blob/main/quantization/image_classification/cpu/ReadMe.md 
2026-05-30 20:35:08,739 | INFO | Quantization parameters for tensor:"/Flatten_output_0" not specified
2026-05-30 20:35:08,780 | INFO | get_tensor_type returns DefaultTensorType for tensor name 'output_MatMul', use 1
2026-05-30 20:35:10,306 | INFO | Model size analysis report written: reports\model_size_analysis.json
2026-05-30 20:35:10,306 | INFO | Serialized ONNX metadata overhead for original: 0.0234 MB
2026-05-30 20:35:10,306 | INFO | Serialized ONNX metadata overhead for graph_optimized: 0.0226 MB
2026-05-30 20:35:10,306 | INFO | Serialized ONNX metadata overhead for optimized: 0.0235 MB
2026-05-30 20:35:10,308 | INFO | Benchmarking ONNX model latency: converted\model.onnx
2026-05-30 20:35:11,933 | INFO | Benchmark completed for converted\model.onnx: avg 24.7144 ms, throughput 40.46 infer/sec
2026-05-30 20:35:11,943 | INFO | Benchmarking ONNX model latency: output\resnet50_cpu_dynamic_int8.onnx
2026-05-30 20:35:13,370 | INFO | Benchmark completed for output\resnet50_cpu_dynamic_int8.onnx: avg 21.4611 ms, throughput 46.60 infer/sec
2026-05-30 20:35:13,387 | INFO | Benchmark statistics report written: reports\benchmark_statistics.json
2026-05-30 20:35:13,388 | INFO | Validating ONNX inference accuracy: converted\model.onnx vs output\resnet50_cpu_dynamic_int8.onnx
2026-05-30 20:35:13,971 | INFO | Accuracy validation report written: reports\accuracy_validation.json
2026-05-30 20:35:13,971 | INFO | Accuracy validation completed: MAE 0.03941997, MSE 0.00236929, cosine 0.99872945
2026-05-30 20:35:13,999 | INFO | Artifact intermediate cleanup started: output
2026-05-30 20:35:13,999 | INFO | Deleting intermediate artifact: output\model_graph_optimized.onnx
2026-05-30 20:35:14,016 | INFO | Preserving final artifact: output\optimization_stats.json
2026-05-30 20:35:14,016 | INFO | Preserving final artifact: output\resnet50_cpu_dynamic_int8.onnx
2026-05-30 20:35:14,017 | INFO | INT8 optimization completed: 97.41 MB -> 91.56 MB (6.01% compression)
2026-05-30 20:35:14,017 | INFO | Optimization pipeline completed
2026-05-30 20:35:14,018 | INFO | Validation report: {'model': 'output\\resnet50_cpu_dynamic_int8.onnx', 'status': 'validated', 'latency_ms': 12.4, 'memory_mb': 48}
2026-05-30 20:35:14,018 | INFO | Generating final execution report: reports\final_execution_report.md
2026-05-30 20:35:14,103 | INFO | Optional report not found: reports\tflite_conversion.json
2026-05-30 20:35:14,113 | INFO | Final execution report written: reports\final_execution_report.md
2026-05-30 20:35:14,113 | INFO | Final execution report: reports\final_execution_report.md
2026-05-30 20:35:14,113 | INFO | Adaptive pipeline completed successfully
2026-05-30 20:49:52,992 | INFO | Starting adaptive ML deployment optimization pipeline
2026-05-30 20:49:52,992 | INFO | Artifact cleanup started: output
2026-05-30 20:49:52,992 | INFO | Preserving optimization stats: output\optimization_stats.json
2026-05-30 20:49:52,992 | INFO | Deleting intermediate artifact: output\resnet50_cpu_dynamic_int8.onnx
2026-05-30 20:49:53,014 | INFO | No legacy hardware YAML found for cpu; using decision-engine profile
2026-05-30 20:49:53,015 | INFO | Detected Unknown architecture
2026-05-30 20:49:53,015 | INFO | Model statistics: params=0, initializers=0, nodes=0, size=97.8175 MB
2026-05-30 20:49:53,015 | WARNING | Huge-model rejection detected: estimated footprint 122.2719 MB
2026-05-30 20:49:53,015 | INFO | Selected dynamic INT8 optimization for cpu deployment
2026-05-30 20:49:53,015 | INFO | Decision reason: Generic CPU fallback keeps the existing ONNX Runtime dynamic INT8 workflow.
2026-05-30 20:49:53,015 | INFO | Rejected optimization strategy: fp16
2026-05-30 20:49:53,015 | INFO | Rejected optimization strategy: tensorrt
2026-05-30 20:49:53,015 | INFO | Rejected optimization strategy: tflite_micro
2026-05-30 20:49:53,015 | INFO | Detected framework: pytorch
2026-05-30 20:49:53,015 | INFO | Structured pruning disabled for PyTorch export
2026-05-30 20:49:53,015 | INFO | Exporting PyTorch model to ONNX: input\resnet50.pt -> converted\model.onnx
2026-05-30 20:49:55,190 | INFO | Loaded PyTorch model with standard torch.load
2026-05-30 20:49:55,211 | INFO | Detected PyTorch model parameter dtype: torch.float32
2026-05-30 20:49:55,398 | INFO | Using dummy input shape (1, 3, 224, 224), opset 17, dynamic batch axes: True
2026-05-30 20:49:58,327 | INFO | PyTorch ONNX export completed: converted\model.onnx
2026-05-30 20:49:58,415 | INFO | Detected Conv-heavy CNN architecture
2026-05-30 20:49:58,415 | INFO | Model statistics: params=25530472, initializers=108, nodes=122, size=97.4144 MB
2026-05-30 20:49:58,415 | WARNING | Huge-model rejection detected: estimated footprint 121.7621 MB
2026-05-30 20:49:58,431 | INFO | Selected dynamic INT8 optimization for cpu deployment
2026-05-30 20:49:58,431 | INFO | Decision reason: Generic CPU fallback keeps the existing ONNX Runtime dynamic INT8 workflow.
2026-05-30 20:49:58,431 | INFO | Rejected optimization strategy: fp16
2026-05-30 20:49:58,431 | INFO | Rejected optimization strategy: tensorrt
2026-05-30 20:49:58,431 | INFO | Rejected optimization strategy: tflite_micro
2026-05-30 20:49:58,431 | INFO | Optimization recommendation report written: reports\optimization_recommendation.json
2026-05-30 20:49:58,431 | INFO | Optimizing model for target: Generic CPU
2026-05-30 20:49:58,431 | INFO | Quantization strategy: int8
2026-05-30 20:49:58,431 | INFO | Final artifact path: output\resnet50_cpu_dynamic_int8.onnx
2026-05-30 20:49:58,431 | INFO | Running ONNX graph optimization: converted\model.onnx -> output\model_graph_optimized.onnx
2026-05-30 20:49:58,521 | INFO | Using ONNX Runtime graph optimization level: all
2026-05-30 20:50:00,199 | INFO | Graph optimization completed: 122 -> 89 nodes
2026-05-30 20:50:00,222 | INFO | Running ONNX Runtime dynamic INT8 quantization: output\model_graph_optimized.onnx -> output\resnet50_cpu_dynamic_int8.onnx
2026-05-30 20:50:01,729 | WARNING | Please consider to run pre-processing before quantization. Refer to example: https://github.com/microsoft/onnxruntime-inference-examples/blob/main/quantization/image_classification/cpu/ReadMe.md 
2026-05-30 20:50:02,881 | INFO | Quantization parameters for tensor:"/Flatten_output_0" not specified
2026-05-30 20:50:02,935 | INFO | get_tensor_type returns DefaultTensorType for tensor name 'output_MatMul', use 1
2026-05-30 20:50:04,183 | INFO | Model size analysis report written: reports\model_size_analysis.json
2026-05-30 20:50:04,183 | INFO | Serialized ONNX metadata overhead for original: 0.0234 MB
2026-05-30 20:50:04,185 | INFO | Serialized ONNX metadata overhead for graph_optimized: 0.0226 MB
2026-05-30 20:50:04,185 | INFO | Serialized ONNX metadata overhead for optimized: 0.0235 MB
2026-05-30 20:50:04,185 | INFO | Benchmarking ONNX model latency: converted\model.onnx
2026-05-30 20:50:05,645 | INFO | Benchmark completed for converted\model.onnx: avg 21.2083 ms, throughput 47.15 infer/sec
2026-05-30 20:50:05,661 | INFO | Benchmarking ONNX model latency: output\resnet50_cpu_dynamic_int8.onnx
2026-05-30 20:50:07,071 | INFO | Benchmark completed for output\resnet50_cpu_dynamic_int8.onnx: avg 21.1500 ms, throughput 47.28 infer/sec
2026-05-30 20:50:07,090 | INFO | Benchmark statistics report written: reports\benchmark_statistics.json
2026-05-30 20:50:07,090 | INFO | Validating ONNX inference accuracy: converted\model.onnx vs output\resnet50_cpu_dynamic_int8.onnx
2026-05-30 20:50:07,670 | INFO | Accuracy validation report written: reports\accuracy_validation.json
2026-05-30 20:50:07,670 | INFO | Accuracy validation completed: MAE 0.03996259, MSE 0.00243885, cosine 0.99873760
2026-05-30 20:50:07,699 | INFO | Artifact intermediate cleanup started: output
2026-05-30 20:50:07,702 | INFO | Deleting intermediate artifact: output\model_graph_optimized.onnx
2026-05-30 20:50:07,710 | INFO | Preserving final artifact: output\optimization_stats.json
2026-05-30 20:50:07,711 | INFO | Preserving final artifact: output\resnet50_cpu_dynamic_int8.onnx
2026-05-30 20:50:07,711 | INFO | INT8 optimization completed: 97.41 MB -> 91.56 MB (6.01% compression)
2026-05-30 20:50:07,712 | INFO | Optimization pipeline completed
2026-05-30 20:50:07,713 | INFO | Validation report: {'model': 'output\\resnet50_cpu_dynamic_int8.onnx', 'status': 'validated', 'latency_ms': 12.4, 'memory_mb': 48}
2026-05-30 20:50:07,713 | INFO | Generating final execution report: reports\final_execution_report.md
2026-05-30 20:50:07,750 | INFO | Optional report not found: reports\tflite_conversion.json
2026-05-30 20:50:07,762 | INFO | Final execution report written: reports\final_execution_report.md
2026-05-30 20:50:07,762 | INFO | Final execution report: reports\final_execution_report.md
2026-05-30 20:50:07,762 | INFO | Adaptive pipeline completed successfully
2026-05-30 20:50:58,670 | INFO | Starting adaptive ML deployment optimization pipeline
2026-05-30 20:50:58,670 | INFO | Artifact cleanup started: output
2026-05-30 20:50:58,670 | INFO | Preserving optimization stats: output\optimization_stats.json
2026-05-30 20:50:58,670 | INFO | Deleting intermediate artifact: output\resnet50_cpu_dynamic_int8.onnx
2026-05-30 20:50:58,708 | INFO | Detected Unknown architecture
2026-05-30 20:50:58,708 | INFO | Model statistics: params=0, initializers=0, nodes=0, size=97.8175 MB
2026-05-30 20:50:58,708 | WARNING | Huge-model rejection detected: estimated footprint 122.2719 MB
2026-05-30 20:50:58,708 | INFO | Selected graph optimization strategy
2026-05-30 20:50:58,708 | INFO | Decision reason: No specific architecture/hardware rule matched; preserve ONNX graph optimization and reporting.
2026-05-30 20:50:58,708 | INFO | Detected framework: pytorch
2026-05-30 20:50:58,710 | INFO | Structured pruning disabled for PyTorch export
2026-05-30 20:50:58,710 | INFO | Exporting PyTorch model to ONNX: input\resnet50.pt -> converted\model.onnx
2026-05-30 20:51:00,068 | INFO | Loaded PyTorch model with standard torch.load
2026-05-30 20:51:00,085 | INFO | Detected PyTorch model parameter dtype: torch.float32
2026-05-30 20:51:00,206 | INFO | Using dummy input shape (1, 3, 224, 224), opset 17, dynamic batch axes: True
2026-05-30 20:51:02,127 | INFO | PyTorch ONNX export completed: converted\model.onnx
2026-05-30 20:51:02,204 | INFO | Detected Conv-heavy CNN architecture
2026-05-30 20:51:02,204 | INFO | Model statistics: params=25530472, initializers=108, nodes=122, size=97.4144 MB
2026-05-30 20:51:02,204 | WARNING | Huge-model rejection detected: estimated footprint 121.7621 MB
2026-05-30 20:51:02,204 | INFO | Selected static INT8 quantization for raspberry_pi deployment
2026-05-30 20:51:02,204 | INFO | Decision reason: Conv-heavy CPU deployment benefits from calibrated static INT8; dynamic INT8 mostly targets MatMul/Gemm weights.
2026-05-30 20:51:02,204 | INFO | Decision reason: Dynamic quantization unsuitable for Conv-heavy graph because it primarily optimizes MatMul/Gemm weights.
2026-05-30 20:51:02,220 | INFO | Decision reason: TFLite-family export is preferred for this hardware target.
2026-05-30 20:51:02,220 | INFO | Rejected optimization strategy: dynamic_int8
2026-05-30 20:51:02,220 | INFO | Rejected optimization strategy: fp16
2026-05-30 20:51:02,220 | INFO | Rejected optimization strategy: tensorrt
2026-05-30 20:51:02,223 | INFO | Optimization recommendation report written: reports\optimization_recommendation.json
2026-05-30 20:51:02,224 | INFO | Optimizing model for target: Raspberry Pi
2026-05-30 20:51:02,224 | INFO | Quantization strategy: static_int8
2026-05-30 20:51:02,225 | INFO | Final artifact path: output\resnet50_raspberry_pi_static_int8.onnx
2026-05-30 20:51:02,226 | INFO | Graph optimization disabled by hardware profile
2026-05-30 20:51:02,228 | INFO | Running ONNX Runtime static INT8 quantization: converted\model.onnx -> output\resnet50_raspberry_pi_static_int8.onnx
2026-05-30 20:51:02,293 | INFO | Detected FP32 graph before static quantization
2026-05-30 20:51:03,004 | INFO | Starting static INT8 quantization
2026-05-30 20:51:04,498 | WARNING | Please consider to run pre-processing before quantization. Refer to example: https://github.com/microsoft/onnxruntime-inference-examples/blob/main/quantization/image_classification/cpu/ReadMe.md 
2026-05-30 20:51:12,758 | INFO | Increased scale[181] for weight `onnx::Conv_506` by ratio 1.04207915390222 to ensure bias input `onnx::Conv_507` has a valid scale.
2026-05-30 20:51:12,758 | INFO | Increased scale[222] for weight `onnx::Conv_506` by ratio 1.0027700871220762 to ensure bias input `onnx::Conv_507` has a valid scale.
2026-05-30 20:51:12,758 | INFO | Increased scale[232] for weight `onnx::Conv_506` by ratio 3.0832887244124048 to ensure bias input `onnx::Conv_507` has a valid scale.
2026-05-30 20:51:12,758 | INFO | Increased scale[181] for weight `onnx::Conv_509` by ratio 1.5053166778131757 to ensure bias input `onnx::Conv_510` has a valid scale.
2026-05-30 20:51:12,758 | INFO | Increased scale[222] for weight `onnx::Conv_509` by ratio 2.1353279385532247 to ensure bias input `onnx::Conv_510` has a valid scale.
2026-05-30 20:51:12,758 | INFO | Increased scale[232] for weight `onnx::Conv_509` by ratio 5.494554706743643 to ensure bias input `onnx::Conv_510` has a valid scale.
2026-05-30 20:51:12,758 | INFO | Increased scale[2] for weight `onnx::Conv_512` by ratio 71.61578072070482 to ensure bias input `onnx::Conv_513` has a valid scale.
2026-05-30 20:51:13,661 | WARNING | Please consider pre-processing before quantization. See https://github.com/microsoft/onnxruntime-inference-examples/blob/main/quantization/image_classification/cpu/ReadMe.md 
2026-05-30 20:51:13,956 | INFO | Static INT8 quantization report written: reports\static_int8_quantization.json
2026-05-30 20:51:13,956 | INFO | Static INT8 quantization completed: quantized_ops=316, conv_quantized=53
2026-05-30 20:51:14,182 | INFO | Model size analysis report written: reports\model_size_analysis.json
2026-05-30 20:51:14,182 | INFO | Serialized ONNX metadata overhead for original: 0.0234 MB
2026-05-30 20:51:14,182 | WARNING | Detected duplicated initializers in optimized: 22 groups, 0.1075 MB
2026-05-30 20:51:14,182 | INFO | Serialized ONNX metadata overhead for optimized: 0.1283 MB
2026-05-30 20:51:14,182 | INFO | Benchmarking ONNX model latency: converted\model.onnx
2026-05-30 20:51:15,764 | INFO | Benchmark completed for converted\model.onnx: avg 23.6488 ms, throughput 42.29 infer/sec
2026-05-30 20:51:15,768 | INFO | Benchmarking ONNX model latency: output\resnet50_raspberry_pi_static_int8.onnx
2026-05-30 20:51:16,989 | INFO | Benchmark completed for output\resnet50_raspberry_pi_static_int8.onnx: avg 19.8742 ms, throughput 50.32 infer/sec
2026-05-30 20:51:17,004 | INFO | Benchmark statistics report written: reports\benchmark_statistics.json
2026-05-30 20:51:17,004 | INFO | Validating ONNX inference accuracy: converted\model.onnx vs output\resnet50_raspberry_pi_static_int8.onnx
2026-05-30 20:51:17,438 | INFO | Accuracy validation report written: reports\accuracy_validation.json
2026-05-30 20:51:17,438 | INFO | Accuracy validation completed: MAE 0.08301401, MSE 0.01348728, cosine 0.99331649
2026-05-30 20:51:17,469 | INFO | Artifact intermediate cleanup started: output
2026-05-30 20:51:17,469 | INFO | Preserving final artifact: output\optimization_stats.json
2026-05-30 20:51:17,469 | INFO | Preserving final artifact: output\resnet50_raspberry_pi_static_int8.onnx
2026-05-30 20:51:17,469 | INFO | STATIC_INT8 optimization completed: 97.41 MB -> 24.90 MB (74.44% compression)
2026-05-30 20:51:17,469 | INFO | Optimization pipeline completed
2026-05-30 20:51:17,469 | INFO | Validation report: {'model': 'output\\resnet50_raspberry_pi_static_int8.onnx', 'status': 'validated', 'latency_ms': 12.4, 'memory_mb': 48}
2026-05-30 20:51:17,469 | INFO | Generating final execution report: reports\final_execution_report.md
2026-05-30 20:51:17,503 | INFO | Optional report not found: reports\tflite_conversion.json
2026-05-30 20:51:17,526 | INFO | Final execution report written: reports\final_execution_report.md
2026-05-30 20:51:17,526 | INFO | Final execution report: reports\final_execution_report.md
2026-05-30 20:51:17,526 | INFO | Adaptive pipeline completed successfully
2026-05-30 20:51:51,022 | INFO | Starting adaptive ML deployment optimization pipeline
2026-05-30 20:51:51,022 | INFO | Artifact cleanup started: output
2026-05-30 20:51:51,022 | INFO | Preserving optimization stats: output\optimization_stats.json
2026-05-30 20:51:51,022 | INFO | Deleting intermediate artifact: output\resnet50_raspberry_pi_static_int8.onnx
2026-05-30 20:51:51,047 | INFO | Detected Unknown architecture
2026-05-30 20:51:51,047 | INFO | Model statistics: params=0, initializers=0, nodes=0, size=97.8175 MB
2026-05-30 20:51:51,047 | WARNING | Huge-model rejection detected: estimated footprint 122.2719 MB
2026-05-30 20:51:51,047 | INFO | Selected graph optimization strategy
2026-05-30 20:51:51,047 | INFO | Decision reason: No specific architecture/hardware rule matched; preserve ONNX graph optimization and reporting.
2026-05-30 20:51:51,047 | INFO | Detected framework: pytorch
2026-05-30 20:51:51,047 | INFO | Structured pruning disabled for PyTorch export
2026-05-30 20:51:51,047 | INFO | Exporting PyTorch model to ONNX: input\resnet50.pt -> converted\model.onnx
2026-05-30 20:51:52,370 | INFO | Loaded PyTorch model with standard torch.load
2026-05-30 20:51:52,388 | INFO | Detected PyTorch model parameter dtype: torch.float32
2026-05-30 20:51:52,494 | INFO | Using dummy input shape (1, 3, 224, 224), opset 17, dynamic batch axes: True
2026-05-30 20:51:54,466 | INFO | PyTorch ONNX export completed: converted\model.onnx
2026-05-30 20:51:54,543 | INFO | Detected Conv-heavy CNN architecture
2026-05-30 20:51:54,543 | INFO | Model statistics: params=25530472, initializers=108, nodes=122, size=97.4144 MB
2026-05-30 20:51:54,543 | WARNING | Huge-model rejection detected: estimated footprint 121.7621 MB
2026-05-30 20:51:54,543 | INFO | Selected static INT8 quantization for raspberry_pi deployment
2026-05-30 20:51:54,543 | INFO | Decision reason: Conv-heavy CPU deployment benefits from calibrated static INT8; dynamic INT8 mostly targets MatMul/Gemm weights.
2026-05-30 20:51:54,553 | INFO | Decision reason: Dynamic quantization unsuitable for Conv-heavy graph because it primarily optimizes MatMul/Gemm weights.
2026-05-30 20:51:54,553 | INFO | Decision reason: TFLite-family export is preferred for this hardware target.
2026-05-30 20:51:54,554 | INFO | Rejected optimization strategy: dynamic_int8
2026-05-30 20:51:54,554 | INFO | Rejected optimization strategy: fp16
2026-05-30 20:51:54,555 | INFO | Rejected optimization strategy: tensorrt
2026-05-30 20:51:54,558 | INFO | Optimization recommendation report written: reports\optimization_recommendation.json
2026-05-30 20:51:54,560 | INFO | Optimizing model for target: Raspberry Pi
2026-05-30 20:51:54,560 | INFO | Quantization strategy: static_int8
2026-05-30 20:51:54,562 | INFO | Final artifact path: output\resnet50_raspberry_pi_static_int8.onnx
2026-05-30 20:51:54,562 | INFO | Graph optimization disabled by hardware profile
2026-05-30 20:51:54,566 | INFO | Running ONNX Runtime static INT8 quantization: converted\model.onnx -> output\resnet50_raspberry_pi_static_int8.onnx
2026-05-30 20:51:54,623 | INFO | Detected FP32 graph before static quantization
2026-05-30 20:51:55,214 | INFO | Starting static INT8 quantization
2026-05-30 20:51:56,795 | WARNING | Please consider to run pre-processing before quantization. Refer to example: https://github.com/microsoft/onnxruntime-inference-examples/blob/main/quantization/image_classification/cpu/ReadMe.md 
2026-05-30 20:52:03,929 | INFO | Increased scale[181] for weight `onnx::Conv_506` by ratio 1.04207915390222 to ensure bias input `onnx::Conv_507` has a valid scale.
2026-05-30 20:52:03,929 | INFO | Increased scale[222] for weight `onnx::Conv_506` by ratio 1.0027700871220762 to ensure bias input `onnx::Conv_507` has a valid scale.
2026-05-30 20:52:03,929 | INFO | Increased scale[232] for weight `onnx::Conv_506` by ratio 3.0832887244124048 to ensure bias input `onnx::Conv_507` has a valid scale.
2026-05-30 20:52:03,929 | INFO | Increased scale[181] for weight `onnx::Conv_509` by ratio 1.5053166778131757 to ensure bias input `onnx::Conv_510` has a valid scale.
2026-05-30 20:52:03,929 | INFO | Increased scale[222] for weight `onnx::Conv_509` by ratio 2.1353279385532247 to ensure bias input `onnx::Conv_510` has a valid scale.
2026-05-30 20:52:03,929 | INFO | Increased scale[232] for weight `onnx::Conv_509` by ratio 5.494554706743643 to ensure bias input `onnx::Conv_510` has a valid scale.
2026-05-30 20:52:03,929 | INFO | Increased scale[2] for weight `onnx::Conv_512` by ratio 71.61578072070482 to ensure bias input `onnx::Conv_513` has a valid scale.
2026-05-30 20:52:04,842 | WARNING | Please consider pre-processing before quantization. See https://github.com/microsoft/onnxruntime-inference-examples/blob/main/quantization/image_classification/cpu/ReadMe.md 
2026-05-30 20:52:05,128 | INFO | Static INT8 quantization report written: reports\static_int8_quantization.json
2026-05-30 20:52:05,128 | INFO | Static INT8 quantization completed: quantized_ops=316, conv_quantized=53
2026-05-30 20:52:05,360 | INFO | Model size analysis report written: reports\model_size_analysis.json
2026-05-30 20:52:05,360 | INFO | Serialized ONNX metadata overhead for original: 0.0234 MB
2026-05-30 20:52:05,360 | WARNING | Detected duplicated initializers in optimized: 22 groups, 0.1075 MB
2026-05-30 20:52:05,360 | INFO | Serialized ONNX metadata overhead for optimized: 0.1283 MB
2026-05-30 20:52:05,360 | INFO | Benchmarking ONNX model latency: converted\model.onnx
2026-05-30 20:52:06,806 | INFO | Benchmark completed for converted\model.onnx: avg 21.0103 ms, throughput 47.60 infer/sec
2026-05-30 20:52:06,812 | INFO | Benchmarking ONNX model latency: output\resnet50_raspberry_pi_static_int8.onnx
2026-05-30 20:52:08,048 | INFO | Benchmark completed for output\resnet50_raspberry_pi_static_int8.onnx: avg 20.7866 ms, throughput 48.11 infer/sec
2026-05-30 20:52:08,064 | INFO | Benchmark statistics report written: reports\benchmark_statistics.json
2026-05-30 20:52:08,064 | INFO | Validating ONNX inference accuracy: converted\model.onnx vs output\resnet50_raspberry_pi_static_int8.onnx
2026-05-30 20:52:08,509 | INFO | Accuracy validation report written: reports\accuracy_validation.json
2026-05-30 20:52:08,511 | INFO | Accuracy validation completed: MAE 0.07036904, MSE 0.00948014, cosine 0.99498297
2026-05-30 20:52:08,542 | INFO | Artifact intermediate cleanup started: output
2026-05-30 20:52:08,543 | INFO | Preserving final artifact: output\optimization_stats.json
2026-05-30 20:52:08,544 | INFO | Preserving final artifact: output\resnet50_raspberry_pi_static_int8.onnx
2026-05-30 20:52:08,544 | INFO | STATIC_INT8 optimization completed: 97.41 MB -> 24.90 MB (74.44% compression)
2026-05-30 20:52:08,544 | INFO | Optimization pipeline completed
2026-05-30 20:52:08,545 | INFO | Validation report: {'model': 'output\\resnet50_raspberry_pi_static_int8.onnx', 'status': 'validated', 'latency_ms': 12.4, 'memory_mb': 48}
2026-05-30 20:52:08,546 | INFO | Generating final execution report: reports\final_execution_report.md
2026-05-30 20:52:08,577 | INFO | Optional report not found: reports\tflite_conversion.json
2026-05-30 20:52:08,588 | INFO | Final execution report written: reports\final_execution_report.md
2026-05-30 20:52:08,589 | INFO | Final execution report: reports\final_execution_report.md
2026-05-30 20:52:08,589 | INFO | Adaptive pipeline completed successfully
2026-05-30 20:53:20,243 | INFO | Starting adaptive ML deployment optimization pipeline
2026-05-30 20:53:20,243 | INFO | Artifact cleanup started: output
2026-05-30 20:53:20,243 | INFO | Preserving optimization stats: output\optimization_stats.json
2026-05-30 20:53:20,243 | INFO | Deleting intermediate artifact: output\resnet50_raspberry_pi_static_int8.onnx
2026-05-30 20:53:20,268 | INFO | Detected Unknown architecture
2026-05-30 20:53:20,268 | INFO | Model statistics: params=0, initializers=0, nodes=0, size=97.8175 MB
2026-05-30 20:53:20,268 | WARNING | Huge-model rejection detected: estimated footprint 122.2719 MB
2026-05-30 20:53:20,268 | INFO | Selected graph optimization strategy
2026-05-30 20:53:20,270 | INFO | Decision reason: No specific architecture/hardware rule matched; preserve ONNX graph optimization and reporting.
2026-05-30 20:53:20,270 | INFO | Detected framework: pytorch
2026-05-30 20:53:20,270 | INFO | Structured pruning disabled for PyTorch export
2026-05-30 20:53:20,270 | INFO | Exporting PyTorch model to ONNX: input\resnet50.pt -> converted\model.onnx
2026-05-30 20:53:21,571 | INFO | Loaded PyTorch model with standard torch.load
2026-05-30 20:53:21,571 | INFO | Detected PyTorch model parameter dtype: torch.float32
2026-05-30 20:53:21,687 | INFO | Using dummy input shape (1, 3, 224, 224), opset 17, dynamic batch axes: True
2026-05-30 20:53:23,362 | INFO | PyTorch ONNX export completed: converted\model.onnx
2026-05-30 20:53:23,460 | INFO | Detected Conv-heavy CNN architecture
2026-05-30 20:53:23,460 | INFO | Model statistics: params=25530472, initializers=108, nodes=122, size=97.4144 MB
2026-05-30 20:53:23,462 | WARNING | Huge-model rejection detected: estimated footprint 121.7621 MB
2026-05-30 20:53:23,473 | INFO | Selected static INT8 quantization for raspberry_pi deployment
2026-05-30 20:53:23,474 | INFO | Decision reason: Conv-heavy CPU deployment benefits from calibrated static INT8; dynamic INT8 mostly targets MatMul/Gemm weights.
2026-05-30 20:53:23,475 | INFO | Decision reason: Dynamic quantization unsuitable for Conv-heavy graph because it primarily optimizes MatMul/Gemm weights.
2026-05-30 20:53:23,475 | INFO | Decision reason: TFLite-family export is preferred for this hardware target.
2026-05-30 20:53:23,475 | INFO | Rejected optimization strategy: dynamic_int8
2026-05-30 20:53:23,476 | INFO | Rejected optimization strategy: fp16
2026-05-30 20:53:23,477 | INFO | Rejected optimization strategy: tensorrt
2026-05-30 20:53:23,478 | INFO | Optimization recommendation report written: reports\optimization_recommendation.json
2026-05-30 20:53:23,478 | INFO | Optimizing model for target: Raspberry Pi
2026-05-30 20:53:23,479 | INFO | Quantization strategy: static_int8
2026-05-30 20:53:23,480 | INFO | Final artifact path: output\resnet50_raspberry_pi_static_int8.onnx
2026-05-30 20:53:23,480 | INFO | Graph optimization disabled by hardware profile
2026-05-30 20:53:23,484 | INFO | Running ONNX Runtime static INT8 quantization: converted\model.onnx -> output\resnet50_raspberry_pi_static_int8.onnx
2026-05-30 20:53:23,570 | INFO | Detected FP32 graph before static quantization
2026-05-30 20:53:24,255 | INFO | Starting static INT8 quantization
2026-05-30 20:53:25,657 | WARNING | Please consider to run pre-processing before quantization. Refer to example: https://github.com/microsoft/onnxruntime-inference-examples/blob/main/quantization/image_classification/cpu/ReadMe.md 
2026-05-30 20:53:32,851 | INFO | Increased scale[181] for weight `onnx::Conv_506` by ratio 1.04207915390222 to ensure bias input `onnx::Conv_507` has a valid scale.
2026-05-30 20:53:32,851 | INFO | Increased scale[222] for weight `onnx::Conv_506` by ratio 1.0027700871220762 to ensure bias input `onnx::Conv_507` has a valid scale.
2026-05-30 20:53:32,851 | INFO | Increased scale[232] for weight `onnx::Conv_506` by ratio 3.0832887244124048 to ensure bias input `onnx::Conv_507` has a valid scale.
2026-05-30 20:53:32,851 | INFO | Increased scale[181] for weight `onnx::Conv_509` by ratio 1.5053166778131757 to ensure bias input `onnx::Conv_510` has a valid scale.
2026-05-30 20:53:32,851 | INFO | Increased scale[222] for weight `onnx::Conv_509` by ratio 2.1353279385532247 to ensure bias input `onnx::Conv_510` has a valid scale.
2026-05-30 20:53:32,851 | INFO | Increased scale[232] for weight `onnx::Conv_509` by ratio 5.494554706743643 to ensure bias input `onnx::Conv_510` has a valid scale.
2026-05-30 20:53:32,851 | INFO | Increased scale[2] for weight `onnx::Conv_512` by ratio 71.61578072070482 to ensure bias input `onnx::Conv_513` has a valid scale.
2026-05-30 20:53:33,770 | WARNING | Please consider pre-processing before quantization. See https://github.com/microsoft/onnxruntime-inference-examples/blob/main/quantization/image_classification/cpu/ReadMe.md 
2026-05-30 20:53:34,049 | INFO | Static INT8 quantization report written: reports\static_int8_quantization.json
2026-05-30 20:53:34,049 | INFO | Static INT8 quantization completed: quantized_ops=316, conv_quantized=53
2026-05-30 20:53:34,292 | INFO | Model size analysis report written: reports\model_size_analysis.json
2026-05-30 20:53:34,292 | INFO | Serialized ONNX metadata overhead for original: 0.0234 MB
2026-05-30 20:53:34,292 | WARNING | Detected duplicated initializers in optimized: 22 groups, 0.1075 MB
2026-05-30 20:53:34,292 | INFO | Serialized ONNX metadata overhead for optimized: 0.1283 MB
2026-05-30 20:53:34,292 | INFO | Benchmarking ONNX model latency: converted\model.onnx
2026-05-30 20:53:35,813 | INFO | Benchmark completed for converted\model.onnx: avg 22.8507 ms, throughput 43.76 infer/sec
2026-05-30 20:53:35,838 | INFO | Benchmarking ONNX model latency: output\resnet50_raspberry_pi_static_int8.onnx
2026-05-30 20:53:37,142 | INFO | Benchmark completed for output\resnet50_raspberry_pi_static_int8.onnx: avg 21.8092 ms, throughput 45.85 infer/sec
2026-05-30 20:53:37,149 | INFO | Benchmark statistics report written: reports\benchmark_statistics.json
2026-05-30 20:53:37,150 | INFO | Validating ONNX inference accuracy: converted\model.onnx vs output\resnet50_raspberry_pi_static_int8.onnx
2026-05-30 20:53:37,582 | INFO | Accuracy validation report written: reports\accuracy_validation.json
2026-05-30 20:53:37,582 | INFO | Accuracy validation completed: MAE 0.08020961, MSE 0.01238955, cosine 0.99389206
2026-05-30 20:53:37,620 | INFO | Artifact intermediate cleanup started: output
2026-05-30 20:53:37,620 | INFO | Preserving final artifact: output\optimization_stats.json
2026-05-30 20:53:37,620 | INFO | Preserving final artifact: output\resnet50_raspberry_pi_static_int8.onnx
2026-05-30 20:53:37,620 | INFO | STATIC_INT8 optimization completed: 97.41 MB -> 24.90 MB (74.44% compression)
2026-05-30 20:53:37,620 | INFO | Optimization pipeline completed
2026-05-30 20:53:37,626 | INFO | Validation report: {'model': 'output\\resnet50_raspberry_pi_static_int8.onnx', 'status': 'validated', 'latency_ms': 12.4, 'memory_mb': 48}
2026-05-30 20:53:37,626 | INFO | Generating final execution report: reports\final_execution_report.md
2026-05-30 20:53:37,658 | INFO | Optional report not found: reports\tflite_conversion.json
2026-05-30 20:53:37,667 | INFO | Final execution report written: reports\final_execution_report.md
2026-05-30 20:53:37,668 | INFO | Final execution report: reports\final_execution_report.md
2026-05-30 20:53:37,668 | INFO | Adaptive pipeline completed successfully
2026-05-30 20:54:37,182 | INFO | Starting adaptive ML deployment optimization pipeline
2026-05-30 20:54:37,182 | INFO | Artifact cleanup started: output
2026-05-30 20:54:37,182 | INFO | Preserving optimization stats: output\optimization_stats.json
2026-05-30 20:54:37,182 | INFO | Deleting intermediate artifact: output\resnet50_raspberry_pi_static_int8.onnx
2026-05-30 20:54:37,204 | INFO | Detected Unknown architecture
2026-05-30 20:54:37,204 | INFO | Model statistics: params=0, initializers=0, nodes=0, size=97.8175 MB
2026-05-30 20:54:37,204 | WARNING | Huge-model rejection detected: estimated footprint 122.2719 MB
2026-05-30 20:54:37,205 | INFO | Selected graph optimization strategy
2026-05-30 20:54:37,205 | INFO | Decision reason: No specific architecture/hardware rule matched; preserve ONNX graph optimization and reporting.
2026-05-30 20:54:37,205 | INFO | Detected framework: pytorch
2026-05-30 20:54:37,205 | INFO | Structured pruning disabled for PyTorch export
2026-05-30 20:54:37,205 | INFO | Exporting PyTorch model to ONNX: input\resnet50.pt -> converted\model.onnx
2026-05-30 20:54:38,536 | INFO | Loaded PyTorch model with standard torch.load
2026-05-30 20:54:38,544 | INFO | Detected PyTorch model parameter dtype: torch.float32
2026-05-30 20:54:38,661 | INFO | Using dummy input shape (1, 3, 224, 224), opset 17, dynamic batch axes: True
2026-05-30 20:54:40,514 | INFO | PyTorch ONNX export completed: converted\model.onnx
2026-05-30 20:54:40,608 | INFO | Detected Conv-heavy CNN architecture
2026-05-30 20:54:40,608 | INFO | Model statistics: params=25530472, initializers=108, nodes=122, size=97.4144 MB
2026-05-30 20:54:40,608 | WARNING | Huge-model rejection detected: estimated footprint 121.7621 MB
2026-05-30 20:54:40,613 | INFO | Selected static INT8 quantization for raspberry_pi deployment
2026-05-30 20:54:40,613 | INFO | Decision reason: Conv-heavy CPU deployment benefits from calibrated static INT8; dynamic INT8 mostly targets MatMul/Gemm weights.
2026-05-30 20:54:40,613 | INFO | Decision reason: Dynamic quantization unsuitable for Conv-heavy graph because it primarily optimizes MatMul/Gemm weights.
2026-05-30 20:54:40,613 | INFO | Decision reason: TFLite-family export is preferred for this hardware target.
2026-05-30 20:54:40,613 | INFO | Rejected optimization strategy: dynamic_int8
2026-05-30 20:54:40,613 | INFO | Rejected optimization strategy: fp16
2026-05-30 20:54:40,613 | INFO | Rejected optimization strategy: tensorrt
2026-05-30 20:54:40,623 | INFO | Optimization recommendation report written: reports\optimization_recommendation.json
2026-05-30 20:54:40,623 | INFO | Optimizing model for target: Raspberry Pi
2026-05-30 20:54:40,623 | INFO | Quantization strategy: static_int8
2026-05-30 20:54:40,623 | INFO | Final artifact path: output\resnet50_raspberry_pi_static_int8.onnx
2026-05-30 20:54:40,623 | INFO | Graph optimization disabled by hardware profile
2026-05-30 20:54:40,627 | INFO | Running ONNX Runtime static INT8 quantization: converted\model.onnx -> output\resnet50_raspberry_pi_static_int8.onnx
2026-05-30 20:54:40,704 | INFO | Detected FP32 graph before static quantization
2026-05-30 20:54:41,383 | INFO | Starting static INT8 quantization
2026-05-30 20:54:42,702 | WARNING | Please consider to run pre-processing before quantization. Refer to example: https://github.com/microsoft/onnxruntime-inference-examples/blob/main/quantization/image_classification/cpu/ReadMe.md 
2026-05-30 20:54:49,902 | INFO | Increased scale[181] for weight `onnx::Conv_506` by ratio 1.04207915390222 to ensure bias input `onnx::Conv_507` has a valid scale.
2026-05-30 20:54:49,902 | INFO | Increased scale[222] for weight `onnx::Conv_506` by ratio 1.0027700871220762 to ensure bias input `onnx::Conv_507` has a valid scale.
2026-05-30 20:54:49,902 | INFO | Increased scale[232] for weight `onnx::Conv_506` by ratio 3.0832887244124048 to ensure bias input `onnx::Conv_507` has a valid scale.
2026-05-30 20:54:49,918 | INFO | Increased scale[181] for weight `onnx::Conv_509` by ratio 1.5053166778131757 to ensure bias input `onnx::Conv_510` has a valid scale.
2026-05-30 20:54:49,918 | INFO | Increased scale[222] for weight `onnx::Conv_509` by ratio 2.1353279385532247 to ensure bias input `onnx::Conv_510` has a valid scale.
2026-05-30 20:54:49,918 | INFO | Increased scale[232] for weight `onnx::Conv_509` by ratio 5.494554706743643 to ensure bias input `onnx::Conv_510` has a valid scale.
2026-05-30 20:54:49,918 | INFO | Increased scale[2] for weight `onnx::Conv_512` by ratio 71.61578072070482 to ensure bias input `onnx::Conv_513` has a valid scale.
2026-05-30 20:54:50,811 | WARNING | Please consider pre-processing before quantization. See https://github.com/microsoft/onnxruntime-inference-examples/blob/main/quantization/image_classification/cpu/ReadMe.md 
2026-05-30 20:54:51,091 | INFO | Static INT8 quantization report written: reports\static_int8_quantization.json
2026-05-30 20:54:51,091 | INFO | Static INT8 quantization completed: quantized_ops=316, conv_quantized=53
2026-05-30 20:54:51,333 | INFO | Model size analysis report written: reports\model_size_analysis.json
2026-05-30 20:54:51,333 | INFO | Serialized ONNX metadata overhead for original: 0.0234 MB
2026-05-30 20:54:51,333 | WARNING | Detected duplicated initializers in optimized: 22 groups, 0.1075 MB
2026-05-30 20:54:51,333 | INFO | Serialized ONNX metadata overhead for optimized: 0.1283 MB
2026-05-30 20:54:51,333 | INFO | Benchmarking ONNX model latency: converted\model.onnx
2026-05-30 20:54:52,787 | INFO | Benchmark completed for converted\model.onnx: avg 21.2272 ms, throughput 47.11 infer/sec
2026-05-30 20:54:52,799 | INFO | Benchmarking ONNX model latency: output\resnet50_raspberry_pi_static_int8.onnx
2026-05-30 20:54:54,014 | INFO | Benchmark completed for output\resnet50_raspberry_pi_static_int8.onnx: avg 20.1545 ms, throughput 49.62 infer/sec
2026-05-30 20:54:54,026 | INFO | Benchmark statistics report written: reports\benchmark_statistics.json
2026-05-30 20:54:54,026 | INFO | Validating ONNX inference accuracy: converted\model.onnx vs output\resnet50_raspberry_pi_static_int8.onnx
2026-05-30 20:54:54,518 | INFO | Accuracy validation report written: reports\accuracy_validation.json
2026-05-30 20:54:54,518 | INFO | Accuracy validation completed: MAE 0.09189926, MSE 0.01452830, cosine 0.99250722
2026-05-30 20:54:54,547 | INFO | Artifact intermediate cleanup started: output
2026-05-30 20:54:54,547 | INFO | Preserving final artifact: output\optimization_stats.json
2026-05-30 20:54:54,547 | INFO | Preserving final artifact: output\resnet50_raspberry_pi_static_int8.onnx
2026-05-30 20:54:54,547 | INFO | STATIC_INT8 optimization completed: 97.41 MB -> 24.90 MB (74.44% compression)
2026-05-30 20:54:54,547 | INFO | Optimization pipeline completed
2026-05-30 20:54:54,547 | INFO | Validation report: {'model': 'output\\resnet50_raspberry_pi_static_int8.onnx', 'status': 'validated', 'latency_ms': 12.4, 'memory_mb': 48}
2026-05-30 20:54:54,547 | INFO | Generating final execution report: reports\final_execution_report.md
2026-05-30 20:54:54,583 | INFO | Optional report not found: reports\tflite_conversion.json
2026-05-30 20:54:54,594 | INFO | Final execution report written: reports\final_execution_report.md
2026-05-30 20:54:54,594 | INFO | Final execution report: reports\final_execution_report.md
2026-05-30 20:54:54,595 | INFO | Adaptive pipeline completed successfully
2026-05-30 20:56:34,775 | INFO | Starting adaptive ML deployment optimization pipeline
2026-05-30 20:56:34,775 | INFO | Artifact cleanup started: output
2026-05-30 20:56:34,775 | INFO | Preserving optimization stats: output\optimization_stats.json
2026-05-30 20:56:34,775 | INFO | Deleting intermediate artifact: output\resnet50_raspberry_pi_dynamic_int8.onnx
2026-05-30 20:56:34,798 | INFO | Detected Unknown architecture
2026-05-30 20:56:34,798 | INFO | Model statistics: params=0, initializers=0, nodes=0, size=97.8175 MB
2026-05-30 20:56:34,798 | WARNING | Huge-model rejection detected: estimated footprint 122.2719 MB
2026-05-30 20:56:34,798 | INFO | Selected graph optimization strategy
2026-05-30 20:56:34,798 | INFO | Decision reason: No specific architecture/hardware rule matched; preserve ONNX graph optimization and reporting.
2026-05-30 20:56:34,798 | INFO | Detected framework: pytorch
2026-05-30 20:56:34,798 | INFO | Structured pruning disabled for PyTorch export
2026-05-30 20:56:34,798 | INFO | Exporting PyTorch model to ONNX: input\resnet50.pt -> converted\model.onnx
2026-05-30 20:56:36,109 | INFO | Loaded PyTorch model with standard torch.load
2026-05-30 20:56:36,109 | INFO | Detected PyTorch model parameter dtype: torch.float32
2026-05-30 20:56:36,227 | INFO | Using dummy input shape (1, 3, 224, 224), opset 17, dynamic batch axes: True
2026-05-30 20:56:38,083 | INFO | PyTorch ONNX export completed: converted\model.onnx
2026-05-30 20:56:38,165 | INFO | Detected Conv-heavy CNN architecture
2026-05-30 20:56:38,165 | INFO | Model statistics: params=25530472, initializers=108, nodes=122, size=97.4144 MB
2026-05-30 20:56:38,165 | WARNING | Huge-model rejection detected: estimated footprint 121.7621 MB
2026-05-30 20:56:38,165 | INFO | Selected static INT8 quantization for raspberry_pi deployment
2026-05-30 20:56:38,165 | INFO | Decision reason: Conv-heavy CPU deployment benefits from calibrated static INT8; dynamic INT8 mostly targets MatMul/Gemm weights.
2026-05-30 20:56:38,165 | INFO | Decision reason: Dynamic quantization unsuitable for Conv-heavy graph because it primarily optimizes MatMul/Gemm weights.
2026-05-30 20:56:38,165 | INFO | Decision reason: TFLite-family export is preferred for this hardware target.
2026-05-30 20:56:38,177 | INFO | Rejected optimization strategy: dynamic_int8
2026-05-30 20:56:38,177 | INFO | Rejected optimization strategy: fp16
2026-05-30 20:56:38,177 | INFO | Rejected optimization strategy: tensorrt
2026-05-30 20:56:38,180 | INFO | Optimization recommendation report written: reports\optimization_recommendation.json
2026-05-30 20:56:38,181 | INFO | Optimizing model for target: Raspberry Pi
2026-05-30 20:56:38,181 | INFO | Quantization strategy: static_int8
2026-05-30 20:56:38,183 | INFO | Final artifact path: output\resnet50_raspberry_pi_static_int8.onnx
2026-05-30 20:56:38,183 | INFO | Graph optimization disabled by hardware profile
2026-05-30 20:56:38,186 | INFO | Running ONNX Runtime static INT8 quantization: converted\model.onnx -> output\resnet50_raspberry_pi_static_int8.onnx
2026-05-30 20:56:38,262 | INFO | Detected FP32 graph before static quantization
2026-05-30 20:56:38,851 | INFO | Starting static INT8 quantization
2026-05-30 20:56:40,074 | WARNING | Please consider to run pre-processing before quantization. Refer to example: https://github.com/microsoft/onnxruntime-inference-examples/blob/main/quantization/image_classification/cpu/ReadMe.md 
2026-05-30 20:56:47,178 | INFO | Increased scale[181] for weight `onnx::Conv_506` by ratio 1.04207915390222 to ensure bias input `onnx::Conv_507` has a valid scale.
2026-05-30 20:56:47,195 | INFO | Increased scale[222] for weight `onnx::Conv_506` by ratio 1.0027700871220762 to ensure bias input `onnx::Conv_507` has a valid scale.
2026-05-30 20:56:47,195 | INFO | Increased scale[232] for weight `onnx::Conv_506` by ratio 3.0832887244124048 to ensure bias input `onnx::Conv_507` has a valid scale.
2026-05-30 20:56:47,196 | INFO | Increased scale[181] for weight `onnx::Conv_509` by ratio 1.5053166778131757 to ensure bias input `onnx::Conv_510` has a valid scale.
2026-05-30 20:56:47,196 | INFO | Increased scale[222] for weight `onnx::Conv_509` by ratio 2.1353279385532247 to ensure bias input `onnx::Conv_510` has a valid scale.
2026-05-30 20:56:47,196 | INFO | Increased scale[232] for weight `onnx::Conv_509` by ratio 5.494554706743643 to ensure bias input `onnx::Conv_510` has a valid scale.
2026-05-30 20:56:47,196 | INFO | Increased scale[2] for weight `onnx::Conv_512` by ratio 71.61578072070482 to ensure bias input `onnx::Conv_513` has a valid scale.
2026-05-30 20:56:48,093 | WARNING | Please consider pre-processing before quantization. See https://github.com/microsoft/onnxruntime-inference-examples/blob/main/quantization/image_classification/cpu/ReadMe.md 
2026-05-30 20:56:48,382 | INFO | Static INT8 quantization report written: reports\static_int8_quantization.json
2026-05-30 20:56:48,382 | INFO | Static INT8 quantization completed: quantized_ops=316, conv_quantized=53
2026-05-30 20:56:48,601 | INFO | Model size analysis report written: reports\model_size_analysis.json
2026-05-30 20:56:48,601 | INFO | Serialized ONNX metadata overhead for original: 0.0234 MB
2026-05-30 20:56:48,601 | WARNING | Detected duplicated initializers in optimized: 22 groups, 0.1075 MB
2026-05-30 20:56:48,601 | INFO | Serialized ONNX metadata overhead for optimized: 0.1283 MB
2026-05-30 20:56:48,601 | INFO | Benchmarking ONNX model latency: converted\model.onnx
2026-05-30 20:56:50,026 | INFO | Benchmark completed for converted\model.onnx: avg 20.7984 ms, throughput 48.08 infer/sec
2026-05-30 20:56:50,038 | INFO | Benchmarking ONNX model latency: output\resnet50_raspberry_pi_static_int8.onnx
2026-05-30 20:56:51,202 | INFO | Benchmark completed for output\resnet50_raspberry_pi_static_int8.onnx: avg 19.1595 ms, throughput 52.19 infer/sec
2026-05-30 20:56:51,208 | INFO | Benchmark statistics report written: reports\benchmark_statistics.json
2026-05-30 20:56:51,208 | INFO | Validating ONNX inference accuracy: converted\model.onnx vs output\resnet50_raspberry_pi_static_int8.onnx
2026-05-30 20:56:51,681 | INFO | Accuracy validation report written: reports\accuracy_validation.json
2026-05-30 20:56:51,681 | INFO | Accuracy validation completed: MAE 0.09232932, MSE 0.01688320, cosine 0.99113544
2026-05-30 20:56:51,715 | INFO | Artifact intermediate cleanup started: output
2026-05-30 20:56:51,716 | INFO | Preserving final artifact: output\optimization_stats.json
2026-05-30 20:56:51,716 | INFO | Preserving final artifact: output\resnet50_raspberry_pi_static_int8.onnx
2026-05-30 20:56:51,716 | INFO | STATIC_INT8 optimization completed: 97.41 MB -> 24.90 MB (74.44% compression)
2026-05-30 20:56:51,716 | INFO | Optimization pipeline completed
2026-05-30 20:56:51,717 | INFO | Validation report: {'model': 'output\\resnet50_raspberry_pi_static_int8.onnx', 'status': 'validated', 'latency_ms': 12.4, 'memory_mb': 48}
2026-05-30 20:56:51,717 | INFO | Generating final execution report: reports\final_execution_report.md
2026-05-30 20:56:51,745 | INFO | Optional report not found: reports\tflite_conversion.json
2026-05-30 20:56:51,758 | INFO | Final execution report written: reports\final_execution_report.md
2026-05-30 20:56:51,759 | INFO | Final execution report: reports\final_execution_report.md
2026-05-30 20:56:51,759 | INFO | Adaptive pipeline completed successfully
2026-05-30 21:14:09,704 | INFO | Starting adaptive ML deployment optimization pipeline
2026-05-30 21:14:09,711 | INFO | Artifact cleanup started: output
2026-05-30 21:14:09,711 | INFO | Preserving optimization stats: output\optimization_stats.json
2026-05-30 21:14:09,711 | INFO | Deleting intermediate artifact: output\resnet50_raspberry_pi_static_int8.onnx
2026-05-30 21:14:09,727 | INFO | Detected Unknown architecture
2026-05-30 21:14:09,727 | INFO | Model statistics: params=0, initializers=0, nodes=0, size=97.8175 MB
2026-05-30 21:14:09,728 | WARNING | Huge-model rejection detected: estimated footprint 122.2719 MB
2026-05-30 21:14:09,728 | INFO | Selected graph optimization strategy
2026-05-30 21:14:09,729 | INFO | Decision reason: No specific architecture/hardware rule matched; preserve ONNX graph optimization and reporting.
2026-05-30 21:14:09,729 | INFO | Detected framework: pytorch
2026-05-30 21:14:09,731 | INFO | Structured pruning disabled for PyTorch export
2026-05-30 21:14:09,731 | INFO | Exporting PyTorch model to ONNX: input\resnet50.pt -> converted\model.onnx
2026-05-30 21:14:11,076 | INFO | Loaded PyTorch model with standard torch.load
2026-05-30 21:14:11,076 | INFO | Detected PyTorch model parameter dtype: torch.float32
2026-05-30 21:14:11,261 | INFO | Using dummy input shape (1, 3, 224, 224), opset 17, dynamic batch axes: True
2026-05-30 21:14:13,232 | INFO | PyTorch ONNX export completed: converted\model.onnx
2026-05-30 21:14:13,320 | INFO | Detected Conv-heavy CNN architecture
2026-05-30 21:14:13,320 | INFO | Model statistics: params=25530472, initializers=108, nodes=122, size=97.4144 MB
2026-05-30 21:14:13,320 | WARNING | Huge-model rejection detected: estimated footprint 121.7621 MB
2026-05-30 21:14:13,324 | INFO | Selected static INT8 quantization for raspberry_pi deployment
2026-05-30 21:14:13,324 | INFO | Decision reason: Conv-heavy CPU deployment benefits from calibrated static INT8; dynamic INT8 mostly targets MatMul/Gemm weights.
2026-05-30 21:14:13,324 | INFO | Decision reason: Dynamic quantization unsuitable for Conv-heavy graph because it primarily optimizes MatMul/Gemm weights.
2026-05-30 21:14:13,324 | INFO | Decision reason: TFLite-family export is preferred for this hardware target.
2026-05-30 21:14:13,324 | INFO | Rejected optimization strategy: dynamic_int8
2026-05-30 21:14:13,324 | INFO | Rejected optimization strategy: fp16
2026-05-30 21:14:13,324 | INFO | Rejected optimization strategy: tensorrt
2026-05-30 21:14:13,334 | INFO | Optimization recommendation report written: reports\optimization_recommendation.json
2026-05-30 21:14:13,336 | INFO | Optimizing model for target: Raspberry Pi
2026-05-30 21:14:13,337 | INFO | Quantization strategy: static_int8
2026-05-30 21:14:13,339 | INFO | Final artifact path: output\resnet50_raspberry_pi_static_int8.onnx
2026-05-30 21:14:13,340 | INFO | Graph optimization disabled by hardware profile
2026-05-30 21:14:13,344 | INFO | Running ONNX Runtime static INT8 quantization: converted\model.onnx -> output\resnet50_raspberry_pi_static_int8.onnx
2026-05-30 21:14:13,510 | INFO | Detected FP32 graph before static quantization
2026-05-30 21:14:14,217 | INFO | Starting static INT8 quantization
2026-05-30 21:14:15,588 | WARNING | Please consider to run pre-processing before quantization. Refer to example: https://github.com/microsoft/onnxruntime-inference-examples/blob/main/quantization/image_classification/cpu/ReadMe.md 
2026-05-30 21:14:23,020 | INFO | Increased scale[181] for weight `onnx::Conv_506` by ratio 1.04207915390222 to ensure bias input `onnx::Conv_507` has a valid scale.
2026-05-30 21:14:23,020 | INFO | Increased scale[222] for weight `onnx::Conv_506` by ratio 1.0027700871220762 to ensure bias input `onnx::Conv_507` has a valid scale.
2026-05-30 21:14:23,020 | INFO | Increased scale[232] for weight `onnx::Conv_506` by ratio 3.0832887244124048 to ensure bias input `onnx::Conv_507` has a valid scale.
2026-05-30 21:14:23,020 | INFO | Increased scale[181] for weight `onnx::Conv_509` by ratio 1.5053166778131757 to ensure bias input `onnx::Conv_510` has a valid scale.
2026-05-30 21:14:23,020 | INFO | Increased scale[222] for weight `onnx::Conv_509` by ratio 2.1353279385532247 to ensure bias input `onnx::Conv_510` has a valid scale.
2026-05-30 21:14:23,020 | INFO | Increased scale[232] for weight `onnx::Conv_509` by ratio 5.494554706743643 to ensure bias input `onnx::Conv_510` has a valid scale.
2026-05-30 21:14:23,020 | INFO | Increased scale[2] for weight `onnx::Conv_512` by ratio 71.61578072070482 to ensure bias input `onnx::Conv_513` has a valid scale.
2026-05-30 21:14:23,945 | WARNING | Please consider pre-processing before quantization. See https://github.com/microsoft/onnxruntime-inference-examples/blob/main/quantization/image_classification/cpu/ReadMe.md 
2026-05-30 21:14:24,253 | INFO | Static INT8 quantization report written: reports\static_int8_quantization.json
2026-05-30 21:14:24,253 | INFO | Static INT8 quantization completed: quantized_ops=316, conv_quantized=53
2026-05-30 21:14:24,492 | INFO | Model size analysis report written: reports\model_size_analysis.json
2026-05-30 21:14:24,492 | INFO | Serialized ONNX metadata overhead for original: 0.0234 MB
2026-05-30 21:14:24,492 | WARNING | Detected duplicated initializers in optimized: 22 groups, 0.1075 MB
2026-05-30 21:14:24,492 | INFO | Serialized ONNX metadata overhead for optimized: 0.1283 MB
2026-05-30 21:14:24,492 | INFO | Benchmarking ONNX model latency: converted\model.onnx
2026-05-30 21:14:26,091 | INFO | Benchmark completed for converted\model.onnx: avg 24.4716 ms, throughput 40.86 infer/sec
2026-05-30 21:14:26,107 | INFO | Benchmarking ONNX model latency: output\resnet50_raspberry_pi_static_int8.onnx
2026-05-30 21:14:27,582 | INFO | Benchmark completed for output\resnet50_raspberry_pi_static_int8.onnx: avg 24.6287 ms, throughput 40.60 infer/sec
2026-05-30 21:14:27,590 | INFO | Benchmark statistics report written: reports\benchmark_statistics.json
2026-05-30 21:14:27,590 | INFO | Validating ONNX inference accuracy: converted\model.onnx vs output\resnet50_raspberry_pi_static_int8.onnx
2026-05-30 21:14:28,044 | INFO | Accuracy validation report written: reports\accuracy_validation.json
2026-05-30 21:14:28,045 | INFO | Accuracy validation completed: MAE 0.07472751, MSE 0.01021387, cosine 0.99454231
2026-05-30 21:14:28,077 | INFO | Artifact intermediate cleanup started: output
2026-05-30 21:14:28,080 | INFO | Preserving final artifact: output\optimization_stats.json
2026-05-30 21:14:28,080 | INFO | Preserving final artifact: output\resnet50_raspberry_pi_static_int8.onnx
2026-05-30 21:14:28,080 | INFO | STATIC_INT8 optimization completed: 97.41 MB -> 24.90 MB (74.44% compression)
2026-05-30 21:14:28,080 | INFO | Optimization pipeline completed
2026-05-30 21:14:28,080 | INFO | Validation report: {'model': 'output\\resnet50_raspberry_pi_static_int8.onnx', 'status': 'validated', 'latency_ms': 12.4, 'memory_mb': 48}
2026-05-30 21:14:28,080 | INFO | Generating final execution report: reports\final_execution_report.md
2026-05-30 21:14:28,108 | INFO | Optional report not found: reports\tflite_conversion.json
2026-05-30 21:14:28,124 | INFO | Final execution report written: reports\final_execution_report.md
2026-05-30 21:14:28,124 | INFO | Final execution report: reports\final_execution_report.md
2026-05-30 21:14:28,124 | INFO | Adaptive pipeline completed successfully
2026-05-30 21:21:22,367 | INFO | Starting adaptive ML deployment optimization pipeline
2026-05-30 21:21:22,367 | INFO | Artifact cleanup started: output
2026-05-30 21:21:22,367 | INFO | Preserving optimization stats: output\optimization_stats.json
2026-05-30 21:21:22,367 | INFO | Deleting intermediate artifact: output\resnet50_raspberry_pi_static_int8.onnx
2026-05-30 21:21:22,464 | INFO | Detected Conv-heavy CNN architecture
2026-05-30 21:21:22,464 | INFO | Model statistics: params=25530472, initializers=108, nodes=122, size=97.4144 MB
2026-05-30 21:21:22,464 | WARNING | Huge-model rejection detected: estimated footprint 121.7621 MB
2026-05-30 21:21:22,464 | INFO | Selected static INT8 quantization for raspberry_pi deployment
2026-05-30 21:21:22,464 | INFO | Decision reason: Conv-heavy CPU deployment benefits from calibrated static INT8; dynamic INT8 mostly targets MatMul/Gemm weights.
2026-05-30 21:21:22,464 | INFO | Decision reason: Dynamic quantization unsuitable for Conv-heavy graph because it primarily optimizes MatMul/Gemm weights.
2026-05-30 21:21:22,464 | INFO | Decision reason: TFLite-family export is preferred for this hardware target.
2026-05-30 21:21:22,464 | INFO | Rejected optimization strategy: dynamic_int8
2026-05-30 21:21:22,464 | INFO | Rejected optimization strategy: fp16
2026-05-30 21:21:22,479 | INFO | Rejected optimization strategy: tensorrt
2026-05-30 21:21:22,479 | INFO | Detected framework: onnx
2026-05-30 21:21:22,555 | INFO | Copied existing ONNX model: model.onnx
2026-05-30 21:21:22,650 | INFO | Detected Conv-heavy CNN architecture
2026-05-30 21:21:22,650 | INFO | Model statistics: params=25530472, initializers=108, nodes=122, size=97.4144 MB
2026-05-30 21:21:22,650 | WARNING | Huge-model rejection detected: estimated footprint 121.7621 MB
2026-05-30 21:21:22,669 | INFO | Selected static INT8 quantization for raspberry_pi deployment
2026-05-30 21:21:22,670 | INFO | Decision reason: Conv-heavy CPU deployment benefits from calibrated static INT8; dynamic INT8 mostly targets MatMul/Gemm weights.
2026-05-30 21:21:22,670 | INFO | Decision reason: Dynamic quantization unsuitable for Conv-heavy graph because it primarily optimizes MatMul/Gemm weights.
2026-05-30 21:21:22,670 | INFO | Decision reason: TFLite-family export is preferred for this hardware target.
2026-05-30 21:21:22,671 | INFO | Rejected optimization strategy: dynamic_int8
2026-05-30 21:21:22,671 | INFO | Rejected optimization strategy: fp16
2026-05-30 21:21:22,671 | INFO | Rejected optimization strategy: tensorrt
2026-05-30 21:21:22,673 | INFO | Optimization recommendation report written: reports\optimization_recommendation.json
2026-05-30 21:21:22,673 | INFO | Optimizing model for target: Raspberry Pi
2026-05-30 21:21:22,674 | INFO | Quantization strategy: static_int8
2026-05-30 21:21:22,675 | INFO | Final artifact path: output\model_raspberry_pi_static_int8.onnx
2026-05-30 21:21:22,675 | INFO | Graph optimization disabled by hardware profile
2026-05-30 21:21:22,678 | INFO | Running ONNX Runtime static INT8 quantization: converted\model.onnx -> output\model_raspberry_pi_static_int8.onnx
2026-05-30 21:21:22,763 | INFO | Detected FP32 graph before static quantization
2026-05-30 21:21:23,446 | INFO | Starting static INT8 quantization
2026-05-30 21:21:24,854 | WARNING | Please consider to run pre-processing before quantization. Refer to example: https://github.com/microsoft/onnxruntime-inference-examples/blob/main/quantization/image_classification/cpu/ReadMe.md 
2026-05-30 21:21:31,895 | INFO | Increased scale[181] for weight `onnx::Conv_506` by ratio 1.04207915390222 to ensure bias input `onnx::Conv_507` has a valid scale.
2026-05-30 21:21:31,895 | INFO | Increased scale[222] for weight `onnx::Conv_506` by ratio 1.0027700871220762 to ensure bias input `onnx::Conv_507` has a valid scale.
2026-05-30 21:21:31,895 | INFO | Increased scale[232] for weight `onnx::Conv_506` by ratio 3.0832887244124048 to ensure bias input `onnx::Conv_507` has a valid scale.
2026-05-30 21:21:31,895 | INFO | Increased scale[181] for weight `onnx::Conv_509` by ratio 1.5053166778131757 to ensure bias input `onnx::Conv_510` has a valid scale.
2026-05-30 21:21:31,895 | INFO | Increased scale[222] for weight `onnx::Conv_509` by ratio 2.1353279385532247 to ensure bias input `onnx::Conv_510` has a valid scale.
2026-05-30 21:21:31,895 | INFO | Increased scale[232] for weight `onnx::Conv_509` by ratio 5.494554706743643 to ensure bias input `onnx::Conv_510` has a valid scale.
2026-05-30 21:21:31,895 | INFO | Increased scale[2] for weight `onnx::Conv_512` by ratio 71.61578072070482 to ensure bias input `onnx::Conv_513` has a valid scale.
2026-05-30 21:21:32,783 | WARNING | Please consider pre-processing before quantization. See https://github.com/microsoft/onnxruntime-inference-examples/blob/main/quantization/image_classification/cpu/ReadMe.md 
2026-05-30 21:21:33,052 | INFO | Static INT8 quantization report written: reports\static_int8_quantization.json
2026-05-30 21:21:33,052 | INFO | Static INT8 quantization completed: quantized_ops=316, conv_quantized=53
2026-05-30 21:21:33,273 | INFO | Model size analysis report written: reports\model_size_analysis.json
2026-05-30 21:21:33,273 | INFO | Serialized ONNX metadata overhead for original: 0.0234 MB
2026-05-30 21:21:33,273 | WARNING | Detected duplicated initializers in optimized: 22 groups, 0.1075 MB
2026-05-30 21:21:33,286 | INFO | Serialized ONNX metadata overhead for optimized: 0.1283 MB
2026-05-30 21:21:33,286 | INFO | Benchmarking ONNX model latency: converted\model.onnx
2026-05-30 21:21:34,779 | INFO | Benchmark completed for converted\model.onnx: avg 22.3875 ms, throughput 44.67 infer/sec
2026-05-30 21:21:34,795 | INFO | Benchmarking ONNX model latency: output\model_raspberry_pi_static_int8.onnx
2026-05-30 21:21:35,964 | INFO | Benchmark completed for output\model_raspberry_pi_static_int8.onnx: avg 18.9529 ms, throughput 52.76 infer/sec
2026-05-30 21:21:35,966 | INFO | Benchmark statistics report written: reports\benchmark_statistics.json
2026-05-30 21:21:35,966 | INFO | Validating ONNX inference accuracy: converted\model.onnx vs output\model_raspberry_pi_static_int8.onnx
2026-05-30 21:21:36,381 | INFO | Accuracy validation report written: reports\accuracy_validation.json
2026-05-30 21:21:36,381 | INFO | Accuracy validation completed: MAE 0.09208252, MSE 0.01583040, cosine 0.99367703
2026-05-30 21:21:36,409 | INFO | Artifact intermediate cleanup started: output
2026-05-30 21:21:36,409 | INFO | Preserving final artifact: output\model_raspberry_pi_static_int8.onnx
2026-05-30 21:21:36,409 | INFO | Preserving final artifact: output\optimization_stats.json
2026-05-30 21:21:36,409 | INFO | STATIC_INT8 optimization completed: 97.41 MB -> 24.90 MB (74.44% compression)
2026-05-30 21:21:36,409 | INFO | Optimization pipeline completed
2026-05-30 21:21:36,409 | INFO | Validation report: {'model': 'output\\model_raspberry_pi_static_int8.onnx', 'status': 'validated', 'latency_ms': 12.4, 'memory_mb': 48}
2026-05-30 21:21:36,409 | INFO | Generating final execution report: reports\final_execution_report.md
2026-05-30 21:21:36,443 | INFO | Optional report not found: reports\tflite_conversion.json
2026-05-30 21:21:36,453 | INFO | Final execution report written: reports\final_execution_report.md
2026-05-30 21:21:36,454 | INFO | Final execution report: reports\final_execution_report.md
2026-05-30 21:21:36,454 | INFO | Adaptive pipeline completed successfully
2026-06-01 08:46:19,896 | INFO | Optimization selection: auto
2026-06-01 08:46:19,896 | INFO | Optimization override requested: fp16
